Date,CRUDE_OIL_Price,CPI,DJIA_Price,GEPU_current,GOLD_Price,GPR,IPI,M2,NASDAQ_Price,SP500_Price,OIIR,US_EPU,USD_VND_Price,VIX_Price,VNI_Close price,VNI_Open price,VNI_High price,VNI_Low price,VNI_Volume,OFR FSI,Emerging markets,SMA_10,WMA_10,Momentum_10,Stoch_K,Stoch_D,RSI_14,MACD,Williams_%R,AD_Oscillator,CCI_20,T_spread_US,T_spread_VN,Inflation
7/2/2024,81.91,0.4804129796020427,39331.85,224.09158742641748,2333.4,99.30406536192378,0.7072994070426707,19602352.73855164,18028.76,5509.01,4.76,145.3872780399045,25450,12.03,1269.79,1254.56,1270.47,1254.56,528470,-2.103,-0.175,1281.715,1280.297090909091,-11.39,35.09216589861748,55.96671029205147,51.76455422186695,8.469407674642753,-64.9078341,-3396400.798,-11.3626973,-0.281,0.8560000000000003,0.5054693146828105
7/3/2024,83.02,0.3191117712706496,39308,207.89271567790308,2369.4,98.01945444426114,0.6790653197421204,14524946.28109239,18188.3,5537.02,4.76,147.58330991608983,25450,12.09,1276.85,1269.79,1278.14,1268.23,589510,-2.173,-0.177,1282.8539999999998,1282.6723636363638,8.189999999999827,60.124669437098405,71.33190309,55.76667323765817,9.718867074281889,-39.87533056,-3879696.744,29.616299427343662,-0.237,0.8560000000000003,-0.487506621
7/4/2024,83.94,0.6226651586705607,39308,252.85987814649877,2364.6,74.02889552,0.5764470217046437,13137880.27000245,18188.3,5537.02,4.76,139.84061965705777,25450,12.26,1279.89,1276.85,1283.13,1274.58,523460.00000000006,-2.201,-0.18,1282.035,1283.615090909091,5.4500000000000455,72.68329554043854,78.57147971803539,57.54558213895616,10.453429914195569,-27.31670446,-4315731.89,50.50527297220923,-0.245,0.8560000000000003,1.2204047964609317
7/5/2024,82.26,0.280428668,39375.87,250.7132390918361,2397.7,110.1263489968878,0.680038079,16348443.783441914,18352.76,5567.19,4.76,146.35730079355142,25412,12.48,1283.04,1279.89,1284.98,1276.93,616500,-2.235,-0.176,1281.49,1283.906,18.25999999999999,81.18774429454031,85.89080822090523,59.36772171314369,10.929422049297044,-18.81225571,-4442464.311,63.90592069388912,-0.135,0.8560000000000003,-0.367808416
7/8/2024,81.52,0.4435817789693463,39344.79,219.52969735183905,2363.5,89.63080305099481,0.7102640523390025,17436483.93720016,18403.74,5572.85,4.76,139.60759264275407,25415,12.37,1283.56,1283.04,1287.14,1277.68,766900,-2.298,-0.183,1279.6640000000002,1283.2921818181817,28.919999999999845,81.84339931912734,87.10965409994532,59.65728348996142,11.057260417382397,-18.15660068,-4761818.969,73.94467735853166,-0.164,0.8560000000000003,2.4837861766947973
7/9/2024,80.56,0.1273274984374011,39291.97,198.4011042250119,2367.9,101.4294204,0.811658592,15171961.140305094,18429.29,5576.98,4.76,128.84902538284118,25413,12.51,1293.71,1283.56,1294.15,1283.56,821810,-2.295,-0.186,1276.7720000000002,1282.0580000000002,61.90000000000009,94.64128104904805,88.91204405057591,65.44263341669242,11.00665033,-5.358718951,-4948274.572,105.56854364960074,-0.155,0.8560000000000003,-0.765997079
7/10/2024,81.07,0.5441278154999996,39721.36,259.0834848171668,2379.7,92.45022569559406,0.7168258794404222,17743424.315038774,18647.45,5633.91,4.76,146.28947111484078,25415,12.85,1285.94,1293.71,1297.96,1285.94,751000,-2.266,-0.187,1270.582,1277.852909090909,47.47000000000003,84.84428193166059,85.79120689049314,62.88406612200057,9.748502173673842,-15.15571807,-5701794.411,115.12449056892676,-0.153,0.8560000000000003,0.023983174
7/11/2024,81.38,0.5313835511398343,39753.75,204.01459610382437,2421.9,85.45419553696811,0.6310500328150785,14180660.746882536,18283.41,5584.54,4.76,147.14719060119415,25423,12.92,1283.8,1285.94,1293.32,1283.8,697230,-2.314,-0.192,1265.835,1274.1974545454543,50.61,87.25056917101915,85.51032887958253,62.16771348256409,8.791978497304171,-12.74943083,-4950794.411,120.28635080389064,-0.044,0.8560000000000003,2.171213720997914
7/12/2024,81.02,0.1675647237590215,40000.9,214.12374113436752,2420.7,89.13425319377188,0.653098823,18785654.40868266,18398.45,5615.35,4.76,154.20805035638148,25410,12.46,1280.75,1283.8,1288.67,1277.16,606310,-2.291,-0.187,1260.774,1270.010909090909,38.64,85.27876956879973,85.56185274220081,61.176042375555255,7.661114044958595,-14.72123043,-4253564.411,120.92021291687908,0.013,0.8570000000000002,-0.721610989
7/15/2024,80.84,0.6019085418845751,40211.72,261.90693367427275,2428.9,90.71344999597976,0.5989893215477431,15390012.11046712,18472.57,5631.22,4.76,149.5632765678041,25360,13.12,1279.82,1280.75,1286.37,1276.27,573510,-2.249,-0.189,1256.91,1265.6763636363637,33.22000000000003,84.00164789892872,83.53429088,60.885748064860245,6.416830849,-15.9983521,-4025473.855,133.1829217561447,0.011,0.8570000000000002,0.1735432741919346
7/16/2024,79.71,0.5128984632450223,40954.48,302.10616866164645,2467.8,92.15474010842136,0.782440252,19196249.102934018,18509.34,5667.2,4.76,144.90951129381415,25375,13.19,1281.18,1279.82,1291.47,1279.37,684260,-2.214,-0.179,1253.5880000000002,1260.906909090909,36.12000000000012,87.40514075887398,86.94554327380892,61.51028443080863,4.830028211460331,-12.59485924,-3855124.35,166.13463467136444,0.05,0.8570000000000002,0.1505100271684637
7/17/2024,81.44,0.4458009501293299,41198.08,238.93213629244104,2459.9,93.57548347378464,0.6669962311074957,14039205.825521598,17996.93,5588.27,4.76,125.59344489186532,25315,14.48,1268.66,1281.18,1290.76,1256.42,1230000,-2.124,-0.172,1249.976,1255.2334545454546,17.15000000000009,79.19608396874715,85.84738976158388,57.81095957701482,2.595963344042275,-20.80391603,-3375576.846,148.64313440528403,0.033,0.8570000000000002,-0.232803324
7/18/2024,81.3,0.5810777912111973,40665.02,242.79421622662628,2456.4,90.96917154069438,0.67845907,18278769.185201515,17871.22,5544.59,4.76,143.3539118948894,25310,15.93,1274.44,1268.66,1274.67,1256.21,739040,-2.031,-0.177,1248.261,1251.5245454545454,47.48000000000002,94.23540509380568,87.63928617891747,60.29523406900183,0.9814883555338838,-5.764594906,-3022408.529,160.48127790790917,0,0.8570000000000002,-0.04102451
7/19/2024,78.64,0.6059360196053527,40287.53,253.28448490143057,2399.1,81.32064425795816,0.5179591426163762,17377503.224147413,17726.94,5505,4.76,150.86227112659915,25315,16.52,1264.78,1274.44,1279.94,1260.68,791800,-1.932,-0.176,1243.513,1245.9014545454545,28.180000000000064,84.11068022219887,77.46451453084075,57.458162783977926,-1.681954097,-15.88931978,-3743032.581,190.7047509041285,-0.046,0.8570000000000002,0.017497909
7/22/2024,78.4,0.5955157391277544,40415.44,226.9872280130165,2394.7,103.99592468161526,0.7682624093366613,20402870.148540474,18007.57,5564.41,4.76,173.46997920684083,25325,14.91,1254.64,1264.78,1267.43,1245.02,923630,-2.028,-0.176,1240.695,1241.5223636363637,66.57000000000016,84.57177322074794,73.95026160352846,54.27343488401374,-4.073446767,-15.42822678,-3288343.693,143.73557849346912,-0.05,0.8570000000000002,0.2722219040354006
7/23/2024,75.92,0.4680910910579509,40358.09,257.8357309459735,2407.3,90.42322725646274,0.6320886656373436,16467393.64662398,17997.35,5555.74,4.76,162.6469103101042,25355,14.72,1231.81,1254.64,1258.74,1231.81,728380,-2.087,-0.179,1234.038,1237.7765454545454,21.529999999999973,63.71109014957546,67.88187456704352,45.78891055495852,-6.03417455,-36.28890985,-3157691.881,56.75921724253559,-0.025,0.8570000000000002,-0.062055267
7/24/2024,76.58,0.4990604184345917,39853.87,216.52241066561783,2415.7,83.27780320191435,0.567995902,16990151.55059745,17342.41,5427.13,4.76,142.4449415588688,25350,18.04,1238.47,1231.81,1242.4,1218.65,740260,-1.836,-0.178,1231.885,1237.7901818181815,22.58999999999992,73.56792144,72.82233133296972,48.212166001612815,-6.12449729,-26.43207856,-2429311.881,5.027466268385523,0.038,0.8530000000000002,-0.129727145
7/25/2024,77.11,0.5734528151636054,39935.07,193.64349009239828,2353.5,94.67210961523747,0.6421088459675223,15384083.873053282,17181.72,5399.22,4.76,129.79024326611002,25285,18.46,1233.19,1238.47,1238.47,1226.2,484410,-1.637,-0.168,1229.6259999999995,1236.1821818181818,24.87000000000012,66.36661211129314,76.51845790143666,46.112742882661486,-6.828807445,-33.63338789,-2924584.782,-7.891382867,0.036,0.8530000000000002,1.947969135759708
7/26/2024,76,0.1945247011603543,40589.34,206.08659958890303,2381,99.77028586417588,0.673346168,16692433.701654335,17357.88,5459.1,4.76,167.0517027372595,25300,16.39,1242.11,1233.19,1242.11,1233.19,458790,-1.753,-0.16,1227.139,1235.082,18.47,78.53246044735404,81.91489361702126,49.24440863616879,-7.090835208,-21.46753955,-2992094.244,7.722329213185948,0.084,0.8490000000000002,-0.493759024
7/29/2024,74.8,0.3842531725321829,40539.93,233.7855952440706,2377.8,96.86892367261686,0.7365302923240887,17712686.15292271,17370.2,5463.54,4.76,109.44576727447205,25275,16.6,1246.6,1242.11,1249.68,1242.11,496870,-1.723,-0.163,1225.292,1232.024181818182,16.319999999999936,84.65630114566284,83.88854369,50.85883276298375,-8.230356676,-15.34369885,-3450884.244,22.36731765,0.069,0.8490000000000002,0.3161385484979324
7/30/2024,73.88,0.2919549563917256,40743.33,218.7164827422051,2417.6,102.71986645939955,0.8491531726391532,16802559.97979967,17147.42,5436.44,4.76,124.06014491586411,25275,17.69,1245.06,1246.6,1248.73,1236.97,653070,-1.632,-0.156,1223.66,1227.8532727272727,14.639999999999873,82.55591925804696,71.14049785513042,50.34032618324011,-10.0222498,-17.44408074,-3543432.025,7.403779389404823,0.1100000000000003,0.8490000000000002,-0.357410022
7/31/2024,76.84,0.4543409736584798,40842.79,234.3191532228456,2438.5,106.48759514390191,0.7957537885950836,16018276.101552635,17599.4,5522.3,4.76,141.43483466776803,25235,16.36,1251.51,1245.06,1255.77,1245.06,748850,-1.749,-0.153,1222.196,1223.696181818182,21.15000000000009,84.45341066700298,61.0622386,52.49448021540231,-12.00677884,-15.54658933,-3788888.606,21.47368440097932,0.2110000000000003,0.8490000000000002,1.728257429100378
8/1/2024,75.4,0.1665315628988483,40347.97,216.9247074,2445.9,133.7854475253108,2.215415624,17284337.024089776,17194.14,5446.68,4.76,142.5804252890143,25215,18.59,1226.96,1251.51,1257.85,1222.51,897260,-1.506,-0.144,1220.081,1217.9818181818182,3.400000000000091,46.41216364034131,34.04691843571314,44.02947550687493,-15.02184276,-53.58783636,-3942014.797,-21.78796217,0.3150000000000004,0.8450000000000002,-0.650319565
8/2/2024,72.59,0.4762392923288183,39737.26,270.0790045507991,2436.2,154.5530649333825,1.892139931487541,17956566.077992864,16776.16,5346.56,4.76,152.4057324173769,25205,23.39,1236.6,1226.96,1236.6,1209.77,696660,-0.588,-0.105,1219.741,1216.6692727272723,-15.63,52.32114147909962,26.29321794,47.08892101977578,-16.15202482,-47.67885852,-3270720.105,-45.29395539,0.597,0.8460000000000001,1.7729650304876188
8/5/2024,72.2,0.1717437064992748,38703.27,231.17638405154835,2411.8,146.38977348785122,1.958302306697937,14344893.018336795,16200.08,5186.33,4.76,142.32884442394925,25080,38.57,1188.07,1236.6,1236.6,1184.53,1040000,1.913,-0.074,1221.304,1213.8881818181817,-73.55,3.407450187698489,13.898169567245992,21.633677844405312,-18.34113683,-96.59254981,-3967380.105,-106.7913774,0.569,0.8450000000000002,-0.639375185
8/6/2024,72.34,0.4762392923288183,38997.66,194.92588763935183,2398.9,131.15265049480405,1.786992255985734,16698531.480491878,16366.86,5240.03,4.76,138.18066215201614,25130,27.71,1210.28,1188.07,1213.35,1186.74,688840,0.478,-0.098,1228.659,1221.268,-62.27,23.15106216,14.93981196323603,27.193313728286935,-15.92722326,-76.84893784,-3068789.746,-119.3325027,0.48,0.8460000000000001,2.8292768062163303
8/7/2024,74.17,0.124367946,38763.45,250.75722437653295,2400,146.20816097091404,2.339757349191989,17461753.90846867,16195.81,5199.5,4.76,164.07547955846255,25155,27.85,1215.88,1210.28,1217.79,1205.11,623850,0.087,-0.118,1234.886,1225.7418181818182,-68.17,15.13599636,13.44057605733714,28.934250563471096,-14.87590487,-84.86400364,-3598686.582,-113.6731032,0.488,0.8460000000000001,-0.401190941
8/8/2024,75.04,0.2076921591308248,39446.49,179.20679666497776,2430.3,127.13097145637175,1.7320163878639876,14634681.200818636,16660.02,5319.31,4.76,151.6846046958898,25135,23.79,1208.32,1215.88,1219.97,1202.58,758830,-0.038,-0.123,1241.703,1230.436909090909,-74.46,6.532377375668603,12.782601420960477,22.733236947959952,-13.88784534,-93.46762262,-4034594.389,-138.8511819,0.4350000000000005,0.8450000000000002,-0.563891173
8/9/2024,75.61,0.4762392923288183,39497.54,235.23234672220332,2439.8,152.03708123795457,1.7801855167379412,18429511.55021611,16745.3,5344.16,4.76,134.5137838432635,25090,20.37,1223.64,1208.32,1225.02,1208.32,586760,-0.31,-0.128,1249.149,1237.8603636363637,-61.68,18.653354438086136,14.585387760507103,27.19914630545364,-11.65497159,-81.34664556,-3776705.643,-140.0847258,0.4139999999999997,0.8460000000000001,0
8/12/2024,78.46,0.4762392923288183,39357.01,240.7348928374928,2469.9,143.88078801743194,2.3911015879165927,19096646.98264868,16780.61,5344.39,4.76,140.80592064013533,25120,20.71,1230.28,1223.64,1231.46,1221.16,551150,-0.317,-0.123,1255.317,1243.619818181818,-49.74,13.162072449126708,12.31850999,29.534209318723555,-10.19534043,-86.83792755,-4266492.134,-140.9134078,0.4500000000000002,0.8460000000000001,0.9626931901359737
8/13/2024,76.8,0.2426458168410035,39765.64,228.9694091861633,2473.9,149.53958710740957,2.0460139432196454,15168189.542562436,17187.61,5434.43,4.76,148.71296913609334,25115,18.12,1230.42,1229.81,1231.55,1223.01,539120,-0.789,-0.121,1260.291,1249.0763636363636,-50.14,11.94073639430848,8.557038776,29.583934289181784,-8.860097154,-88.05926361,-4691359.221,-172.6927216,0.5350000000000001,0.8460000000000001,-0.490496016
8/14/2024,75.84,0.4762392923288183,40008.39,281.59429573452934,2446.2,147.8394032305734,1.8963558910678904,18015610.837193538,17192.6,5455.21,4.76,138.12565642617977,25020,16.19,1230.36,1230.42,1236.51,1228.93,507180,-1.132,-0.129,1265.3049999999998,1255.419090909091,-51.08,11.852721138330525,18.863931398247686,29.53672248941412,-7.041221598,-88.14727886,-5087808.121,-201.2392353,0.5110000000000001,0.8460000000000001,3.247496283001014
8/15/2024,76.99,0.1121223564655688,40563.06,186.6147055559425,2458.6,150.53684487293938,2.226091849545613,15780630.514831657,17594.5,5543.22,4.76,140.01599672393326,25035,15.23,1223.56,1230.36,1231.69,1222.28,497060,-1.498,-0.146,1270.413,1262.7014545454545,-57.91,1.877658794190951,23.102453970138445,24.187474351864296,-4.611148121,-98.12234121,-4771991.551,-276.6811527,0.3680000000000003,0.8460000000000001,-0.663527263
8/16/2024,75.54,0.3332286514713657,40659.76,236.7851495019513,2503.6,134.65289751380408,1.755630365545031,12966546.805163516,17631.72,5554.25,4.76,160.19930443246972,25050,14.8,1252.23,1223.56,1253.24,1223.56,965060,-1.573,-0.148,1276.2040000000002,1272.273090909091,-31.64,42.86141426,35.11386681513179,34.41638055577056,-0.750055818,-57.13858574,-4410157.226,-211.9961772,0.4169999999999998,0.8460000000000001,-0.300291562
8/19/2024,73.66,0.4762392923288183,40896.53,261.38233850041365,2506.8,140.87970469534386,1.7815654458940489,14878268.11918395,17876.77,5608.25,4.76,151.05238251774313,24960,14.65,1261.62,1252.23,1263.84,1252.23,698630,-1.472,-0.155,1279.368,1277.2072727272723,-22.25,24.568288854002788,46.40530621469892,39.49618560582611,1.2698846239370596,-75.43171115,-5309535.918,-115.5951179,0.399,0.8460000000000001,18.614242504525823
8/20/2024,73.17,0.02428028,40834.97,272.4928842052298,2516.1,126.84650215698038,2.035938663830355,15390584.855039876,17816.94,5597.12,4.76,137.33371793703188,24915,15.88,1272.55,1261.62,1275.95,1261.62,810160,-1.414,-0.15,1281.593,1280.8387272727273,-11.32,37.91189732917102,62.255619720410486,46.99316736679316,2.873519375149272,-62.08810267,-5740989.588,-30.69767996,0.4769999999999998,0.8460000000000001,0.9428241406487108
8/21/2024,71.3,0.012497415,40890.49,240.00584173523464,2512.8,142.21840819615124,2.118298686,18595717.498813905,17918.99,5620.85,4.76,143.53867321483906,24930,16.27,1284.05,1272.55,1284.05,1268.91,836420,-1.43,-0.149,1282.725,1282.6887272727272,0.1800000000000636,76.73573246092296,78.47872692335565,57.69210571196473,3.765671084876203,-23.26426754,-6166705.205,36.47042683800763,0.5380000000000003,0.8460000000000001,-0.875643104
8/22/2024,72.28,0.1004963569475117,40712.78,255.49607256432017,2482.1,131.03228695225926,1.821242309491701,14203494.753476728,17619.35,5570.64,4.76,157.61214026738318,24960,17.55,1282.78,1284.05,1288.42,1280.42,687370,-1.402,-0.156,1282.707,1282.4445454545453,6.980000000000018,72.11922937,78.61923251420289,56.68074007691583,3.678698596783761,-27.88077063,-7003125.205,68.76592131333051,0.4569999999999998,0.8580000000000001,-0.788979283
8/23/2024,73.93,0.4762392923288183,41175.08,242.45322904260905,2511.2,152.3504770028107,1.5208160308661387,18759424.004944075,17877.79,5634.61,4.76,137.9347506929437,24965,15.86,1285.32,1282.78,1287.43,1276.43,724870,-1.521,-0.148,1282.009,1282.3043636363636,17.11,86.58121893800651,82.04627891671315,59.31397194206376,3.6434908233018177,-13.41878106,-6721303.505,70.55627429,0.5620000000000003,0.859,0
8/26/2024,76.17,0.4762392923288183,41240.52,241.8389999587479,2520.2,156.84636542633885,1.948847094586696,17534395.341796037,17725.77,5616.84,4.76,128.2285182816129,24860,16.15,1280.02,1285.32,1290.45,1278.72,775470,-1.497,-0.158,1280.298,1281.3912727272725,6.059999999999945,77.15724923346464,81.32838968920136,55.28938103586469,3.286938489536851,-22.84275077,-7168087.014,77.89821109776227,0.5329999999999999,0.859,0.3538413642475314
8/27/2024,74.46,0.351768904,41250.5,245.61379033348592,2517.7,122.02110881953664,1.742412814285578,18993121.80326477,17754.82,5625.8,4.76,125.8319022765146,24820,15.43,1280.56,1280.02,1282.92,1274.7,660800,-1.586,-0.156,1279.692,1281.331636363636,12.829999999999927,82.40036858,84.35879578179255,55.81169892068168,3.323674405501833,-17.59963142,-6564502.948,59.96665826162018,0.5720000000000001,0.8580000000000001,5.695805789369443
8/28/2024,73.44,0.052535709,41091.42,214.8321376486184,2502.6,146.20893262252784,2.009755600061699,16348261.455045007,17556.03,5592.18,4.76,124.94513944966488,24855,17.11,1281.44,1280.56,1285.72,1276.9,717620,-1.555,-0.157,1278.409,1280.9405454545454,26.21000000000004,84.42755125547114,88.16926482254796,56.62112253973468,3.2672366196170515,-15.57244874,-6845865.478,77.33077383651508,0.6040000000000001,0.859,-0.88968632
8/29/2024,74.67,0.4762392923288183,41335.05,220.93695404941585,2536.7,143.8434351301197,2.257840983211429,17297754.819764365,17516.43,5591.96,4.76,142.12453039829313,24870,15.65,1281.47,1281.44,1288.2,1280.24,634090,-1.647,-0.161,1275.788,1279.9129090909091,28.200000000000045,86.24846751123823,91.30400630436908,56.64712907121715,3.058078040256987,-13.75153249,-6867019.809,95.34289067739844,0.573,0.859,0
8/30/2024,72.65,0.4762392923288183,41563.08,267.2526474456846,2504.5,133.81639971285185,2.037431744885089,14163768.100745346,17713.62,5648.4,4.76,124.3461312160644,24860,0.015,1283.87,1281.47,1286.84,1281.47,571600,-1.776,-0.174,1272.9679999999998,1278.3670909090908,27.519999999999985,93.8317757,93.8317757,58.64820699838931,2.743579955,-6.168224299,-6428892.297,99.62444842923271,0.552,0.859,-0.257116507
9/1/2024,72.98,0.6410686156498633,41563.08,207.2362987,2504.5,121.28070696798116,-0.20630278,20345006.349836502,17713.62,5648.4,4.76,163.76918517669347,24860,0.015,1283.87,1281.47,1286.84,1281.47,571600,-1.776,-0.174,1270.216,1275.8845454545456,32.159999999999854,93.8317757,93.8317757,58.64820699838931,2.057895780799072,-6.168224299,-6368219.671,93.04731709020103,0.552,0.859,50.55518488494415
9/2/2024,73.78,0.01243461,41563.08,192.69597704131823,2504.5,136.7161645636279,-0.177529331,14021939.013603916,17713.62,5648.4,4.76,142.17376887411058,24860,15.55,1283.87,1281.47,1286.84,1281.47,571600,-1.764,-0.173,1267,1272.817272727273,44.61,93.8317757,89.93388853723214,58.64820699838931,1.1527804056083824,-6.168224299,-6307547.045,87.00617510543259,0.5380000000000003,0.859,-0.959216693
9/3/2024,69.59,0.3048945956024842,40936.93,215.1502465681006,2499.7,127.25547057051472,-0.205276159,12612676.589174371,17136.3,5528.93,4.76,126.22661567791356,24860,20.72,1283.87,1281.47,1286.84,1281.47,571600,-1.451,-0.152,1262.5390000000002,1268.9389090909092,24.919999999999845,93.8317757,80.71446453649476,58.64820699838933,-0.019243661,-6.168224299,-6246874.42,84.45084672116543,0.6080000000000001,0.859,0.1976331068855767
9/4/2024,68.52,0.2545809679521612,40974.97,237.77680204274336,2502.7,120.93100717349034,-0.202018888,18310248.252209105,17084.3,5520.07,4.76,112.85386844625252,24852,21.32,1275.8,1283.87,1283.87,1268.43,648410,-1.06,-0.132,1260.047,1264.6074545454546,10.899999999999864,82.13811420982744,73.06869675678627,54.642706513762114,-1.514892653,-17.86188579,-6186201.794,31.76938082508599,0.7050000000000001,0.859,1.1334988524409273
9/5/2024,68.5,0.1193255706047819,40755.75,221.15865156063904,2519.7,125.86177144086383,-0.212116679,15534879.109199593,17127.66,5503.41,4.76,118.91129226258836,24730,19.9,1268.21,1275.8,1282.21,1266.05,665630,-1.003,-0.138,1258.957,1261.5450909090907,-3.06,66.17350369872237,61.81728270106126,50.451105143872496,-2.580177109,-33.8264963,-6156804.967,5.345969593089729,0.7320000000000002,0.859,-0.749441987
9/6/2024,66.98,0.4762392923288183,40345.41,202.944356,2501.5,123.12611603167112,-0.231012764,16556424.301124386,16690.83,5408.42,4.76,132.0827915385761,24600,22.38,1273.96,1268.21,1274.44,1262.94,637090,-0.836,-0.138,1259.263,1259.9183636363637,1.9200000000000728,70.89447236180901,48.70675961377752,53.95892702045857,-3.129537603,-29.10552764,-5669115.661,-7.033827635,0.8170000000000002,0.859,0.098341163
9/9/2024,67.91,0.4335986924448369,40829.59,195.67184254820816,2509.3,118.2538503073918,-0.172801428,17844883.99291678,16884.6,5471.05,4.76,131.72025303871663,24680,19.45,1267.73,1273.96,1273.96,1262.97,497550,-1.074,-0.131,1259.071,1257.211272727273,-0.75,48.383872042652406,32.962318485709375,50.49600583193265,-4.370655358,-51.61612796,-6253022.495,-19.33420405,0.8000000000000003,0.8600000000000003,1.496168892276477
9/10/2024,65.14,0.1737056710331006,40736.96,244.63444702958603,2519.5,139.5051931228874,-0.226767795,18098439.513346083,17025.88,5495.52,4.76,136.65729410922282,24660,19.08,1255.23,1267.73,1271.83,1252.22,690100,-1.06,-0.119,1259.1460000000002,1255.6505454545454,-21.76,26.84193443687113,26.100324724915414,42.428441424952766,-5.256872489,-73.15806556,-6186471.221,-64.54143675,0.875,0.859,-0.598366706
9/11/2024,66.6,0.4324981863029975,40861.71,265.31915432549187,2519,139.436368,-0.220979892,18255720.99231427,17395.53,5554.13,4.76,134.5352371255116,24550,17.69,1253.27,1255.23,1256.86,1244.79,583750,-1.113,-0.121,1261.322,1256.7581818181816,-34.21,23.66114898,23.98443147356737,41.02917379378088,-5.038816935,-76.33885102,-5708222.42,-115.4554928,0.8210000000000002,0.8600000000000003,-0.30911959
9/12/2024,68.15,0.6260102042058213,41096.77,216.11450756121693,2557.1,116.06781963080964,-0.219543776,15600422.300180286,17569.68,5595.76,4.76,151.04676225752505,24575,17.07,1256.35,1253.27,1260.93,1253.27,433680,-1.277,-0.134,1264.743,1258.8441818181818,-35.14,27.797890760270523,16.396453119261125,42.537786099344345,-4.487643237,-72.20210924,-5944720.97,-100.6951143,0.823,0.8600000000000003,0.1501998347245254
9/13/2024,67.75,0.5442621232472631,41393.78,219.57654217030705,2586.8,133.41118282646437,-0.185701442,15390753.143244732,17683.98,5626.02,4.76,118.03495946784804,24530,16.56,1251.71,1256.35,1256.35,1248.78,482060,-1.219,-0.139,1268.257,1261.009090909091,-39.21,20.49425468282699,17.760638018783734,39.42188843536667,-4.032470361,-79.50574532,-5859796.688,-138.5896459,0.8839999999999999,0.8600000000000003,0.2246238048539872
9/16/2024,69.02,0.4444320950564535,41622.08,215.05115836975807,2585.2,119.38060961579836,-0.177530914,18743866.333182745,17592.13,5633.09,4.76,151.8906628,24530,17.14,1239.26,1251.71,1255.42,1239.26,608010,-1.151,-0.14,1272.178,1264.730545454545,-48.68,0.8972139146858753,16.174948699129903,29.959097324512783,-2.920413775,-99.10278609,-5750903.346,-205.0946759,0.916,0.8600000000000003,0.3261430476960275
9/17/2024,69.96,0.3351313388314985,41606.18,241.57341265552523,2568.9,146.20572598562848,-0.150763855,17357802.96651557,17628.06,5634.58,4.76,101.16318078227076,24620,17.61,1258.95,1239.26,1258.95,1238.69,632200,-1.244,-0.153,1277.0459999999998,1271.6007272727277,-33.25,31.890445458838343,21.749358008199568,38.87767206,-0.190910078,-68.10955454,-5142893.346,-193.7699107,0.8639999999999999,0.8640000000000003,1.1849055279524705
9/18/2024,69.88,0.1533848189516727,41503.1,262.5580687113659,2574.9,139.20323732602975,-0.23078238,14164122.542874943,17573.3,5618.26,4.76,127.38320637105896,24600,18.23,1264.9,1258.95,1271.77,1257.93,799780,-1.237,-0.167,1280.371,1275.4954545454543,-22.94,15.737186723865507,17.675859331164983,42.42120344135573,1.2909060599968143,-84.26281328,-5775093.346,-133.7893375,0.843,0.8650000000000002,0.9303720759754072
9/19/2024,71.16,0.079458681,42025.19,230.9478997441472,2590.9,121.45665378954529,-0.216671665,13335369.289068611,18013.98,5713.64,4.76,128.11866882503196,24565,16.33,1271.27,1264.9,1271.27,1264.82,607580,-1.675,-0.175,1282.6650000000002,1278.7254545454546,-6.83,17.62044184189487,15.828231745186509,46.64795181379228,2.557647297146332,-82.37955816,-5780872.103,-116.8404829,0.883,0.8680000000000003,-0.888504751
9/20/2024,71,0.7126642771725248,42063.36,213.76439454927265,2622.4,119.37360632502184,-0.205192403,18642127.27755198,17948.32,5702.55,4.76,130.54737265401948,24590,16.15,1272.04,1271.27,1283.3,1271.27,898260,-1.68,-0.178,1283.348,1280.9214545454545,1.4400000000000546,19.66994942773459,20.903202910123102,47.17555454213591,3.4886857882409004,-80.33005057,-6388452.103,-70.94235402,0.8740000000000001,0.8690000000000002,6.377920989236455
9/23/2024,69.61,0.096594187,42124.65,257.2723979851715,2628.6,142.50916528200736,-0.209423963,17948512.04572941,17974.27,5718.57,4.76,135.40896184036984,24615,15.89,1268.48,1275.15,1276.99,1267.87,564220,-1.63,-0.178,1283.204,1282.951272727273,-1.45,10.194303965930088,34.602076124567326,44.479671353116885,4.547884941772509,-89.80569603,-5605181.33,-125.3132057,0.8839999999999999,0.8690000000000002,-0.797173001
9/24/2024,70.84,0.4762392923288183,42208.22,273.78764957045587,2653,136.1861922,-0.232772781,18405420.214944128,18074.52,5732.93,4.76,134.3140001661589,24590,15.39,1276.99,1268.48,1276.99,1266.68,817540,-1.563,-0.181,1283.349,1285.654727272727,5.009999999999991,32.84535533670466,55.017301038062165,50.16214015435906,6.196129898581376,-67.15464466,-5116438.128,-118.4011458,0.931,0.8780000000000001,2.043284197947736
9/25/2024,69.13,0.1564886028882791,41914.75,232.3811357744857,2660.7,100.26166900726494,-0.194098238,17266316.546012998,18082.21,5722.26,4.76,129.74988520555567,24580,15.41,1287.48,1276.99,1288.44,1276.99,992830,-1.614,-0.195,1282.848,1286.719818181818,5.630000000000109,60.76656907106725,67.37645284358082,58.75369854,7.343291572201679,-39.23343093,-5933978.128,6.306785595704849,0.91,0.8780000000000001,1.7727759405788346
9/26/2024,67.19,0.056437522,42175.11,201.21482608908465,2670.4,111.95326240101627,-0.209075378,17131674.481336415,18190.29,5745.37,4.76,128.8753547702636,24615,15.37,1291.49,1290.03,1298.71,1289.15,956800,-1.595,-0.207,1282.285,1285.7752727272727,5.130000000000109,71.43997870641459,67.78457989530652,62.55695573,7.632602776390513,-28.56002129,-6760324.844,101.26284904543084,0.8440000000000003,0.8780000000000001,-0.855888973
9/27/2024,67.67,0.3916252834809034,42313,269.1886990130558,2656.5,127.80128222890494,-0.169721576,17008517.35086252,18119.59,5738.17,4.76,111.43155310090935,24590,16.96,1290.92,1295.03,1300.31,1287.21,950800,-1.486,-0.207,1281.7720000000002,1284.0083636363636,2.5299999999999727,69.92281075326065,68.41451512731793,62.23428168434955,7.482558491171403,-30.07718925,-6271916.476,103.91966280629894,0.914,0.8780000000000001,0.5624007174345762
9/30/2024,67.77,0.2506561083279215,42330.15,248.08681315640789,2647.9,136.05412057252136,-0.188757159,16776964.712868894,18189.17,5762.48,4.76,129.42380547372045,24555,16.73,1287.94,1290.92,1292.03,1283.92,748400,-1.503,-0.222,1281.519,1282.2990909090909,1.6000000000001364,61.99095022624435,67.37715066706936,60.58533169668391,7.240246571,-38.00904977,-5859661.209,67.85415499078168,0.8260000000000001,0.8780000000000001,-0.513270116
10/1/2024,69.39,0.514979903,42156.97,207.64403863775692,2678.5,118.62555474205196,4.144934953086257,17905297.97397484,17910.36,5708.75,4.76,108.99195712469596,24595,19.26,1292.2,1287.94,1302.22,1287.94,982290,-1.33,-0.218,1281.359,1281.1025454545454,11.120000000000118,73.32978440244877,59.63004721606628,64.31281680749285,7.129073951615283,-26.6702156,-5853201.53,115.06951634023925,0.8650000000000002,0.8770000000000002,0.1091936409202559
10/2/2024,69.69,0.4642831369371002,42196.52,224.82445301712272,2658.1,115.84366818911651,3.981933951236044,15275710.238110982,17925.12,5709.54,4.76,96.8822639,24652,18.9,1287.84,1292.2,1293.69,1285.14,771120,-1.301,-0.229,1280.2469999999998,1278.9292727272727,8.36,66.81071737,42.29712189117746,62.09656445190172,6.449736187350254,-33.18928263,-5456983.714,87.79411246986574,0.8340000000000001,0.8770000000000002,1.5852942514267625
10/3/2024,73.17,0.179586187,42011.59,212.4297021534721,2667.4,148.78101933175637,4.266176467692535,15054248.230172737,17918.48,5699.94,4.76,117.49919927882384,24745,20.49,1278.1,1287.84,1299.36,1276.51,1040000,-1.27,-0.236,1279.4109999999998,1277.3967272727273,-8.42,38.74963987323507,30.39283739525549,56.49167445187794,5.932767096417592,-61.25036013,-5172886.872,67.24328969088262,0.766,0.8760000000000003,-0.367091923
10/4/2024,73.68,0.2837476617687411,42352.75,208.68702503098825,2656,150.0304680766354,3.542396686850352,18259688.982579403,18137.85,5751.07,4.76,108.5378210421596,24755,19.21,1270.6,1278.9,1279.33,1270.6,610070,-1.498,-0.255,1280.2530000000002,1277.7881818181818,-14.86,21.331008427782333,32.161250120437295,51.34755809420143,6.178340844406876,-78.66899157,-4277622.102,-0.904537386,0.5470000000000002,0.8810000000000002,-0.406676428
10/7/2024,76.47,0.4782342642730917,41954.24,203.3358948096709,2654,126.86245269813324,4.227177239994846,16997854.973388843,17923.9,5695.94,4.76,108.52509799519432,24840,22.64,1269.93,1270.6,1278.61,1264.65,542590,-1.186,-0.256,1281.739,1279.8134545454543,-9.84,31.09786388474909,47.099562240914615,50.86566315107988,7.165551834103553,-68.90213612,-3667552.102,-11.41658064,0.476,0.8810000000000002,0.7961410274364786
10/8/2024,72.98,0.2662565227161733,42080.37,275.4015157083201,2623.5,131.7334233599871,3.740454760282778,16022440.19633432,18182.92,5751.13,4.76,110.07982857415644,24835,21.42,1271.98,1269.93,1275.82,1266.94,678710,-1.129,-0.242,1282.723,1282.1394545454543,2.089999999999918,44.05487804878046,61.99931843,52.33853046992272,8.389584016093067,-55.94512195,-3535402.675,-0.767783792,0.5089999999999999,0.8810000000000002,-0.567029625
10/9/2024,72.59,0.6149532113429163,42512,191.29667367833588,2614.1,107.83483445804266,4.416930507265611,17674074.84968964,18291.62,5792.04,4.76,118.83935438143918,24830,20.86,1281.85,1273.96,1283.01,1273.04,676890,-1.254,-0.251,1282.514,1284.0547272727272,10.949999999999818,66.14594479,74.02810471502939,60.12154118022156,9.621136597,-33.85405521,-3627120.243,45.965503825704126,0.4489999999999998,0.8810000000000002,0.2188759830915539
10/10/2024,75.11,0.5045248408153473,42454.12,256.39723121911567,2627.4,145.8678885318385,3.9952767079029377,14910994.677698849,18282.05,5780.05,4.76,129.00106106358947,24830,20.93,1286.36,1281.85,1294.33,1281.85,720090,-1.378,-0.247,1281.419,1283.9763636363637,28.949999999999815,75.79713246308545,77.23090092017954,64.17042907785819,10.048156268477442,-24.20286754,-4146499.23,93.57532350425598,0.5070000000000001,0.8810000000000002,0.5292636373529083
10/11/2024,74.85,0.3299135796419372,42863.86,251.23157591835616,2664.4,122.58818124304156,3.987772870324149,16749027.257502291,18342.94,5815.03,4.76,117.75606967054516,24805,20.46,1288.39,1286.36,1289.37,1283.56,531740,-1.438,-0.249,1278.524,1282.5516363636364,35.67000000000007,80.14123689278843,75.24291638892552,66.02898257,9.987833648595142,-19.85876311,-3946858.893,103.62094095546774,0.5180000000000002,0.8810000000000002,0.2228192491901071
10/14/2024,73.24,0.2697975026648004,43065.22,217.1847588749069,2653.7,126.26408114975204,4.1769206558682646,15825541.807543596,18502.69,5859.85,4.76,117.5409895683149,24840,19.7,1286.34,1288.39,1297.67,1286.13,795710,-1.526,-0.253,1274.957,1280.1092727272726,31.569999999999936,75.75433340466478,72.44361477294264,65.08060792200095,9.558871560692978,-24.2456666,-4299216.724,135.3695606672475,0.5009999999999999,0.8810000000000002,0.3673851747134921
10/15/2024,70.01,0.1973090740298037,42740.42,225.7676907099964,2667,135.23497060546788,3.7899928153640143,17746027.87012969,18315.59,5815.26,4.76,118.84047307531009,24925,20.64,1281.08,1287.81,1294.05,1279.81,712090,-1.483,-0.247,1271.8,1277.4656363636363,19.299999999999955,69.83317886932339,75.64211232250233,62.59245058,9.081049091251316,-30.16682113,-3532466.707,128.06015782479415,0.5209999999999999,0.8810000000000002,0.006397004
10/16/2024,69.82,0.1960549099206998,43077.7,233.79342617458144,2679.3,139.07487127665064,3.3140612031765606,19902857.40386717,18367.08,5842.47,4.76,120.48314813844536,24970,19.58,1279.48,1279.86,1283.33,1276.4,536680,-1.477,-0.246,1269.87,1275.4274545454548,20.84999999999991,71.74333204,80.13142636258233,61.82411700163152,8.874649516,-28.25666796,-2947392.761,116.7915196,0.5289999999999999,0.8810000000000002,-0.410016545
10/17/2024,70.09,0.3323057760620602,43239.05,236.04317544625823,2695.5,119.94006773918244,4.065985178905002,16299450.105539644,18373.61,5841.47,4.76,115.20848954272115,25180,19.11,1286.52,1279.48,1286.52,1271.82,685240,-1.549,-0.256,1267.785,1273.301090909091,22.039999999999964,85.34982605334379,83.71422600805468,67.48758477,8.645031883808542,-14.65017395,-2887761.649,146.3492264,0.4950000000000001,0.8820000000000001,-0.06062853
10/18/2024,68.69,0.3537533198497552,43275.91,219.8734069675832,2718,143.60825225131367,4.162509850200496,17070531.947787814,18489.55,5864.67,4.76,112.30715240540002,25150,18.03,1285.46,1291.16,1294.1,1285.46,689070,-1.635,-0.26,1265.581,1269.494,30.569999999999936,83.30112098956344,79.50911005808506,67.06577121132622,7.509410369246098,-16.69887901,-3573001.649,214.24476232069804,0.5209999999999999,0.8810000000000002,2.555926240686197
10/21/2024,70.04,0.09948275,42931.6,241.40975389023447,2726.8,122.46749153888474,4.081519204089891,18738667.411338635,18540.01,5853.98,4.76,119.68472618800438,25285,18.37,1279.77,1284.17,1287.71,1279.77,622810,-1.599,-0.268,1262.524,1265.323818181818,35.059999999999945,82.49173098125682,81.81519587082673,64.78870861441578,6.058643848924021,-17.50826902,-2883931.649,188.93464156673076,0.439,0.8820000000000001,-0.759242751
10/22/2024,71.74,0.4132077023552438,42924.89,223.2590962060955,2747.4,117.1053579695323,3.645669605183386,16575166.455114428,18573.13,5851.2,4.76,132.81950148114092,25390,18.2,1269.89,1280.21,1280.21,1265.44,793920,-1.496,-0.257,1259.018,1261.5507272727273,24.13000000000011,72.73447820343488,70.69008302,60.37095978498964,4.698157943365459,-27.2655218,-2261121.649,124.1608443770354,0.439,0.8820000000000001,-0.391316226
10/23/2024,70.37,0.6788544723075021,42514.95,211.12185724609688,2717.1,150.77151423004622,4.356373801428606,12293790.96921701,18276.65,5797.42,4.76,107.99812571843796,25400,19.24,1270.9,1270.58,1273.21,1263.26,589860,-1.325,-0.257,1256.605,1259.1352727272726,9.620000000000118,90.21937843,64.58516475429404,61.09862268567392,3.899309999276056,-9.780621572,-1945596.233,111.9476424739961,0.3849999999999998,0.8820000000000001,1.0397591492541989
10/24/2024,69.84,0.3328110931899548,42374.36,247.1503962290545,2736.5,126.39756839076674,3.499259654035336,16875857.87318527,18415.49,5809.86,4.76,102.87697568666516,25385,19.08,1257.41,1271.17,1274.11,1257.41,673140,-1.341,-0.253,1255.643,1256.361272727273,-2.34,49.11639244363239,55.77021306,54.26119290670853,2.720135932466974,-50.88360756,-2261571.489,83.36888004170737,0.4050000000000002,0.8820000000000001,-0.354064372
10/25/2024,71.35,0.5152387930792961,42114.4,260.3361073973283,2742.2,96.98632139004272,4.103805363440903,18024718.46353479,18518.61,5808.12,4.76,137.4211505233626,25355,20.33,1252.72,1257.41,1261.72,1251.75,569100,-1.196,-0.262,1255.877,1256.0825454545454,0.1600000000000818,54.41972339146127,68.73272662570956,51.50976324108514,2.549042691813156,-45.58027661,-1588431.489,52.53809321,0.3730000000000002,0.8820000000000001,0.4334238539868155
10/28/2024,66.98,0.3594462249572939,42387.57,213.04892839068697,2743.6,128.57336226053158,3.560842153353554,14357891.648907272,18567.19,5823.52,4.76,113.39624973196584,25345,19.8,1254.77,1252.72,1255.18,1250.94,482690,-2.325,-0.265,1255.861,1256.6536363636365,4.4500000000000455,63.77452334899114,79.05362793095783,52.798887218650464,2.771115789134228,-36.22547665,-1130069.102,48.96250998663516,0.3289999999999997,0.8820000000000001,0.9072089638745672
10/29/2024,66.81,0.1884671432264377,42233.05,214.56059148491696,2768.8,150.38583475652766,3.4172528502231807,15384881.724569522,18712.75,5832.92,4.76,105.50146308659266,25295,19.34,1261.78,1258.03,1262.38,1257.43,875050,-1.289,-0.261,1255.416,1256.771090909091,16.960000000000036,88.00393313667627,89.33780493514996,57.35684000957436,2.805527403690803,-11.99606686,-1519408.678,83.76948230819764,0.3520000000000003,0.8820000000000001,-0.565934373
10/30/2024,68.18,0.4341904343885467,42141.54,209.88428265545653,2800.8,143.5187026935441,3.5164289105926296,17580718.238080595,18607.93,5813.67,4.76,107.09502296298687,25280,20.35,1258.63,1261.78,1264.84,1255.07,536850,-1.398,-0.269,1253.7199999999998,1255.3056363636365,12.590000000000146,85.38242730720611,87.45130334448756,55.76340408048643,2.0948960113075827,-14.61757269,-2182325.344,88.07594422845762,0.2990000000000004,0.8820000000000001,0.1336001978680765
10/31/2024,68.81,0.3830190178204926,41763.46,246.94894535325636,2749.3,112.70760065466646,3.482446460730647,15339064.79942957,18095.15,5705.45,4.76,117.60479585341795,25270,23.16,1264.48,1258.63,1267.88,1255.55,614270,-1.132,-0.264,1252.461,1254.184,32.58999999999992,94.62705436,81.52787967,59.60421405058027,1.4781280012284697,-5.372945638,-2036710.964,112.2326718860284,0.3029999999999999,0.8820000000000001,0.1640816002360633
11/1/2024,69.08,0.3290310728584838,42052.19,348.0488229799749,2749.2,128.25188452886985,2.2360290837135777,15339064.79942957,18239.92,5728.8,4.76,251.30371870581172,25280,21.88,1254.89,1264.48,1264.67,1254.33,580510,-1.224,-0.278,1249.202,1251.4061818181815,36.32000000000016,82.34442836,73.02942595272566,54.872811767399256,0.073771334,-17.65557164,-2312210.809,97.32160040690692,0.2620000000000004,0.8780000000000001,0.2391109199665933
11/4/2024,71.03,0.2655380301767936,41794.6,381.6476223176025,2746.2,117.02348401319612,2.009090282539806,15339064.79942957,18179.98,5712.69,4.76,237.7322331,25310,21.98,1244.71,1254.89,1256.96,1242.36,709670,-1.223,-0.268,1245.57,1249.7116363636362,27.590000000000146,67.61215629522444,76.11191509889058,48.98281905518164,-0.743335123,-32.3878437,-1794580.036,48.30383093921444,0.3049999999999997,0.8780000000000001,0.1233314864580527
11/5/2024,71.56,0.2363843917649408,42221.88,370.5671858719959,2749.7,135.97576748081838,2.217753711161796,15339064.79942957,18439.17,5782.76,4.76,243.99001684996333,25330,20.49,1245.76,1244.71,1248.97,1243.55,416470,-1.441,-0.268,1242.811,1249.3663636363635,40.61,69.13169319826345,83.36710082006762,49.60288843748514,-0.738938853,-30.8683068,-1313365.447,37.67174549467277,0.2839999999999998,0.895,0.086003684
11/6/2024,71.24,0.2176644474168347,43729.93,336.7807519735589,2676.3,103.26282610165391,2.532723240200332,15339064.79942957,18983.46,5929.04,4.76,210.9303965989424,25370,16.27,1261.28,1251.22,1262.44,1250.57,566910,-1.863,-0.285,1238.75,1248.091818181818,44.74000000000001,91.59189580318386,87.84211382861419,60.03344585051335,-0.829488504,-8.408104197,-1236525.963,101.93816822036054,0.2069999999999998,0.895,-0.542951514
11/7/2024,71.96,0.4762392923288183,43729.34,373.7177190327918,2705.8,129.94399834385214,2.556703781865701,15339064.79942957,19269.46,5973.1,4.76,239.3620953169253,25350,15.2,1259.75,1261.28,1267.09,1259.75,499260,-1.889,-0.281,1234.2759999999998,1243.182,31.420000000000076,89.37771345875554,86.86142824918029,59.24901679225788,-2.51321568,-10.62228654,-1692632.998,123.33378934888032,0.2770000000000001,0.885,0.8148903158221557
11/8/2024,70.11,0.2624066524444918,43988.99,332.8455979558206,2694.8,168.67314424364338,2.073632026,15339064.79942957,19286.78,5995.54,4.76,200.0086928879365,25260,14.94,1252.56,1259.75,1264.09,1250.77,555500,-1.985,-0.289,1231.1339999999998,1237.979090909091,24.46000000000004,82.55673222,83.05953308693776,55.43191523244662,-4.469926138,-17.44326778,-1193372.998,84.71897174898757,0.221,0.885,-0.449002515
11/11/2024,67.92,0.4762392923288183,44293.13,379.2400303404583,2617.7,120.8226838,2.458132710379496,15339064.79942957,19298.76,6001.35,4.76,231.46194751079068,25310,14.97,1250.32,1253.81,1253.87,1241.29,796480,-1.981,-0.285,1228.688,1233.6387272727272,15.61999999999989,88.64983906488219,82.20839901341337,54.19059239971837,-6.170310379,-11.35016094,-787174.0489,40.65781690891983,0.221,0.887,5.091625998
11/12/2024,67.97,0.078179339,43910.98,350.3308624320999,2606.3,104.86109916558851,2.3588855929486354,15339064.79942957,19281.4,5983.99,4.76,260.1169458471037,25340,14.71,1244.82,1250.32,1257.02,1242.91,600650,-1.948,-0.294,1227.126,1229.4216363636365,2.689999999999827,77.97202797202792,71.47297147297151,51.08432521230944,-8.022796295,-22.02797203,-1134130.361,31.205551971784075,0.1290000000000004,0.887,3.752313588878644
11/13/2024,68.26,0.016450795,43958.19,334.8536321,2586.5,111.7403454708242,2.3418079094395075,15339064.79942957,19230.72,5985.38,4.76,199.9750801554568,25330,14.02,1246.04,1244.82,1247.04,1234.62,660550,-1.914,-0.29,1226.857,1226.1556363636364,4.069999999999936,80.00333,55.118480339719305,51.80791546804414,-9.710546737,-19.99667,-696094.3222,0.5925424302699148,0.1900000000000004,0.887,-0.955945585
11/14/2024,68.53,0.3734199010528252,43750.86,355.5382234294781,2572.9,111.66505206912232,1.9519590700718008,15339064.79942957,19107.65,5949.17,4.76,196.385029,25390,14.31,1231.89,1246.04,1247.07,1231.69,692590,-1.92,-0.288,1226.45,1222.593818181818,-18.57,56.443556443556645,36.61440443582259,43.13271618877684,-11.84770389,-43.55644356,-1250275.562,-26.81625925,0.1150000000000002,0.887,7.826394356066901
11/15/2024,66.92,0.042307185,43444.99,384.3249879387186,2570.1,153.09067078430812,2.167746921199967,15339064.79942957,18680.12,5870.62,4.76,197.15994071167603,25380,16.14,1218.57,1229.36,1229.59,1217.03,750570,-1.737,-0.198,1228.307,1221.9423636363636,-32.64,28.908554572271264,20.794448565678486,32.51375267275159,-12.96243606,-71.09144543,-575698.306,-87.62566875,0.165,0.8880000000000001,-0.829018066
11/18/2024,69.17,0.2474365814306771,43389.6,366.9878415332988,2614.6,120.59039257883929,2.0205963039065047,15339064.79942957,18791.81,5893.62,4.76,179.05743434515492,25405,15.58,1217.12,1218.57,1225.38,1204.6,646150,-1.658,-0.188,1231.571,1224.3061818181818,-32.71,24.49110229163988,18.916523850454624,31.2154083,-12.84047696,-75.50889771,-9185.280518,-121.2141046,0.1920000000000001,0.8880000000000001,1.530150892406036
11/19/2024,69.24,0.097795188,43268.94,371.7587002813769,2631,122.31273001258842,2.2318655646456897,15339064.79942957,18987.47,5916.98,4.76,225.41186183038428,25395,16.35,1205.15,1217.12,1221.4,1205.15,511890,-1.631,-0.191,1234.842,1227.5283636363636,-35.26,8.983688833124313,18.22833254228212,19.31670251037886,-12.35040586,-91.01631117,-141649.14,-159.8409556,0.1900000000000004,0.8880000000000001,-0.698906114
11/20/2024,68.75,0.3247996460686448,43408.47,318.16928581104577,2651.7,125.9184746421672,2.175921367005503,15339064.79942957,18966.14,5917.11,4.76,208.11656284715252,25415,17.16,1216.54,1205.15,1222.73,1197.99,767530,-1.577,-0.196,1238.368,1233.568,-50.99,23.27478042659968,16.382523491988326,22.80187249858389,-10.32649103,-76.72521957,370240.8600017207,-179.4759384,0.1509999999999998,0.8880000000000001,0.2325405720949569
11/21/2024,69.77,0.2635204498920314,43870.35,393.4342595083658,2674.9,133.43768544777092,2.500518107289869,15339064.79942957,18972.42,5948.71,4.76,194.9405923,25415,16.87,1228.33,1216.54,1228.55,1214.06,482150,-1.472,-0.196,1243.467,1238.4638181818182,-41.81,22.42652836712236,13.060641651865543,27.585764891246328,-8.752745314,-77.57347163,-13213.90152,-161.1868663,0.1239999999999996,0.8880000000000001,0.036188369
11/22/2024,70.77,0.2543171279478477,44296.51,356.61177409790184,2712.2,109.79292121265604,2.457840147920914,15339064.79942957,19003.65,5969.34,4.76,200.43699853228875,25417,15.24,1228.1,1228.33,1233.42,1226.33,534440,-1.647,-0.192,1247.648,1241.976181818182,-45.74,3.446261682242947,11.346161892986862,27.30950498299238,-7.817197218,-96.55373832,-480723.0458,-160.5821867,0.091,0.8880000000000001,3.1556778569712622
11/25/2024,68.58,0.061197508,44736.57,315.5971881466625,2618.5,148.4981826003044,2.4849851134283867,15339064.79942957,19054.84,5987.37,4.76,226.5903002,25410,14.6,1234.7,1228.1,1236.57,1228.1,497810,-1.908,-0.259,1252.2220000000002,1246.362,-37.37,13.30913490623133,13.156591672375278,30.399769239350704,-7.817197218,-86.69086509,-213126.1487,-166.6213337,0.2000000000000001,0.889,-0.758275993
11/26/2024,68.44,0.2531709969200235,44860.31,336.1896647537255,2621.3,124.09831145299796,2.0606242045941747,15339064.79942957,19175.58,6021.63,4.76,255.69667008350652,25405,14.1,1242.13,1234.7,1246.83,1234.7,575100,-1.882,-0.266,1255.959,1250.227272727273,-26.73,17.283089090486303,18.89878479886961,34.478130517304734,-7.817197218,-82.71691091,-491123.9409,-139.7652117,0.2240000000000002,0.885,0.076232423
11/27/2024,68.35,0.2352382176647235,44722.06,372.5240865259698,2652.3,133.00914952332354,2.192805582733996,15339064.79942957,19060.48,5998.74,4.76,224.07632144350927,25375,14.1,1241.97,1242.13,1245.34,1239.23,428810,-1.755,-0.26,1258.632,1253.2276363636363,-25.38,8.87755102,23.954081632653097,34.30188633363154,-7.817197218,-91.12244898,-620556.9995,-150.7107496,0.242,0.885,-0.288923637
11/29/2024,67.72,0.3308199088659685,44910.65,346.68087088527625,2669,112.45645765934854,2.227489673995644,15339064.79942957,19218.17,6032.38,4.76,254.2444011198304,25344,13.51,1250.46,1242.51,1250.92,1241,502810,-1.845,-0.26,1261.1699999999998,1256.7185454545452,-12.11,30.53571428571432,30.63775510204076,39.54268801,-7.817197218,-69.46428571,-576342.5477,-128.5539047,0.3109999999999999,0.885,0.7423665423987231
12/2/2024,67.84,0.1898681481857012,44782,313.1241015,2646.5,146.4518694860829,0.8698391690729989,15339064.79942957,19403.95,6047.15,4.76,217.70036730843117,25374,13.34,1251.21,1250.46,1258.05,1247.74,497420,-1.949,-0.267,1262.381,1258.886,-12.58,32.44897959183677,22.091836734693867,40.04455904,-7.817197218,-67.55102041,-1032520.975,-101.8810791,0.2860000000000005,0.885,-0.08490395
12/3/2024,69.54,0.2074843926205237,44705.53,393.7283585355455,2655.9,137.8022591837955,0.7800026774944748,15339064.79942957,19480.91,6049.88,4.76,153.30408985364235,25395,13.3,1249.83,1251.21,1253.83,1244.91,673400,-1.865,-0.279,1263.639,1261.1458181818182,-11.89,28.928571428571185,35.96938775510196,38.715608068604936,-7.817197218,-71.07142857,-869930.7327,-140.9097431,0.29,0.885,-0.473626049
12/4/2024,68.19,0.3941767867083929,45014.04,406.21825697104265,2664.3,144.55480784468122,0.7255066807348227,15339064.79942957,19735.12,6086.49,4.76,212.61747572177043,25400,13.45,1240.41,1249.83,1249.83,1239.82,575020,-1.971,-0.273,1264.828,1263.8727272727272,-25.59,4.897959183673649,50.76704886901761,28.697861315279667,-7.817197218,-95.10204082,-939384.5443,-140.9097431,0.3420000000000005,0.903,1.1782792501090265
12/5/2024,67.96,0.1809578761256913,44765.71,357.30385887046566,2636.1,145.62850763161885,0.742547747,15339064.79942957,19700.72,6075.11,4.76,219.0841303097081,25380,13.54,1267.53,1241.81,1269.18,1238.49,908390,-1.984,-0.275,1267.387,1268.7776363636362,12.86,74.08163265306105,77.73088703586303,50.97245743208837,-7.817197218,-25.91836735,-432149.1198,-140.9097431,0.3280000000000003,0.9000000000000001,0.7856601369185721
12/6/2024,66.98,0.1013394835805438,44642.52,316.64508554177127,2647.1,136.26362515959732,0.68493506,15339064.79942957,19859.77,6090.27,4.76,207.79234747159083,25375,12.77,1270.14,1270.96,1276.1,1268.58,694790,-2.02,-0.276,1266.101,1268.517818181818,12.64,73.32155477031814,79.56332527431617,54.77156504117386,-7.817197218,-26.67844523,-1242862.776,-140.9097431,0.375,0.8960000000000001,-0.754573904
12/9/2024,68.09,0.4129124222189634,44401.93,396.84653498608816,2673.3,120.62098259376236,0.7412207272014035,15339064.79942957,19736.69,6052.85,4.76,244.3902684860055,25370,14.19,1273.84,1270.14,1277.69,1268.69,761000,-2.011,-0.292,1264.837,1267.5536363636363,11.079999999999927,85.78947368,77.89473684210462,60.72990316888629,-7.817197218,-14.21052632,-836336.7118,-140.9097431,0.3440000000000003,0.8960000000000001,0.5046960454453785
12/10/2024,68.27,0.2744158353235683,44247.83,352.1836778449285,2705.6,153.5077128938479,0.8300883674126878,15339064.79942957,19687.24,6034.91,4.76,199.47994777323464,25360,14.18,1272.07,1273.84,1277.32,1270.32,631450,-1.942,-0.293,1263.7289999999998,1265.7152727272726,11.710000000000036,79.57894736842047,77.89473684210462,58.73588366120691,-7.817197218,-20.42105263,-946258.9341,-140.9097431,0.3260000000000005,0.891,0.6645110742907842
12/11/2024,69.87,0.164862727,44148.56,457.2292372,2741.5,159.21122873069743,0.7765328312373548,15339064.79942957,20034.89,6084.19,4.76,215.95857173293817,25380,13.58,1268.86,1273.23,1276.67,1264.15,627530,-2.061,-0.299,1262.558,1263.9858181818183,-4.01,68.31578947368351,77.89473684210462,54.877478072897006,-7.817197218,-31.68421053,-630533.9341,-140.9097431,0.3159999999999998,0.8800000000000003,-0.258319098
12/12/2024,69.66,0.2222825570222815,43914.12,421.6002544459903,2695.1,145.98772703731254,0.7452165053697141,15339064.79942957,19902.84,6051.25,4.76,216.17811846830168,25394,13.92,1267.35,1268.86,1275.64,1265.99,554120,-2.06,-0.308,1262.959,1262.9129090909091,-7.79,68.31578947368351,77.89473684210462,54.877478072897006,-7.817197218,-31.68421053,-475155.1002,-140.9097431,0.274,0.8760000000000003,-0.478073096
12/13/2024,70.82,0.4258882905072015,43828.06,390.33179642477415,2662.4,154.81512142612118,0.7343766619201189,15339064.79942957,19926.72,6051.09,4.76,225.83744955602253,25400,13.81,1262.57,1267.35,1267.35,1260.48,478790,-2.027,-0.311,1263.738,1262.2561818181816,-9.45,68.31578947368351,77.89473684210462,54.877478072897006,-7.817197218,-31.68421053,-77222.29191,-140.9097431,0.2279999999999997,0.863,0.69822942
12/16/2024,70.29,0.2507837194568188,43717.48,377.7416596,2657,144.52121095296866,0.7522903226553345,15339064.79942957,20173.89,6074.08,4.76,221.7091247418024,25385,14.69,1263.79,1262.57,1267.1,1258.65,538930,-2.044,-0.304,1264.683,1262.6403636363636,-2.99,68.31578947368351,77.89473684210462,54.877478072897006,-7.817197218,-31.68421053,110251.52177287344,-140.9097431,0.2199999999999997,0.8540000000000001,-0.341741434
12/17/2024,69.65,0.3809805634072305,43449.9,388.21664155562894,2649.6,139.37869211772454,0.9109743078956744,15339064.79942957,20109.06,6050.61,4.76,174.76024524198797,25430,15.87,1261.72,1263.79,1265.45,1260.6,502250,-1.966,-0.296,1264.982,1262.857090909091,-2.99,68.31578947368351,77.89473684210462,54.877478072897006,-7.817197218,-31.68421053,-6463.495979,-140.9097431,0.2259999999999999,0.8540000000000001,0.8099330668155791
12/18/2024,70.02,0.210494283,42326.87,406.0554884784668,2640.8,152.93944779474813,0.8144590989606627,15339064.79942957,19392.69,5872.16,4.76,191.6625489647102,25445,27.62,1266,1261.72,1266.53,1261.49,531460,-1.473,-0.32,1264.982,1262.857090909091,-2.99,68.31578947368351,77.89473684210462,54.877478072897006,-7.817197218,-31.68421053,263819.4937,-140.9097431,0.1139999999999998,0.851,0.1200254716253212
12/19/2024,69.38,0.1879370500579419,42342.24,314.1806526913554,2596,178.8067892876025,0.8285054237184086,15339064.79942957,19372.77,5867.08,4.76,215.8352125790823,25450,24.09,1254.67,1256.9,1259.76,1249.39,779410,-1.269,-0.295,1264.982,1262.857090909091,-2.99,68.31578947368351,77.89473684210462,54.877478072897006,-7.817197218,-31.68421053,-155865.1888,-140.9097431,0.1530000000000004,0.8010000000000002,-0.322119728
12/20/2024,69.02,0.2772422473085319,42840.26,321.8514115080513,2632.5,114.65933591378142,0.7256426939793869,15339064.79942957,19572.6,5930.85,4.76,263.5447185853964,25445,18.36,1257.5,1254.67,1259,1253.9,568920,-1.518,-0.283,1264.982,1262.857090909091,-2.99,68.31578947368351,77.89473684210462,54.877478072897006,-7.817197218,-31.68421053,-170145.6035,-140.9097431,0.1530000000000004,0.7810000000000001,0.034143365
12/23/2024,68.81,0.2680887937031394,42906.95,389.02806328406143,2615.5,145.5765064286929,0.7512678905670147,15339064.79942957,19764.88,5974.07,4.76,207.91136425719105,25440,16.78,1262.76,1257.5,1265.2,1257.5,494700,-1.673,-0.294,1264.982,1262.857090909091,-2.99,68.31578947368351,77.89473684210462,54.877478072897006,-7.817197218,-31.68421053,-404406.78,-140.9097431,0.133,0.7510000000000003,0.2094975448916541
12/24/2024,69.64,0.2216530284293835,43297.03,361.2429259290856,2622.8,114.2922228645152,0.7949810840379923,15339064.79942957,20031.13,6040.04,4.76,229.3724237376759,25425,14.27,1260.36,1262.76,1263.17,1253.78,643160,-1.9,-0.294,1264.982,1262.857090909091,-2.99,68.31578947368351,77.89473684210462,54.877478072897006,-7.817197218,-31.68421053,-585582.6241,-140.9097431,0.1340000000000003,0.7510000000000003,-0.351438158
12/26/2024,69.23,0.3417608224731731,43325.8,402.1439241653648,2640.3,150.2182881,0.855234616,15339064.79942957,20020.36,6037.59,4.76,172.33078837306687,25425,14.73,1272.87,1275.68,1277.17,1271.99,595220,-1.812,-0.29,1264.982,1262.857090909091,-2.99,68.31578947368351,77.89473684210462,54.877478072897006,-7.817197218,-31.68421053,-843805.5421,-140.9097431,0.1399999999999996,0.7510000000000003,-0.241207787
12/27/2024,70.18,0.4504010671005335,42992.21,342.9676240726042,2618.4,165.47142037771326,0.6418824335146402,15339064.79942957,19722.03,5970.84,4.76,191.4345058,25445,15.95,1275.14,1272.87,1277.89,1272.23,670320,-1.794,-0.298,1264.982,1262.857090909091,-2.99,68.31578947368351,77.89473684210462,54.877478072897006,-7.817197218,-31.68421053,-450822.4533,-140.9097431,0.1429999999999998,0.7520000000000002,0.3143458864285602
12/30/2024,70.53,0.3426807750921618,42573.73,337.66941806943595,2618.1,138.95801622990766,0.7748127190342766,15339064.79942957,19486.79,5906.94,4.76,180.38198362219808,25476,17.4,1272.02,1275.14,1275.14,1268.77,527660,-1.625,-0.278,1264.982,1262.857090909091,-2.99,68.31578947368351,77.89473684210462,54.877478072897006,-7.817197218,-31.68421053,-469771.4286,-140.9097431,0.2279999999999997,0.7470000000000003,0.6332572353874448
12/31/2024,71.25,0.2098143315500882,42544.22,339.0369425656877,2641,140.23414239679715,0.768537734,15339064.79942957,19310.79,5881.63,4.76,226.4574914708684,25480,17.35,1266.78,1272.25,1272.46,1266.78,480540,-1.643,-0.296,1264.982,1262.857090909091,-2.99,68.31578947368351,77.89473684210462,54.877478072897006,-7.817197218,-31.68421053,-480540,-140.9097431,0.2350000000000003,0.7470000000000003,0.6332572353874448
