Date,FSI_Emerging_markets
1/3/2011,-223
1/4/2011,-235
1/5/2011,-246
1/6/2011,-225
1/7/2011,-203
1/10/2011,-178
1/11/2011,-192
1/12/2011,-208
1/13/2011,-201
1/14/2011,-202
1/18/2011,-202
1/19/2011,-197
1/20/2011,-195
1/21/2011,-178
1/24/2011,-176
1/25/2011,-164
1/26/2011,-172
1/27/2011,-164
1/28/2011,-132
1/31/2011,-136
2/1/2011,-162
2/2/2011,-176
2/3/2011,-181
2/4/2011,-189
2/7/2011,-183
2/8/2011,-197
2/9/2011,-0.17
2/10/2011,-165
2/11/2011,-164
2/14/2011,-159
2/15/2011,-151
2/16/2011,-158
2/17/2011,-153
2/18/2011,-163
2/22/2011,-122
2/23/2011,-105
2/24/2011,-98
2/25/2011,-111
2/28/2011,-115
3/1/2011,-116
3/2/2011,-129
3/3/2011,-154
3/4/2011,-146
3/7/2011,-146
3/8/2011,-158
3/9/2011,-146
3/10/2011,-115
3/11/2011,-116
3/14/2011,-116
3/15/2011,-74
3/16/2011,-57
3/17/2011,-58
3/18/2011,-69
3/21/2011,-86
3/22/2011,-95
3/23/2011,-106
3/24/2011,-122
3/25/2011,-154
3/28/2011,-0.15
3/29/2011,-151
3/30/2011,-164
3/31/2011,-131
4/1/2011,-0.14
4/4/2011,-149
4/5/2011,-157
4/6/2011,-173
4/7/2011,-175
4/8/2011,-175
4/11/2011,-165
4/12/2011,-134
4/13/2011,-137
4/14/2011,-158
4/15/2011,-0.15
4/18/2011,-139
4/19/2011,-0.14
4/20/2011,-163
4/21/2011,-169
4/25/2011,-163
4/26/2011,-159
4/27/2011,-165
4/28/2011,-161
4/29/2011,-164
5/2/2011,-169
5/3/2011,-147
5/4/2011,-138
5/5/2011,-69
5/6/2011,-68
5/9/2011,-0.04
5/10/2011,-59
5/11/2011,-45
5/12/2011,-46
5/13/2011,-39
5/16/2011,-29
5/17/2011,-24
5/18/2011,-33
5/19/2011,-34
5/20/2011,-34
5/23/2011,-11
5/24/2011,-11
5/25/2011,-2
5/26/2011,-1
5/27/2011,-9
5/31/2011,-17
6/1/2011,-0.01
6/2/2011,-17
6/3/2011,-8
6/6/2011,-46
6/7/2011,-49
6/8/2011,-64
6/9/2011,-0.07
6/10/2011,-79
6/13/2011,-67
6/14/2011,-0.09
6/15/2011,-58
6/16/2011,-35
6/17/2011,-0.03
6/20/2011,-32
6/21/2011,-43
6/22/2011,-0.04
6/23/2011,0.01
6/24/2011,0.01
6/27/2011,2
6/28/2011,-17
6/29/2011,-0.03
6/30/2011,-28
7/1/2011,-44
7/5/2011,-38
7/6/2011,-32
7/7/2011,-35
7/8/2011,-13
7/11/2011,16
7/12/2011,32
7/13/2011,25
7/14/2011,16
7/15/2011,22
7/18/2011,24
7/19/2011,24
7/20/2011,6
7/21/2011,-12
7/22/2011,-19
7/25/2011,-52
7/26/2011,-61
7/27/2011,-65
7/28/2011,-66
7/29/2011,-0.06
8/1/2011,-69
8/2/2011,-43
8/3/2011,-14
8/4/2011,54
8/5/2011,77
8/8/2011,167
8/9/2011,224
8/10/2011,238
8/11/2011,221
8/12/2011,227
8/15/2011,191
8/16/2011,197
8/17/2011,0.19
8/18/2011,231
8/19/2011,251
8/22/2011,257
8/23/2011,246
8/24/2011,235
8/25/2011,252
8/26/2011,257
8/29/2011,219
8/30/2011,224
8/31/2011,195
9/1/2011,203
9/2/2011,227
9/6/2011,245
9/7/2011,194
9/8/2011,197
9/9/2011,219
9/12/2011,239
9/13/2011,238
9/14/2011,252
9/15/2011,0.24
9/16/2011,238
9/19/2011,288
9/20/2011,287
9/21/2011,306
9/22/2011,443
9/23/2011,464
9/26/2011,0.48
9/27/2011,424
9/28/2011,434
9/29/2011,0.44
9/30/2011,421
10/3/2011,481
10/4/2011,529
10/5/2011,504
10/6/2011,441
10/7/2011,392
10/10/2011,394
10/11/2011,333
10/12/2011,283
10/13/2011,278
10/14/2011,265
10/17/2011,268
10/18/2011,285
10/19/2011,271
10/20/2011,298
10/21/2011,277
10/24/2011,227
10/25/2011,227
10/26/2011,206
10/27/2011,129
10/28/2011,128
10/31/2011,157
11/1/2011,0.2
11/2/2011,195
11/3/2011,175
11/4/2011,157
11/7/2011,169
11/8/2011,154
11/9/2011,182
11/10/2011,195
11/11/2011,181
11/14/2011,183
11/15/2011,184
11/16/2011,182
11/17/2011,213
11/18/2011,221
11/21/2011,249
11/22/2011,263
11/23/2011,301
11/25/2011,306
11/28/2011,274
11/29/2011,261
11/30/2011,221
12/1/2011,179
12/2/2011,181
12/5/2011,166
12/6/2011,171
12/7/2011,171
12/8/2011,187
12/9/2011,186
12/12/2011,198
12/13/2011,217
12/14/2011,247
12/15/2011,0.25
12/16/2011,253
12/19/2011,261
12/20/2011,244
12/21/2011,222
12/22/2011,216
12/23/2011,193
12/27/2011,197
12/28/2011,212
12/29/2011,208
12/30/2011,202
1/3/2012,201
1/4/2012,201
1/5/2012,209
1/6/2012,216
1/9/2012,211
1/10/2012,194
1/11/2012,204
1/12/2012,0.19
1/13/2012,183
1/17/2012,0.16
1/18/2012,146
1/19/2012,112
1/20/2012,101
1/23/2012,89
1/24/2012,93
1/25/2012,94
1/26/2012,0.08
1/27/2012,79
1/30/2012,93
1/31/2012,0.09
2/1/2012,67
2/2/2012,0.03
2/3/2012,14
2/6/2012,18
2/7/2012,9
2/8/2012,-2
2/9/2012,-14
2/10/2012,14
2/13/2012,-7
2/14/2012,1
2/15/2012,-6
2/16/2012,-7
2/17/2012,-26
2/21/2012,-42
2/22/2012,-43
2/23/2012,-0.04
2/24/2012,-49
2/27/2012,-33
2/28/2012,-35
2/29/2012,-64
3/1/2012,-64
3/2/2012,-61
3/5/2012,-52
3/6/2012,-0.02
3/7/2012,-18
3/8/2012,-42
3/9/2012,-51
3/12/2012,-48
3/13/2012,-78
3/14/2012,-98
3/15/2012,-89
3/16/2012,-89
3/19/2012,-99
3/20/2012,-85
3/21/2012,-72
3/22/2012,-62
3/23/2012,-58
3/26/2012,-59
3/27/2012,-63
3/28/2012,-55
3/29/2012,-41
3/30/2012,-53
4/2/2012,-15
4/3/2012,-38
4/4/2012,-12
4/5/2012,-1
4/9/2012,23
4/10/2012,48
4/11/2012,43
4/12/2012,32
4/13/2012,34
4/16/2012,51
4/17/2012,35
4/18/2012,36
4/19/2012,35
4/20/2012,35
4/23/2012,51
4/24/2012,37
4/25/2012,29
4/26/2012,29
4/27/2012,25
4/30/2012,14
5/1/2012,4
5/2/2012,-5
5/3/2012,-4
5/4/2012,18
5/7/2012,25
5/8/2012,38
5/9/2012,56
5/10/2012,42
5/11/2012,57
5/14/2012,91
5/15/2012,108
5/16/2012,127
5/17/2012,165
5/18/2012,184
5/21/2012,178
5/22/2012,159
5/23/2012,0.2
5/24/2012,193
5/25/2012,196
5/29/2012,173
5/30/2012,213
5/31/2012,224
6/1/2012,257
6/4/2012,256
6/5/2012,235
6/6/2012,199
6/7/2012,179
6/8/2012,186
6/11/2012,184
6/12/2012,178
6/13/2012,174
6/14/2012,175
6/15/2012,152
6/18/2012,139
6/19/2012,122
6/20/2012,117
6/21/2012,142
6/22/2012,151
6/25/2012,166
6/26/2012,163
6/27/2012,162
6/28/2012,175
6/29/2012,0.16
7/2/2012,128
7/3/2012,102
7/5/2012,103
7/6/2012,117
7/9/2012,128
7/10/2012,129
7/11/2012,129
7/12/2012,141
7/13/2012,121
7/16/2012,118
7/17/2012,102
7/18/2012,102
7/19/2012,88
7/20/2012,92
7/23/2012,126
7/24/2012,139
7/25/2012,143
7/26/2012,122
7/27/2012,76
7/30/2012,68
7/31/2012,0.03
8/1/2012,18
8/2/2012,25
8/3/2012,3
8/6/2012,-13
8/7/2012,-28
8/8/2012,-37
8/9/2012,-56
8/10/2012,-47
8/13/2012,-43
8/14/2012,-58
8/15/2012,-0.06
8/16/2012,-63
8/17/2012,-46
8/20/2012,-0.05
8/21/2012,-0.06
8/22/2012,-62
8/23/2012,-62
8/24/2012,-54
8/27/2012,-43
8/28/2012,-37
8/29/2012,-37
8/30/2012,-23
8/31/2012,-18
9/4/2012,-35
9/5/2012,-25
9/6/2012,-58
9/7/2012,-74
9/10/2012,-82
9/11/2012,-91
9/12/2012,-108
9/13/2012,-105
9/14/2012,-156
9/17/2012,-145
9/18/2012,-143
9/19/2012,-129
9/20/2012,-113
9/21/2012,-112
9/24/2012,-102
9/25/2012,-0.09
9/26/2012,-71
9/27/2012,-0.08
9/28/2012,-85
10/1/2012,-57
10/2/2012,-63
10/3/2012,-59
10/4/2012,-51
10/5/2012,-68
10/8/2012,-61
10/9/2012,-54
10/10/2012,-49
10/11/2012,-54
10/12/2012,-0.06
10/15/2012,-66
10/16/2012,-84
10/17/2012,-0.11
10/18/2012,-119
10/19/2012,-109
10/22/2012,-112
10/23/2012,-95
10/24/2012,-97
10/25/2012,-108
10/26/2012,-87
10/31/2012,-85
11/1/2012,-94
11/2/2012,-103
11/5/2012,-112
11/6/2012,-113
11/7/2012,-84
11/8/2012,-75
11/9/2012,-61
11/12/2012,-62
11/13/2012,-46
11/14/2012,-0.04
11/15/2012,-28
11/16/2012,-22
11/19/2012,-28
11/20/2012,-37
11/21/2012,-43
11/23/2012,-53
11/26/2012,-0.06
11/27/2012,-64
11/28/2012,-58
11/29/2012,-71
11/30/2012,-0.08
12/3/2012,-88
12/4/2012,-91
12/5/2012,-99
12/6/2012,-0.11
12/7/2012,-132
12/10/2012,-139
12/11/2012,-151
12/12/2012,-161
12/13/2012,-166
12/14/2012,-165
12/17/2012,-172
12/18/2012,-189
12/19/2012,-201
12/20/2012,-206
12/21/2012,-193
12/24/2012,-194
12/26/2012,-189
12/27/2012,-185
12/28/2012,-0.19
12/31/2012,-171
1/2/2013,-204
1/3/2013,-227
1/4/2013,-226
1/7/2013,-229
1/8/2013,-216
1/9/2013,-214
1/10/2013,-221
1/11/2013,-214
1/14/2013,-221
1/15/2013,-211
1/16/2013,-212
1/17/2013,-223
1/18/2013,-228
1/22/2013,-228
1/23/2013,-226
1/24/2013,-226
1/25/2013,-244
1/28/2013,-241
1/29/2013,-243
1/30/2013,-231
1/31/2013,-222
2/1/2013,-228
2/4/2013,-209
2/5/2013,-212
2/6/2013,-202
2/7/2013,-199
2/8/2013,-203
2/11/2013,-199
2/12/2013,-206
2/13/2013,-217
2/14/2013,-219
2/15/2013,-222
2/19/2013,-224
2/20/2013,-216
2/21/2013,-191
2/22/2013,-0.19
2/25/2013,-185
2/26/2013,-166
2/27/2013,-175
2/28/2013,-182
3/1/2013,-176
3/4/2013,-173
3/5/2013,-181
3/6/2013,-197
3/7/2013,-203
3/8/2013,-217
3/11/2013,-213
3/12/2013,-208
3/13/2013,-0.2
3/14/2013,-198
3/15/2013,-186
3/18/2013,-0.17
3/19/2013,-151
3/20/2013,-151
3/21/2013,-145
3/22/2013,-137
3/25/2013,-144
3/26/2013,-144
3/27/2013,-137
3/28/2013,-0.14
4/1/2013,-0.13
4/2/2013,-133
4/3/2013,-0.11
4/4/2013,-107
4/5/2013,-98
4/8/2013,-106
4/9/2013,-113
4/10/2013,-126
4/11/2013,-129
4/12/2013,-115
4/15/2013,-95
4/16/2013,-96
4/17/2013,-0.08
4/18/2013,-69
4/19/2013,-85
4/22/2013,-85
4/23/2013,-88
4/24/2013,-93
4/25/2013,-0.1
4/26/2013,-0.09
4/29/2013,-96
4/30/2013,-108
5/1/2013,-103
5/2/2013,-96
5/3/2013,-123
5/6/2013,-127
5/7/2013,-139
5/8/2013,-142
5/9/2013,-151
5/10/2013,-148
5/13/2013,-0.14
5/14/2013,-149
5/15/2013,-151
5/16/2013,-0.14
5/17/2013,-163
5/20/2013,-158
5/21/2013,-0.15
5/22/2013,-162
5/23/2013,-127
5/24/2013,-127
5/28/2013,-138
5/29/2013,-0.1
5/30/2013,-97
5/31/2013,-94
6/3/2013,-78
6/4/2013,-0.09
6/5/2013,-58
6/6/2013,-35
6/7/2013,-46
6/10/2013,-29
6/11/2013,21
6/12/2013,5
6/13/2013,11
6/14/2013,-5
6/17/2013,-13
6/18/2013,0
6/19/2013,-9
6/20/2013,77
6/21/2013,91
6/24/2013,144
6/25/2013,125
6/26/2013,96
6/27/2013,65
6/28/2013,27
7/1/2013,14
7/2/2013,5
7/3/2013,31
7/5/2013,3
7/8/2013,39
7/9/2013,28
7/10/2013,24
7/11/2013,13
7/12/2013,0
7/15/2013,-6
7/16/2013,-18
7/17/2013,-24
7/18/2013,-47
7/19/2013,-33
7/22/2013,-64
7/23/2013,-85
7/24/2013,-82
7/25/2013,-64
7/26/2013,-59
7/29/2013,-58
7/30/2013,-53
7/31/2013,-37
8/1/2013,-58
8/2/2013,-0.04
8/5/2013,-55
8/6/2013,-51
8/7/2013,-34
8/8/2013,-39
8/9/2013,-41
8/12/2013,-48
8/13/2013,-0.07
8/14/2013,-67
8/15/2013,-57
8/16/2013,-61
8/19/2013,-35
8/20/2013,-7
8/21/2013,-1
8/22/2013,1
8/23/2013,-2
8/26/2013,-3
8/27/2013,47
8/28/2013,52
8/29/2013,48
8/30/2013,38
9/3/2013,21
9/4/2013,21
9/5/2013,4
9/6/2013,3
9/9/2013,-11
9/10/2013,-0.03
9/11/2013,-33
9/12/2013,-45
9/13/2013,-39
9/16/2013,-58
9/17/2013,-54
9/18/2013,-32
9/19/2013,-84
9/20/2013,-73
9/23/2013,-67
9/24/2013,-49
9/25/2013,-41
9/26/2013,-51
9/27/2013,-47
9/30/2013,9
10/1/2013,-6
10/2/2013,-1
10/3/2013,-7
10/4/2013,-21
10/7/2013,-18
10/8/2013,-23
10/9/2013,-27
10/10/2013,-0.04
10/11/2013,-51
10/14/2013,-53
10/15/2013,-67
10/16/2013,-71
10/17/2013,-68
10/18/2013,-92
10/21/2013,-101
10/22/2013,-91
10/23/2013,-82
10/24/2013,-77
10/25/2013,-71
10/28/2013,-0.07
10/29/2013,-69
10/30/2013,-77
10/31/2013,-102
11/1/2013,-89
11/4/2013,-81
11/5/2013,-72
11/6/2013,-64
11/7/2013,-53
11/8/2013,-47
11/11/2013,-49
11/12/2013,-39
11/13/2013,-0.02
11/14/2013,-32
11/15/2013,-0.05
11/18/2013,-73
11/19/2013,-76
11/20/2013,-77
11/21/2013,-56
11/22/2013,-62
11/25/2013,-64
11/26/2013,-56
11/27/2013,-67
11/29/2013,-73
12/2/2013,-73
12/3/2013,-67
12/4/2013,-68
12/5/2013,-76
12/6/2013,-83
12/9/2013,-91
12/10/2013,-89
12/11/2013,-0.09
12/12/2013,-88
12/13/2013,-89
12/16/2013,-92
12/17/2013,-82
12/18/2013,-88
12/19/2013,-101
12/20/2013,-95
12/23/2013,-112
12/24/2013,-123
12/26/2013,-119
12/27/2013,-121
12/30/2013,-119
12/31/2013,-127
1/2/2014,-103
1/3/2014,-99
1/6/2014,-91
1/7/2014,-88
1/8/2014,-101
1/9/2014,-87
1/10/2014,-78
1/13/2014,-84
1/14/2014,-88
1/15/2014,-101
1/16/2014,-97
1/17/2014,-94
1/21/2014,-99
1/22/2014,-0.1
1/23/2014,-67
1/24/2014,-37
1/27/2014,-23
1/28/2014,-26
1/29/2014,-11
1/30/2014,-14
1/31/2014,6
2/3/2014,13
2/4/2014,6
2/5/2014,-6
2/6/2014,-24
2/7/2014,-0.02
2/10/2014,-21
2/11/2014,-37
2/12/2014,-55
2/13/2014,-39
2/14/2014,-54
2/18/2014,-51
2/19/2014,-57
2/20/2014,-0.05
2/21/2014,-64
2/24/2014,-72
2/25/2014,-62
2/26/2014,-62
2/27/2014,-69
2/28/2014,-86
3/3/2014,-42
3/4/2014,-0.07
3/5/2014,-71
3/6/2014,-87
3/7/2014,-84
3/10/2014,-67
3/11/2014,-0.07
3/12/2014,-46
3/13/2014,-29
3/14/2014,-18
3/17/2014,-0.03
3/18/2014,-45
3/19/2014,-64
3/20/2014,-51
3/21/2014,-0.05
3/24/2014,-0.06
3/25/2014,-72
3/26/2014,-85
3/27/2014,-99
3/28/2014,-115
3/31/2014,-119
4/1/2014,-0.13
4/2/2014,-146
4/3/2014,-137
4/4/2014,-135
4/7/2014,-132
4/8/2014,-131
4/9/2014,-139
4/10/2014,-141
4/11/2014,-132
4/14/2014,-121
4/15/2014,-0.11
4/16/2014,-124
4/17/2014,-148
4/21/2014,-0.15
4/22/2014,-147
4/23/2014,-138
4/24/2014,-136
4/25/2014,-117
4/28/2014,-117
4/29/2014,-127
4/30/2014,-116
5/1/2014,-123
5/2/2014,-128
5/5/2014,-127
5/6/2014,-133
5/7/2014,-147
5/8/2014,-159
5/9/2014,-162
5/12/2014,-172
5/13/2014,-175
5/14/2014,-179
5/15/2014,-171
5/16/2014,-175
5/19/2014,-186
5/20/2014,-172
5/21/2014,-179
5/22/2014,-188
5/23/2014,-192
5/27/2014,-192
5/28/2014,-0.2
5/29/2014,-0.21
5/30/2014,-212
6/2/2014,-219
6/3/2014,-229
6/4/2014,-237
6/5/2014,-0.24
6/6/2014,-268
6/9/2014,-0.27
6/10/2014,-274
6/11/2014,-269
6/12/2014,-239
6/13/2014,-238
6/16/2014,-0.23
6/17/2014,-234
6/18/2014,-228
6/19/2014,-237
6/20/2014,-232
6/23/2014,-232
6/24/2014,-237
6/25/2014,-228
6/26/2014,-227
6/27/2014,-228
6/30/2014,-204
7/1/2014,-0.21
7/2/2014,-226
7/3/2014,-228
7/7/2014,-229
7/8/2014,-223
7/9/2014,-219
7/10/2014,-217
7/11/2014,-207
7/14/2014,-233
7/15/2014,-234
7/16/2014,-231
7/17/2014,-199
7/18/2014,-205
7/21/2014,-199
7/22/2014,-211
7/23/2014,-219
7/24/2014,-0.23
7/25/2014,-208
7/28/2014,-0.21
7/29/2014,-201
7/30/2014,-216
7/31/2014,-192
8/1/2014,-164
8/4/2014,-169
8/5/2014,-156
8/6/2014,-142
8/7/2014,-128
8/8/2014,-122
8/11/2014,-143
8/12/2014,-154
8/13/2014,-152
8/14/2014,-156
8/15/2014,-149
8/18/2014,-163
8/19/2014,-176
8/20/2014,-179
8/21/2014,-174
8/22/2014,-176
8/25/2014,-178
8/26/2014,-184
8/27/2014,-188
8/28/2014,-177
8/29/2014,-176
9/2/2014,-176
9/3/2014,-181
9/4/2014,-191
9/5/2014,-186
9/8/2014,-189
9/9/2014,-175
9/10/2014,-165
9/11/2014,-166
9/12/2014,-165
9/15/2014,-154
9/16/2014,-144
9/17/2014,-158
9/18/2014,-151
9/19/2014,-0.15
9/22/2014,-135
9/23/2014,-126
9/24/2014,-137
9/25/2014,-118
9/26/2014,-113
9/29/2014,-84
9/30/2014,-106
10/1/2014,-84
10/2/2014,-91
10/3/2014,-108
10/6/2014,-117
10/7/2014,-105
10/8/2014,-95
10/9/2014,-102
10/10/2014,-77
10/13/2014,-76
10/14/2014,-43
10/15/2014,-12
10/16/2014,-16
10/17/2014,-28
10/20/2014,-34
10/21/2014,-35
10/22/2014,-48
10/23/2014,-41
10/24/2014,-41
10/27/2014,-39
10/28/2014,-61
10/29/2014,-76
10/30/2014,-83
10/31/2014,-94
11/3/2014,-0.09
11/4/2014,-74
11/5/2014,-71
11/6/2014,-63
11/7/2014,-0.04
11/10/2014,-66
11/11/2014,-61
11/12/2014,-57
11/13/2014,-56
11/14/2014,-38
11/17/2014,-34
11/18/2014,-35
11/19/2014,-38
11/20/2014,-28
11/21/2014,-44
11/24/2014,-63
11/25/2014,-51
11/26/2014,-61
11/28/2014,-22
12/1/2014,0.03
12/2/2014,27
12/3/2014,38
12/4/2014,41
12/5/2014,38
12/8/2014,79
12/9/2014,113
12/10/2014,147
12/11/2014,0.16
12/12/2014,205
12/15/2014,237
12/16/2014,291
12/17/2014,234
12/18/2014,174
12/19/2014,171
12/22/2014,145
12/23/2014,139
12/24/2014,144
12/26/2014,145
12/29/2014,126
12/30/2014,136
12/31/2014,0.09
1/2/2015,102
1/5/2015,167
1/6/2015,204
1/7/2015,187
1/8/2015,148
1/9/2015,151
1/12/2015,184
1/13/2015,186
1/14/2015,218
1/15/2015,226
1/16/2015,236
1/20/2015,227
1/21/2015,208
1/22/2015,192
1/23/2015,172
1/26/2015,177
1/27/2015,187
1/28/2015,206
1/29/2015,212
1/30/2015,272
2/2/2015,271
2/3/2015,243
2/4/2015,242
2/5/2015,233
2/6/2015,0.21
2/9/2015,224
2/10/2015,237
2/11/2015,233
2/12/2015,0.22
2/13/2015,0.2
2/17/2015,172
2/18/2015,189
2/19/2015,174
2/20/2015,176
2/23/2015,194
2/24/2015,198
2/25/2015,194
2/26/2015,184
2/27/2015,176
3/2/2015,172
3/3/2015,147
3/4/2015,156
3/5/2015,0.15
3/6/2015,114
3/9/2015,135
3/10/2015,0.17
3/11/2015,176
3/12/2015,166
3/13/2015,188
3/16/2015,0.19
3/17/2015,157
3/18/2015,0.19
3/19/2015,156
3/20/2015,151
3/23/2015,0.14
3/24/2015,138
3/25/2015,129
3/26/2015,144
3/27/2015,157
3/30/2015,138
3/31/2015,0.11
4/1/2015,102
4/2/2015,82
4/6/2015,85
4/7/2015,89
4/8/2015,79
4/9/2015,49
4/10/2015,48
4/13/2015,45
4/14/2015,0.04
4/15/2015,42
4/16/2015,45
4/17/2015,57
4/20/2015,54
4/21/2015,0.05
4/22/2015,28
4/23/2015,31
4/24/2015,17
4/27/2015,7
4/28/2015,-14
4/29/2015,-0.01
4/30/2015,-2
5/1/2015,-16
5/4/2015,-28
5/5/2015,-34
5/6/2015,-0.05
5/7/2015,-16
5/8/2015,-56
5/11/2015,-76
5/12/2015,-52
5/13/2015,-0.07
5/14/2015,-61
5/15/2015,-64
5/18/2015,-106
5/19/2015,-94
5/20/2015,-83
5/21/2015,-0.08
5/22/2015,-87
5/26/2015,-67
5/27/2015,-53
5/28/2015,-43
5/29/2015,-18
6/1/2015,-37
6/2/2015,-41
6/3/2015,-51
6/4/2015,-18
6/5/2015,-25
6/8/2015,-8
6/9/2015,2
6/10/2015,-4
6/11/2015,5
6/12/2015,-2
6/15/2015,16
6/16/2015,34
6/17/2015,34
6/18/2015,6
6/19/2015,0.02
6/22/2015,-14
6/23/2015,-26
6/24/2015,-0.02
6/25/2015,-24
6/26/2015,-29
6/29/2015,25
6/30/2015,-2
7/1/2015,-13
7/2/2015,-8
7/6/2015,54
7/7/2015,67
7/8/2015,105
7/9/2015,68
7/10/2015,35
7/13/2015,26
7/14/2015,32
7/15/2015,44
7/16/2015,35
7/17/2015,28
7/20/2015,26
7/21/2015,32
7/22/2015,41
7/23/2015,59
7/24/2015,77
7/27/2015,115
7/28/2015,111
7/29/2015,0.09
7/30/2015,87
7/31/2015,87
8/3/2015,117
8/4/2015,105
8/5/2015,77
8/6/2015,97
8/7/2015,0.11
8/10/2015,104
8/11/2015,131
8/12/2015,155
8/13/2015,138
8/14/2015,139
8/17/2015,153
8/18/2015,159
8/19/2015,194
8/20/2015,0.22
8/21/2015,254
8/24/2015,353
8/25/2015,306
8/26/2015,304
8/27/2015,0.32
8/28/2015,315
8/31/2015,344
9/1/2015,392
9/2/2015,392
9/3/2015,388
9/4/2015,409
9/8/2015,409
9/9/2015,384
9/10/2015,391
9/11/2015,396
9/14/2015,401
9/15/2015,0.38
9/16/2015,376
9/17/2015,385
9/18/2015,388
9/21/2015,401
9/22/2015,432
9/23/2015,441
9/24/2015,474
9/25/2015,459
9/28/2015,463
9/29/2015,0.48
9/30/2015,387
10/1/2015,343
10/2/2015,349
10/5/2015,302
10/6/2015,299
10/7/2015,254
10/8/2015,248
10/9/2015,221
10/12/2015,229
10/13/2015,251
10/14/2015,259
10/15/2015,228
10/16/2015,197
10/19/2015,205
10/20/2015,198
10/21/2015,209
10/22/2015,207
10/23/2015,173
10/26/2015,177
10/27/2015,189
10/28/2015,185
10/29/2015,187
10/30/2015,185
11/2/2015,172
11/3/2015,151
11/4/2015,139
11/5/2015,133
11/6/2015,134
11/9/2015,149
11/10/2015,165
11/11/2015,155
11/12/2015,165
11/13/2015,186
11/16/2015,204
11/17/2015,179
11/18/2015,0.17
11/19/2015,152
11/20/2015,141
11/23/2015,147
11/24/2015,0.16
11/25/2015,169
11/27/2015,165
11/30/2015,0.19
12/1/2015,161
12/2/2015,167
12/3/2015,158
12/4/2015,175
12/7/2015,202
12/8/2015,226
12/9/2015,229
12/10/2015,236
12/11/2015,293
12/14/2015,284
12/15/2015,263
12/16/2015,254
12/17/2015,238
12/18/2015,261
12/21/2015,0.26
12/22/2015,247
12/23/2015,245
12/24/2015,242
12/28/2015,247
12/29/2015,243
12/30/2015,258
12/31/2015,252
1/4/2016,271
1/5/2016,264
1/6/2016,0.29
1/7/2016,329
1/8/2016,329
1/11/2016,367
1/12/2016,0.38
1/13/2016,0.38
1/14/2016,393
1/15/2016,451
1/19/2016,444
1/20/2016,499
1/21/2016,517
1/22/2016,505
1/25/2016,513
1/26/2016,535
1/27/2016,519
1/28/2016,505
1/29/2016,481
2/1/2016,478
2/2/2016,524
2/3/2016,544
2/4/2016,516
2/5/2016,506
2/8/2016,547
2/9/2016,574
2/10/2016,568
2/11/2016,614
2/12/2016,0.63
2/16/2016,584
2/17/2016,573
2/18/2016,565
2/19/2016,0.57
2/22/2016,547
2/23/2016,533
2/24/2016,537
2/25/2016,541
2/26/2016,513
2/29/2016,506
3/1/2016,464
3/2/2016,431
3/3/2016,409
3/4/2016,365
3/7/2016,359
3/8/2016,383
3/9/2016,367
3/10/2016,328
3/11/2016,304
3/14/2016,293
3/15/2016,282
3/16/2016,299
3/17/2016,245
3/18/2016,207
3/21/2016,198
3/22/2016,182
3/23/2016,201
3/24/2016,197
3/28/2016,193
3/29/2016,214
3/30/2016,173
3/31/2016,0.2
4/1/2016,208
4/4/2016,211
4/5/2016,231
4/6/2016,229
4/7/2016,235
4/8/2016,239
4/11/2016,223
4/12/2016,203
4/13/2016,176
4/14/2016,161
4/15/2016,158
4/18/2016,158
4/19/2016,138
4/20/2016,131
4/21/2016,134
4/22/2016,137
4/25/2016,147
4/26/2016,144
4/27/2016,151
4/28/2016,143
4/29/2016,143
5/2/2016,155
5/3/2016,183
5/4/2016,0.2
5/5/2016,207
5/6/2016,195
5/9/2016,0.21
5/10/2016,193
5/11/2016,196
5/12/2016,177
5/13/2016,194
5/16/2016,181
5/17/2016,173
5/18/2016,166
5/19/2016,199
5/20/2016,184
5/23/2016,175
5/24/2016,171
5/25/2016,151
5/26/2016,151
5/27/2016,131
5/31/2016,136
6/1/2016,82
6/2/2016,82
6/3/2016,82
6/6/2016,0.06
6/7/2016,44
6/8/2016,19
6/9/2016,21
6/10/2016,0.04
6/13/2016,68
6/14/2016,86
6/15/2016,83
6/16/2016,105
6/17/2016,102
6/20/2016,78
6/21/2016,63
6/22/2016,0.06
6/23/2016,36
6/24/2016,121
6/27/2016,158
6/28/2016,144
6/29/2016,112
6/30/2016,92
7/1/2016,81
7/5/2016,104
7/6/2016,113
7/7/2016,108
7/8/2016,104
7/11/2016,59
7/12/2016,48
7/13/2016,58
7/14/2016,45
7/15/2016,0.03
7/18/2016,32
7/19/2016,0.03
7/20/2016,18
7/21/2016,28
7/22/2016,24
7/25/2016,18
7/26/2016,14
7/27/2016,22
7/28/2016,13
7/29/2016,0.01
8/1/2016,-8
8/2/2016,-3
8/3/2016,18
8/4/2016,5
8/5/2016,-0.03
8/8/2016,-52
8/9/2016,-54
8/10/2016,-56
8/11/2016,-75
8/12/2016,-83
8/15/2016,-97
8/16/2016,-0.1
8/17/2016,-89
8/18/2016,-92
8/19/2016,-95
8/22/2016,-76
8/23/2016,-82
8/24/2016,-0.07
8/25/2016,-75
8/26/2016,-0.1
8/29/2016,-83
8/30/2016,-87
8/31/2016,-75
9/1/2016,-0.06
9/2/2016,-76
9/6/2016,-92
9/7/2016,-108
9/8/2016,-0.11
9/9/2016,-77
9/12/2016,-58
9/13/2016,-62
9/14/2016,-0.04
9/15/2016,-45
9/16/2016,-41
9/19/2016,-58
9/20/2016,-61
9/21/2016,-72
9/22/2016,-99
9/23/2016,-0.08
9/26/2016,-51
9/27/2016,-52
9/28/2016,-36
9/29/2016,-36
9/30/2016,-7
10/3/2016,-22
10/4/2016,-44
10/5/2016,-0.04
10/6/2016,-52
10/7/2016,-42
10/10/2016,-0.05
10/11/2016,-49
10/12/2016,-45
10/13/2016,-32
10/14/2016,-51
10/17/2016,-34
10/18/2016,-0.05
10/19/2016,-61
10/20/2016,-0.06
10/21/2016,-56
10/24/2016,-0.07
10/25/2016,-75
10/26/2016,-74
10/27/2016,-71
10/28/2016,-89
10/31/2016,-0.09
11/1/2016,-79
11/2/2016,-66
11/3/2016,-66
11/4/2016,-57
11/7/2016,-87
11/8/2016,-0.11
11/9/2016,-104
11/10/2016,-81
11/11/2016,-55
11/14/2016,-7
11/15/2016,1
11/16/2016,-3
11/17/2016,-17
11/18/2016,-16
11/21/2016,-6
11/22/2016,-18
11/23/2016,-21
11/25/2016,-14
11/28/2016,-14
11/29/2016,2
11/30/2016,15
12/1/2016,31
12/2/2016,41
12/5/2016,31
12/6/2016,17
12/7/2016,11
12/8/2016,-6
12/9/2016,-15
12/12/2016,-6
12/13/2016,-25
12/14/2016,-28
12/15/2016,-0.02
12/16/2016,-0.02
12/19/2016,-5
12/20/2016,-12
12/21/2016,-17
12/22/2016,-9
12/23/2016,-8
12/27/2016,-23
12/28/2016,-22
12/29/2016,-34
12/30/2016,-77
1/3/2017,-133
1/4/2017,-0.14
1/5/2017,-151
1/6/2017,-169
1/9/2017,-138
1/10/2017,-143
1/11/2017,-134
1/12/2017,-149
1/13/2017,-162
1/17/2017,-155
1/18/2017,-168
1/19/2017,-159
1/20/2017,-154
1/23/2017,-153
1/24/2017,-172
1/25/2017,-181
1/26/2017,-0.18
1/27/2017,-177
1/30/2017,-171
1/31/2017,-162
2/1/2017,-171
2/2/2017,-181
2/3/2017,-193
2/6/2017,-185
2/7/2017,-175
2/8/2017,-185
2/9/2017,-206
2/10/2017,-217
2/13/2017,-229
2/14/2017,-231
2/15/2017,-0.24
2/16/2017,-234
2/17/2017,-231
2/21/2017,-244
2/22/2017,-0.25
2/23/2017,-244
2/24/2017,-228
2/27/2017,-241
2/28/2017,-236
3/1/2017,-251
3/2/2017,-249
3/3/2017,-0.24
3/6/2017,-247
3/7/2017,-251
3/8/2017,-226
3/9/2017,-205
3/10/2017,-205
3/13/2017,-223
3/14/2017,-218
3/15/2017,-206
3/16/2017,-0.24
3/17/2017,-241
3/20/2017,-241
3/21/2017,-237
3/22/2017,-225
3/23/2017,-234
3/24/2017,-234
3/27/2017,-234
3/28/2017,-243
3/29/2017,-0.23
3/30/2017,-238
3/31/2017,-0.17
4/3/2017,-173
4/4/2017,-171
4/5/2017,-176
4/6/2017,-0.17
4/7/2017,-205
4/10/2017,-0.2
4/11/2017,-191
4/12/2017,-191
4/13/2017,-189
4/17/2017,-191
4/18/2017,-172
4/19/2017,-158
4/20/2017,-169
4/21/2017,-169
4/24/2017,-187
4/25/2017,-205
4/26/2017,-0.2
4/27/2017,-194
4/28/2017,-202
5/1/2017,-0.21
5/2/2017,-206
5/3/2017,-215
5/4/2017,-195
5/5/2017,-187
5/8/2017,-0.2
5/9/2017,-205
5/10/2017,-204
5/11/2017,-206
5/12/2017,-195
5/15/2017,-0.2
5/16/2017,-203
5/17/2017,-175
5/18/2017,-0.15
5/19/2017,-162
5/22/2017,-174
5/23/2017,-185
5/24/2017,-0.18
5/25/2017,-172
5/26/2017,-173
5/30/2017,-161
5/31/2017,-147
6/1/2017,-159
6/2/2017,-153
6/5/2017,-179
6/6/2017,-172
6/7/2017,-163
6/8/2017,-164
6/9/2017,-174
6/12/2017,-166
6/13/2017,-164
6/14/2017,-0.16
6/15/2017,-154
6/16/2017,-148
6/19/2017,-165
6/20/2017,-153
6/21/2017,-146
6/22/2017,-142
6/23/2017,-144
6/26/2017,-168
6/27/2017,-171
6/28/2017,-162
6/29/2017,-169
6/30/2017,-165
7/3/2017,-168
7/5/2017,-147
7/6/2017,-143
7/7/2017,-145
7/10/2017,-154
7/11/2017,-156
7/12/2017,-174
7/13/2017,-182
7/14/2017,-0.19
7/17/2017,-193
7/18/2017,-188
7/19/2017,-195
7/20/2017,-198
7/21/2017,-198
7/24/2017,-199
7/25/2017,-197
7/26/2017,-188
7/27/2017,-203
7/28/2017,-0.19
7/31/2017,-203
8/1/2017,-198
8/2/2017,-212
8/3/2017,-202
8/4/2017,-0.22
8/7/2017,-227
8/8/2017,-245
8/9/2017,-223
8/10/2017,-199
8/11/2017,-0.18
8/14/2017,-195
8/15/2017,-201
8/16/2017,-0.2
8/17/2017,-195
8/18/2017,-188
8/21/2017,-187
8/22/2017,-207
8/23/2017,-199
8/24/2017,-221
8/25/2017,-221
8/28/2017,-219
8/29/2017,-216
8/30/2017,-221
8/31/2017,-207
9/1/2017,-217
9/5/2017,-196
9/6/2017,-202
9/7/2017,-201
9/8/2017,-202
9/11/2017,-222
9/12/2017,-227
9/13/2017,-235
9/14/2017,-234
9/15/2017,-0.24
9/18/2017,-256
9/19/2017,-259
9/20/2017,-269
9/21/2017,-263
9/22/2017,-259
9/25/2017,-227
9/26/2017,-0.22
9/27/2017,-226
9/28/2017,-218
9/29/2017,-245
10/2/2017,-218
10/3/2017,-227
10/4/2017,-232
10/5/2017,-235
10/6/2017,-229
10/9/2017,-225
10/10/2017,-231
10/11/2017,-236
10/12/2017,-237
10/13/2017,-231
10/16/2017,-242
10/17/2017,-239
10/18/2017,-246
10/19/2017,-233
10/20/2017,-244
10/23/2017,-238
10/24/2017,-235
10/25/2017,-251
10/26/2017,-245
10/27/2017,-239
10/30/2017,-242
10/31/2017,-0.24
11/1/2017,-255
11/2/2017,-248
11/3/2017,-236
11/6/2017,-225
11/7/2017,-229
11/8/2017,-224
11/9/2017,-221
11/10/2017,-0.22
11/13/2017,-217
11/14/2017,-207
11/15/2017,-197
11/16/2017,-215
11/17/2017,-0.22
11/20/2017,-229
11/21/2017,-236
11/22/2017,-235
11/24/2017,-237
11/27/2017,-0.23
11/28/2017,-237
11/29/2017,-236
11/30/2017,-226
12/1/2017,-227
12/4/2017,-0.23
12/5/2017,-234
12/6/2017,-223
12/7/2017,-224
12/8/2017,-227
12/11/2017,-229
12/12/2017,-219
12/13/2017,-213
12/14/2017,-217
12/15/2017,-217
12/18/2017,-229
12/19/2017,-241
12/20/2017,-244
12/21/2017,-243
12/22/2017,-246
12/26/2017,-234
12/27/2017,-231
12/28/2017,-241
12/29/2017,-237
1/2/2018,-222
1/3/2018,-232
1/4/2018,-0.24
1/5/2018,-0.26
1/8/2018,-266
1/9/2018,-273
1/10/2018,-265
1/11/2018,-272
1/12/2018,-288
1/16/2018,-291
1/17/2018,-0.3
1/18/2018,-304
1/19/2018,-303
1/22/2018,-0.31
1/23/2018,-0.31
1/24/2018,-315
1/25/2018,-327
1/26/2018,-342
1/29/2018,-332
1/30/2018,-319
1/31/2018,-332
2/1/2018,-331
2/2/2018,-322
2/5/2018,-273
2/6/2018,-259
2/7/2018,-266
2/8/2018,-243
2/9/2018,-191
2/12/2018,-208
2/13/2018,-209
2/14/2018,-224
2/15/2018,-244
2/16/2018,-245
2/20/2018,-238
2/21/2018,-258
2/22/2018,-239
2/23/2018,-247
2/26/2018,-0.25
2/27/2018,-252
2/28/2018,-228
3/1/2018,-209
3/2/2018,-205
3/5/2018,-203
3/6/2018,-217
3/7/2018,-212
3/8/2018,-208
3/9/2018,-216
3/12/2018,-223
3/13/2018,-227
3/14/2018,-0.22
3/15/2018,-218
3/16/2018,-0.22
3/19/2018,-208
3/20/2018,-211
3/21/2018,-0.2
3/22/2018,-0.18
3/23/2018,-146
3/26/2018,-158
3/27/2018,-157
3/28/2018,-141
3/29/2018,-156
4/2/2018,-134
4/3/2018,-146
4/4/2018,-136
4/5/2018,-154
4/6/2018,-142
4/9/2018,-137
4/10/2018,-143
4/11/2018,-139
4/12/2018,-152
4/13/2018,-143
4/16/2018,-0.13
4/17/2018,-129
4/18/2018,-143
4/19/2018,-154
4/20/2018,-146
4/23/2018,-139
4/24/2018,-137
4/25/2018,-126
4/26/2018,-122
4/27/2018,-125
4/30/2018,-0.13
5/1/2018,-0.12
5/2/2018,-112
5/3/2018,-91
5/4/2018,-85
5/7/2018,-83
5/8/2018,-77
5/9/2018,-73
5/10/2018,-102
5/11/2018,-116
5/14/2018,-119
5/15/2018,-0.11
5/16/2018,-124
5/17/2018,-0.11
5/18/2018,-94
5/21/2018,-89
5/22/2018,-103
5/23/2018,-91
5/24/2018,-92
5/25/2018,-79
5/29/2018,-31
5/30/2018,-18
5/31/2018,-28
6/1/2018,-42
6/4/2018,-64
6/5/2018,-58
6/6/2018,-0.07
6/7/2018,-54
6/8/2018,-0.05
6/11/2018,-51
6/12/2018,-47
6/13/2018,-42
6/14/2018,-33
6/15/2018,-13
6/18/2018,0.01
6/19/2018,41
6/20/2018,17
6/21/2018,32
6/22/2018,0.03
6/25/2018,49
6/26/2018,52
6/27/2018,75
6/28/2018,81
6/29/2018,53
7/2/2018,0.07
7/3/2018,76
7/5/2018,68
7/6/2018,58
7/9/2018,28
7/10/2018,22
7/11/2018,74
7/12/2018,68
7/13/2018,56
7/16/2018,69
7/17/2018,0.06
7/18/2018,53
7/19/2018,59
7/20/2018,44
7/23/2018,27
7/24/2018,15
7/25/2018,3
7/26/2018,-21
7/27/2018,-29
7/30/2018,-27
7/31/2018,-0.03
8/1/2018,-29
8/2/2018,-3
8/3/2018,-5
8/6/2018,1
8/7/2018,-8
8/8/2018,0
8/9/2018,11
8/10/2018,19
8/13/2018,52
8/14/2018,29
8/15/2018,26
8/16/2018,19
8/17/2018,14
8/20/2018,14
8/21/2018,1
8/22/2018,9
8/23/2018,8
8/24/2018,15
8/27/2018,-9
8/28/2018,-19
8/29/2018,-3
8/30/2018,9
8/31/2018,4
9/4/2018,0.02
9/5/2018,0.04
9/6/2018,38
9/7/2018,8
9/10/2018,26
9/11/2018,33
9/12/2018,28
9/13/2018,11
9/14/2018,-18
9/17/2018,-1
9/18/2018,-12
9/19/2018,-28
9/20/2018,-37
9/21/2018,-66
9/24/2018,-0.05
9/25/2018,-51
9/26/2018,-54
9/27/2018,-69
9/28/2018,-69
10/1/2018,-62
10/2/2018,-46
10/3/2018,-63
10/4/2018,-23
10/5/2018,-19
10/8/2018,-18
10/9/2018,-12
10/10/2018,2
10/11/2018,61
10/12/2018,24
10/15/2018,21
10/16/2018,4
10/17/2018,1
10/18/2018,22
10/19/2018,24
10/22/2018,15
10/23/2018,65
10/24/2018,74
10/25/2018,76
10/26/2018,85
10/29/2018,95
10/30/2018,93
10/31/2018,59
11/1/2018,-54
11/2/2018,5
11/5/2018,11
11/6/2018,6
11/7/2018,-5
11/8/2018,-6
11/9/2018,18
11/12/2018,18
11/13/2018,69
11/14/2018,76
11/15/2018,74
11/16/2018,77
11/19/2018,81
11/20/2018,133
11/21/2018,134
11/23/2018,148
11/26/2018,152
11/27/2018,155
11/28/2018,0.15
11/29/2018,135
11/30/2018,136
12/3/2018,0.12
12/4/2018,133
12/6/2018,174
12/7/2018,176
12/10/2018,199
12/11/2018,0.19
12/12/2018,165
12/13/2018,134
12/14/2018,149
12/17/2018,158
12/18/2018,0.18
12/19/2018,189
12/20/2018,0.14
12/21/2018,142
12/24/2018,0.22
12/26/2018,226
12/27/2018,0.24
12/28/2018,232
12/31/2018,241
1/2/2019,239
1/3/2019,264
1/4/2019,218
1/7/2019,187
1/8/2019,182
1/9/2019,158
1/10/2019,156
1/11/2019,161
1/14/2019,164
1/15/2019,0.15
1/16/2019,139
1/17/2019,116
1/18/2019,94
1/22/2019,93
1/23/2019,55
1/24/2019,47
1/25/2019,-5
1/28/2019,-6
1/29/2019,5
1/30/2019,3
1/31/2019,-18
2/1/2019,-38
2/4/2019,-42
2/5/2019,-0.05
2/6/2019,-48
2/7/2019,-0.03
2/8/2019,-37
2/11/2019,-37
2/12/2019,-52
2/13/2019,-66
2/14/2019,-0.06
2/15/2019,-47
2/19/2019,-57
2/20/2019,-69
2/21/2019,-45
2/22/2019,-84
2/25/2019,-83
2/26/2019,-79
2/27/2019,-97
2/28/2019,-95
3/1/2019,-98
3/4/2019,-94
3/5/2019,-94
3/6/2019,-95
3/7/2019,-73
3/8/2019,-55
3/11/2019,-76
3/12/2019,-83
3/13/2019,-85
3/14/2019,-93
3/15/2019,-0.1
3/18/2019,-121
3/19/2019,-134
3/20/2019,-116
3/21/2019,-129
3/22/2019,-99
3/25/2019,-81
3/26/2019,-82
3/27/2019,-93
3/28/2019,-97
3/29/2019,-114
4/1/2019,-144
4/2/2019,-154
4/3/2019,-167
4/4/2019,-0.17
4/5/2019,-169
4/8/2019,-171
4/9/2019,-175
4/10/2019,-0.17
4/11/2019,-163
4/12/2019,-0.17
4/15/2019,-166
4/16/2019,-182
4/17/2019,-185
4/18/2019,-176
4/22/2019,-0.17
4/23/2019,-173
4/24/2019,-0.16
4/25/2019,-148
4/26/2019,-0.14
4/29/2019,-141
4/30/2019,-137
5/1/2019,-141
5/2/2019,-0.14
5/3/2019,-141
5/6/2019,-121
5/7/2019,-102
5/8/2019,-102
5/9/2019,-71
5/10/2019,-82
5/13/2019,-52
5/14/2019,-28
5/15/2019,-24
5/16/2019,-26
5/17/2019,-15
5/20/2019,-15
5/21/2019,-25
5/22/2019,-29
5/23/2019,23
5/24/2019,18
5/28/2019,23
5/29/2019,17
5/30/2019,29
5/31/2019,21
6/3/2019,41
6/4/2019,31
6/5/2019,27
6/6/2019,26
6/7/2019,33
6/10/2019,1
6/11/2019,-0.01
6/12/2019,3
6/13/2019,0.02
6/14/2019,22
6/17/2019,28
6/18/2019,12
6/19/2019,4
6/20/2019,-6
6/21/2019,-12
6/24/2019,-12
6/25/2019,-1
6/26/2019,-13
6/27/2019,-16
6/28/2019,-19
7/1/2019,-47
7/2/2019,-32
7/3/2019,-47
7/5/2019,-66
7/8/2019,-55
7/9/2019,-58
7/10/2019,-46
7/11/2019,-64
7/12/2019,-64
7/15/2019,-74
7/16/2019,-72
7/17/2019,-59
7/18/2019,-47
7/19/2019,-57
7/22/2019,-67
7/23/2019,-76
7/24/2019,-75
7/25/2019,-82
7/26/2019,-89
7/29/2019,-85
7/30/2019,-0.08
7/31/2019,-89
8/1/2019,-0.02
8/2/2019,-3
8/5/2019,64
8/6/2019,64
8/7/2019,75
8/8/2019,63
8/9/2019,44
8/12/2019,84
8/13/2019,97
8/14/2019,113
8/15/2019,123
8/16/2019,111
8/19/2019,95
8/20/2019,101
8/21/2019,88
8/22/2019,88
8/23/2019,107
8/26/2019,117
8/27/2019,122
8/28/2019,124
8/29/2019,111
8/30/2019,81
9/3/2019,69
9/4/2019,52
9/5/2019,14
9/6/2019,-4
9/9/2019,-18
9/10/2019,-29
9/11/2019,-27
9/12/2019,-58
9/13/2019,-81
9/16/2019,42
9/17/2019,74
9/18/2019,66
9/19/2019,74
9/20/2019,73
9/23/2019,82
9/24/2019,104
9/25/2019,99
9/26/2019,101
9/27/2019,0.11
9/30/2019,96
10/1/2019,107
10/2/2019,126
10/3/2019,135
10/4/2019,0.12
10/7/2019,109
10/8/2019,0.12
10/9/2019,112
10/10/2019,97
10/11/2019,66
10/14/2019,64
10/15/2019,0.06
10/16/2019,-46
10/17/2019,-82
10/18/2019,-0.08
10/21/2019,-95
10/22/2019,-98
10/23/2019,-88
10/24/2019,-101
10/25/2019,-107
10/28/2019,-125
10/29/2019,-127
10/30/2019,-113
10/31/2019,-124
11/1/2019,-134
11/4/2019,-157
11/5/2019,-173
11/6/2019,-156
11/7/2019,-178
11/8/2019,-0.17
11/11/2019,-0.16
11/12/2019,-165
11/13/2019,-152
11/14/2019,-147
11/15/2019,-163
11/18/2019,-157
11/19/2019,-148
11/20/2019,-133
11/21/2019,-129
11/22/2019,-157
11/25/2019,-0.16
11/26/2019,-151
11/27/2019,-178
11/29/2019,-0.17
12/2/2019,-0.16
12/3/2019,-141
12/4/2019,-145
12/5/2019,-0.14
12/6/2019,-158
12/9/2019,-158
12/10/2019,-0.16
12/11/2019,-158
12/12/2019,-193
12/13/2019,-195
12/16/2019,-207
12/17/2019,-227
12/18/2019,-237
12/19/2019,-238
12/20/2019,-246
12/23/2019,-258
12/24/2019,-0.25
12/26/2019,-248
12/27/2019,-253
12/30/2019,-254
12/31/2019,-249
1/2/2020,-262
1/3/2020,-245
1/6/2020,-0.24
1/7/2020,-247
1/8/2020,-236
1/9/2020,-248
1/10/2020,-246
1/13/2020,-0.26
1/14/2020,-258
1/15/2020,-252
1/16/2020,-261
1/17/2020,-266
1/21/2020,-0.24
1/22/2020,-242
1/23/2020,-227
1/24/2020,-0.21
1/27/2020,-181
1/28/2020,-191
1/29/2020,-179
1/30/2020,-0.16
1/31/2020,-145
2/3/2020,-122
2/4/2020,-175
2/5/2020,-181
2/6/2020,-191
2/7/2020,-182
2/10/2020,-0.17
2/11/2020,-183
2/12/2020,-191
2/13/2020,-184
2/14/2020,-176
2/18/2020,-162
2/19/2020,-163
2/20/2020,-149
2/21/2020,-131
2/24/2020,-83
2/25/2020,-74
2/26/2020,-48
2/27/2020,-15
2/28/2020,57
3/2/2020,44
3/3/2020,43
3/4/2020,-3
3/5/2020,19
3/6/2020,135
3/9/2020,472
3/10/2020,446
3/11/2020,485
3/12/2020,646
3/13/2020,618
3/16/2020,804
3/17/2020,811
3/18/2020,963
3/19/2020,"1,148"
3/20/2020,"1,094"
3/23/2020,"1,232"
3/24/2020,"1,146"
3/25/2020,1.04
3/26/2020,971
3/27/2020,994
3/30/2020,"1,041"
3/31/2020,"1,003"
4/1/2020,"1,071"
4/2/2020,"1,143"
4/3/2020,"1,181"
4/6/2020,"1,149"
4/7/2020,"1,084"
4/8/2020,"1,003"
4/9/2020,953
4/13/2020,946
4/14/2020,907
4/15/2020,923
4/16/2020,921
4/17/2020,846
4/20/2020,833
4/21/2020,964
4/22/2020,961
4/23/2020,957
4/24/2020,974
4/27/2020,953
4/28/2020,947
4/29/2020,907
4/30/2020,882
5/1/2020,884
5/4/2020,853
5/5/2020,827
5/6/2020,813
5/7/2020,0.82
5/8/2020,786
5/11/2020,764
5/12/2020,768
5/13/2020,778
5/14/2020,793
5/15/2020,765
5/18/2020,716
5/19/2020,695
5/20/2020,652
5/21/2020,502
5/22/2020,577
5/26/2020,495
5/27/2020,483
5/28/2020,479
5/29/2020,0.44
6/1/2020,504
6/2/2020,472
6/3/2020,421
6/4/2020,363
6/5/2020,315
6/8/2020,154
6/9/2020,155
6/10/2020,0.16
6/11/2020,228
6/12/2020,228
6/15/2020,233
6/16/2020,0.18
6/17/2020,0.17
6/18/2020,173
6/19/2020,165
6/22/2020,0.16
6/23/2020,143
6/24/2020,0.17
6/25/2020,177
6/26/2020,179
6/29/2020,0.19
6/30/2020,185
7/1/2020,147
7/2/2020,122
7/6/2020,82
7/7/2020,82
7/8/2020,62
7/9/2020,63
7/10/2020,0.07
7/13/2020,38
7/14/2020,61
7/15/2020,43
7/16/2020,57
7/17/2020,45
7/20/2020,29
7/21/2020,5
7/22/2020,5
7/23/2020,9
7/24/2020,127
7/27/2020,-13
7/28/2020,-12
7/29/2020,-27
7/30/2020,-18
7/31/2020,-25
8/3/2020,-32
8/4/2020,-41
8/5/2020,-61
8/6/2020,-69
8/7/2020,-59
8/10/2020,-62
8/11/2020,-92
8/12/2020,-0.09
8/13/2020,-0.09
8/14/2020,-0.08
8/17/2020,-73
8/18/2020,-61
8/19/2020,-66
8/20/2020,-44
8/21/2020,-51
8/24/2020,-72
8/25/2020,-76
8/26/2020,-73
8/27/2020,-71
8/28/2020,-36
8/31/2020,0.19
9/1/2020,-95
9/2/2020,-98
9/3/2020,-86
9/4/2020,-82
9/8/2020,-41
9/9/2020,-36
9/10/2020,-0.04
9/11/2020,-46
9/14/2020,-56
9/15/2020,-0.06
9/16/2020,-0.05
9/17/2020,-35
9/18/2020,-31
9/21/2020,7
9/22/2020,17
9/23/2020,26
9/24/2020,0.05
9/25/2020,0.05
9/28/2020,45
9/29/2020,0.05
9/30/2020,28
10/1/2020,26
10/2/2020,31
10/5/2020,24
10/6/2020,12
10/7/2020,3
10/8/2020,-0.02
10/9/2020,-32
10/12/2020,-42
10/13/2020,-36
10/14/2020,-0.03
10/15/2020,-16
10/16/2020,24
10/19/2020,-37
10/20/2020,-42
10/21/2020,-47
10/22/2020,-47
10/23/2020,-43
10/26/2020,-27
10/27/2020,-21
10/28/2020,4
10/29/2020,4
10/30/2020,7
11/2/2020,17
11/3/2020,-7
11/4/2020,-0.02
11/5/2020,-65
11/6/2020,-0.07
11/9/2020,-106
11/10/2020,-91
11/11/2020,-94
11/12/2020,-87
11/13/2020,-95
11/16/2020,-0.11
11/17/2020,-54
11/18/2020,-64
11/19/2020,-55
11/20/2020,-108
11/23/2020,-119
11/24/2020,-119
11/25/2020,-121
11/27/2020,-138
11/30/2020,-126
12/1/2020,-176
12/2/2020,-184
12/3/2020,-191
12/4/2020,-214
12/7/2020,-207
12/8/2020,-216
12/9/2020,-254
12/10/2020,-0.25
12/11/2020,-248
12/14/2020,-247
12/15/2020,-255
12/16/2020,-271
12/17/2020,-282
12/18/2020,-282
12/21/2020,-262
12/22/2020,-0.25
12/23/2020,-262
12/24/2020,-263
12/28/2020,-269
12/29/2020,-0.28
12/30/2020,-297
12/31/2020,-303
1/4/2021,-307
1/5/2021,-301
1/6/2021,-0.31
1/7/2021,-318
1/8/2021,-337
1/11/2021,-344
1/12/2021,-335
1/13/2021,-338
1/14/2021,-347
1/15/2021,-329
1/19/2021,-336
1/20/2021,-353
1/21/2021,-363
1/22/2021,-352
1/25/2021,-355
1/26/2021,-342
1/27/2021,-334
1/28/2021,-321
1/29/2021,-318
2/1/2021,-331
2/2/2021,-0.35
2/3/2021,-361
2/4/2021,-377
2/5/2021,-388
2/8/2021,-383
2/9/2021,-394
2/10/2021,-398
2/11/2021,-448
2/12/2021,-458
2/16/2021,-471
2/17/2021,-458
2/18/2021,-457
2/19/2021,-454
2/22/2021,-381
2/23/2021,-0.39
2/24/2021,-0.37
2/25/2021,-365
2/26/2021,-283
3/1/2021,-321
3/2/2021,-0.3
3/3/2021,-318
3/4/2021,-0.3
3/5/2021,-0.26
3/8/2021,-205
3/9/2021,-195
3/10/2021,-209
3/11/2021,-245
3/12/2021,-232
3/15/2021,-221
3/16/2021,-233
3/17/2021,-0.23
3/18/2021,-224
3/19/2021,-218
3/22/2021,-132
3/23/2021,-96
3/24/2021,-68
3/25/2021,-78
3/26/2021,-82
3/29/2021,-77
3/30/2021,-71
3/31/2021,-106
4/1/2021,-127
4/5/2021,-135
4/6/2021,-146
4/7/2021,-145
4/8/2021,-141
4/9/2021,-136
4/12/2021,-61
4/13/2021,-66
4/14/2021,-76
4/15/2021,-73
4/16/2021,-88
4/19/2021,-119
4/20/2021,-193
4/21/2021,-179
4/22/2021,-197
4/23/2021,-234
4/26/2021,-252
4/27/2021,-271
4/28/2021,-271
4/29/2021,-282
4/30/2021,-267
5/3/2021,-254
5/4/2021,-241
5/5/2021,-254
5/6/2021,-275
5/7/2021,-294
5/10/2021,-288
5/11/2021,-274
5/12/2021,-261
5/13/2021,-228
5/14/2021,-0.26
5/17/2021,-265
5/18/2021,-285
5/19/2021,-273
5/20/2021,-266
5/21/2021,-204
5/24/2021,-253
5/25/2021,-259
5/26/2021,-272
5/27/2021,-273
5/28/2021,-152
6/1/2021,-181
6/2/2021,-178
6/3/2021,-185
6/4/2021,-177
6/7/2021,-196
6/8/2021,-203
6/9/2021,-199
6/10/2021,-206
6/11/2021,-215
6/14/2021,-219
6/15/2021,-211
6/16/2021,-222
6/17/2021,-197
6/18/2021,-194
6/21/2021,-191
6/22/2021,-197
6/23/2021,-222
6/24/2021,-247
6/25/2021,-268
6/28/2021,-249
6/29/2021,-245
6/30/2021,-238
7/1/2021,-229
7/2/2021,-217
7/6/2021,-171
7/7/2021,-156
7/8/2021,-126
7/9/2021,-142
7/12/2021,-158
7/13/2021,-171
7/14/2021,-157
7/15/2021,-175
7/16/2021,-0.18
7/19/2021,-97
7/20/2021,-88
7/21/2021,-0.09
7/22/2021,-101
7/23/2021,-103
7/26/2021,-0.07
7/27/2021,-38
7/28/2021,-48
7/29/2021,-76
7/30/2021,-204
8/2/2021,-199
8/3/2021,-195
8/4/2021,-0.2
8/5/2021,-203
8/6/2021,-195
8/9/2021,-193
8/10/2021,-202
8/11/2021,-199
8/12/2021,-0.21
8/13/2021,-203
8/16/2021,-0.18
8/17/2021,-146
8/18/2021,-181
8/19/2021,-0.14
8/20/2021,-138
8/23/2021,-108
8/24/2021,-144
8/25/2021,-0.16
8/26/2021,-157
8/27/2021,-147
8/30/2021,-0.16
8/31/2021,-181
9/1/2021,-197
9/2/2021,-195
9/3/2021,-204
9/7/2021,-213
9/8/2021,-196
9/9/2021,-188
9/10/2021,-204
9/13/2021,-217
9/14/2021,-211
9/15/2021,-209
9/16/2021,-197
9/17/2021,-189
9/20/2021,-135
9/21/2021,-144
9/22/2021,-169
9/23/2021,-204
9/24/2021,-197
9/27/2021,-202
9/28/2021,-188
9/29/2021,-177
9/30/2021,-183
10/1/2021,-175
10/4/2021,-163
10/5/2021,-158
10/6/2021,-0.13
10/7/2021,-164
10/8/2021,-166
10/11/2021,-171
10/12/2021,-147
10/13/2021,-157
10/14/2021,-168
10/15/2021,-204
10/18/2021,-198
10/19/2021,-207
10/20/2021,-217
10/21/2021,-0.2
10/22/2021,-199
10/25/2021,-195
10/26/2021,-196
10/27/2021,-0.18
10/28/2021,-182
10/29/2021,-171
11/1/2021,-0.16
11/2/2021,-154
11/3/2021,-162
11/4/2021,-158
11/5/2021,-148
11/8/2021,-175
11/9/2021,-165
11/10/2021,-175
11/11/2021,-0.18
11/12/2021,-183
11/15/2021,-183
11/16/2021,-164
11/17/2021,-154
11/18/2021,-115
11/19/2021,-88
11/22/2021,-92
11/23/2021,-23
11/24/2021,-7
11/26/2021,133
11/29/2021,128
11/30/2021,136
12/1/2021,141
12/2/2021,136
12/3/2021,183
12/6/2021,0.17
12/7/2021,126
12/8/2021,105
12/9/2021,97
12/10/2021,92
12/13/2021,107
12/14/2021,108
12/15/2021,111
12/16/2021,111
12/17/2021,121
12/20/2021,174
12/21/2021,153
12/22/2021,153
12/23/2021,136
12/27/2021,145
12/28/2021,83
12/29/2021,79
12/30/2021,73
12/31/2021,38
1/3/2022,"-63,623,924"
1/4/2022,"-71,772,251"
1/5/2022,"-96,300,554"
1/6/2022,"-8,474,424"
1/7/2022,"-142,314,061"
1/10/2022,"-137,866,807"
1/11/2022,"-157,775,544"
1/12/2022,"-173,961,977"
1/13/2022,"-16,131,637"
1/14/2022,"-155,008,537"
1/18/2022,"-161,403,279"
1/19/2022,"-168,561,242"
1/20/2022,"-194,422,219"
1/21/2022,"-178,262,858"
1/24/2022,"-13,628,057"
1/25/2022,"-145,657,526"
1/26/2022,"-177,442,291"
1/27/2022,"-159,088,406"
1/28/2022,"-146,894,099"
1/31/2022,"-183,800,619"
2/1/2022,"-195,053,212"
2/2/2022,"-201,943,539"
2/3/2022,"-206,529,111"
2/4/2022,"-220,872,489"
2/7/2022,"-210,287,633"
2/8/2022,"-212,275,778"
2/9/2022,"-238,786,899"
2/10/2022,"-254,449,048"
2/11/2022,"-193,904,444"
2/14/2022,"-154,591,958"
2/15/2022,"-189,156,826"
2/16/2022,"-20,783,837"
2/17/2022,"-180,721,911"
2/18/2022,"-180,667,035"
2/22/2022,"-140,510,992"
2/23/2022,"-138,349,366"
2/24/2022,"74,559,951"
2/28/2022,"86,882,527"
3/1/2022,"203,138,761"
3/2/2022,"231,014,035"
3/3/2022,"251,548,392"
3/4/2022,"362,036,766"
3/7/2022,"47,100,792"
3/8/2022,"492,196,232"
3/9/2022,"417,257,109"
3/10/2022,"443,426,045"
3/11/2022,"448,903,558"
3/14/2022,"476,401,049"
3/15/2022,"498,494,556"
3/16/2022,"434,455,038"
3/17/2022,"32,750,408"
3/18/2022,"314,697,294"
3/21/2022,"28,320,027"
3/22/2022,"263,282,932"
3/23/2022,"273,468,605"
3/24/2022,"284,579,121"
3/25/2022,"248,791,516"
3/28/2022,"272,307,182"
3/29/2022,"249,176,518"
3/30/2022,"218,404,962"
3/31/2022,"40,524,285"
4/1/2022,"15,554,354"
4/4/2022,"-20,895,145"
4/5/2022,"-53,471,407"
4/6/2022,"-29,848,117"
4/7/2022,"-35,135,326"
4/8/2022,"-38,682,979"
4/11/2022,"-2,845,564"
4/12/2022,"-8,671,629"
4/13/2022,"-467,872"
4/14/2022,"-43,154,991"
4/15/2022,"-41,671,456"
4/18/2022,"-4,416,757"
4/19/2022,"-37,195,522"
4/20/2022,"-26,567,199"
4/21/2022,"-2,278,165"
4/22/2022,"225,661"
4/25/2022,"66,507,355"
4/26/2022,"8,773,803"
4/27/2022,"78,507,305"
4/28/2022,"144,332,341"
4/29/2022,"113,476,722"
5/2/2022,"131,795,704"
5/3/2022,"134,611,591"
5/4/2022,"124,415,896"
5/5/2022,"117,297,547"
5/6/2022,"152,985,394"
5/9/2022,"224,602,554"
5/10/2022,"229,111,843"
5/11/2022,"234,121,369"
5/12/2022,"280,944,111"
5/13/2022,"258,552,182"
5/16/2022,"270,459,298"
5/17/2022,"23,984,896"
5/18/2022,"266,182,528"
5/19/2022,"297,340,824"
5/20/2022,"287,563,302"
5/23/2022,"233,845,434"
5/24/2022,"239,573,698"
5/25/2022,"229,828,257"
5/26/2022,"231,675,236"
5/27/2022,"2,072,958"
5/30/2022,"206,076,816"
5/31/2022,"151,833,607"
6/1/2022,"493,470,382"
6/2/2022,"148,929,179"
6/3/2022,"135,594,162"
6/6/2022,"1,194,217"
6/7/2022,"151,632,763"
6/8/2022,"168,836,716"
6/9/2022,"171,212,164"
6/10/2022,"192,225,377"
6/13/2022,"273,009,729"
6/14/2022,"276,096,886"
6/15/2022,"283,259,759"
6/16/2022,"29,541,954"
6/17/2022,"284,657,324"
6/20/2022,"269,280,888"
6/21/2022,"219,595,813"
6/22/2022,"260,694,529"
6/23/2022,"264,442,568"
6/24/2022,"226,901,452"
6/27/2022,"208,632,263"
6/28/2022,"219,287,407"
6/29/2022,"251,550,239"
6/30/2022,"276,536,546"
7/1/2022,"302,802,232"
7/4/2022,"299,332,247"
7/5/2022,"344,619,983"
7/6/2022,"341,140,963"
7/7/2022,"333,717,101"
7/8/2022,"306,434,237"
7/11/2022,"354,158,433"
7/12/2022,"399,041,243"
7/13/2022,"411,153,654"
7/14/2022,"45,168,124"
7/15/2022,"436,894,785"
7/18/2022,"419,843,197"
7/19/2022,"406,906,446"
7/20/2022,"378,910,937"
7/21/2022,"394,635,644"
7/22/2022,"381,444,868"
7/25/2022,"35,503,395"
7/26/2022,"347,778,689"
7/27/2022,"36,207,757"
7/28/2022,"352,908,229"
7/29/2022,"319,069,339"
8/1/2022,"34,043,505"
8/2/2022,"32,551,423"
8/3/2022,"331,618,978"
8/4/2022,"322,837,027"
8/5/2022,"275,920,094"
8/8/2022,"289,167,331"
8/9/2022,"274,201,056"
8/10/2022,"250,065,757"
8/11/2022,"182,576,219"
8/12/2022,"180,379,339"
8/15/2022,"214,736,204"
8/16/2022,"210,437,954"
8/17/2022,"214,971,395"
8/18/2022,"238,426,647"
8/19/2022,"247,145,507"
8/22/2022,"253,005,708"
8/23/2022,"247,120,101"
8/24/2022,"22,067,992"
8/25/2022,"205,775,243"
8/26/2022,"178,217,143"
8/29/2022,"204,329,246"
8/30/2022,"199,032,008"
8/31/2022,"172,711,405"
9/1/2022,"192,563,304"
9/2/2022,"19,547,854"
9/5/2022,"204,590,592"
9/6/2022,"196,311,886"
9/7/2022,"214,612,394"
9/8/2022,"164,918,691"
9/9/2022,"147,531,675"
9/12/2022,"120,397,372"
9/13/2022,"132,858,445"
9/14/2022,"144,920,479"
9/15/2022,"161,749,487"
9/16/2022,"191,259,739"
9/19/2022,"183,974,331"
9/20/2022,"18,366,278"
9/21/2022,"198,977,125"
9/22/2022,"177,058,264"
9/23/2022,"229,296,449"
9/26/2022,"266,060,318"
9/27/2022,"275,767,781"
9/28/2022,"399,002,871"
9/29/2022,"405,463,821"
9/30/2022,"367,682,035"
10/3/2022,"37,954,639"
10/4/2022,"337,538,671"
10/5/2022,"334,078,529"
10/6/2022,"322,277,068"
10/7/2022,"341,187,195"
10/10/2022,"354,667,678"
10/11/2022,"390,225,926"
10/12/2022,"415,176,095"
10/13/2022,"437,328,055"
10/14/2022,"410,576,123"
10/17/2022,"412,309,924"
10/18/2022,"401,276,633"
10/19/2022,"416,122,974"
10/20/2022,"418,700,619"
10/21/2022,"451,609,422"
10/24/2022,"483,064,398"
10/25/2022,"510,509,257"
10/26/2022,"495,284,138"
10/27/2022,"512,754,604"
10/28/2022,"478,185,655"
10/31/2022,"460,577,182"
11/1/2022,"431,549,582"
11/2/2022,"425,568,112"
11/3/2022,"433,244,108"
11/4/2022,"399,369,334"
11/7/2022,"374,177,785"
11/8/2022,"377,473,763"
11/9/2022,"387,373,313"
11/10/2022,"428,544,952"
11/11/2022,"413,076,043"
11/14/2022,"32,803,578"
11/15/2022,"310,889,593"
11/16/2022,"309,516,444"
11/17/2022,"330,544,892"
11/18/2022,"297,039,194"
11/21/2022,"305,743,875"
11/22/2022,"302,874,054"
11/23/2022,"293,272,375"
11/24/2022,"287,053,422"
11/25/2022,"258,895,146"
11/28/2022,"257,881,842"
11/29/2022,"21,669,918"
11/30/2022,"207,877,873"
12/1/2022,"20,874,907"
12/2/2022,"179,668,332"
12/5/2022,"147,728,616"
12/6/2022,"1,623,213"
12/7/2022,"18,047,056"
12/8/2022,"136,665,198"
12/9/2022,"98,239,179"
12/12/2022,"93,532,148"
12/13/2022,"67,186,034"
12/14/2022,"33,052,926"
12/15/2022,"44,826,219"
12/16/2022,"54,260,051"
12/19/2022,"447,184"
12/20/2022,"46,812,627"
12/21/2022,"41,715,117"
12/22/2022,"42,585,177"
12/23/2022,"46,089,464"
12/26/2022,"58,259,912"
12/27/2022,"3,863,491"
12/28/2022,"34,370,852"
12/29/2022,"53,012,069"
12/30/2022,"46,156,067"
1/2/2023,"56,636,682"
1/3/2023,"53,881,204"
1/4/2023,"49,813,429"
1/5/2023,"39,128,503"
1/6/2023,"43,699,673"
1/9/2023,"4,256,133"
1/10/2023,"3,199,596"
1/11/2023,"31,394,702"
1/12/2023,"41,292,842"
1/13/2023,"10,435,661"
1/16/2023,"24,575,969"
1/17/2023,"8,670,545"
1/18/2023,"21,344,093"
1/19/2023,"1,386,134"
1/20/2023,"-2,263,674"
1/23/2023,"-11,775,683"
1/24/2023,"-4,356,458"
1/25/2023,"195,004"
1/26/2023,"-15,842,803"
1/27/2023,"-19,063,695"
1/30/2023,"-14,728,702"
1/31/2023,"-21,460,609"
2/1/2023,"-12,324,201"
2/2/2023,"-33,112,734"
2/3/2023,"-50,614,381"
2/6/2023,"-52,771,359"
2/7/2023,"-4,767,415"
2/8/2023,"-32,151,867"
2/9/2023,"-39,142,338"
2/10/2023,"-27,714,457"
2/13/2023,"-16,124,031"
2/14/2023,"-24,917,561"
2/15/2023,"-2,040,398"
2/16/2023,"-27,505,818"
2/17/2023,"-1,427,505"
2/20/2023,"-2,619,182"
2/21/2023,"-514,936"
2/22/2023,"8,818,733"
2/23/2023,"-422,043"
2/24/2023,"-8,374,185"
2/27/2023,"-88,495"
2/28/2023,"34,188"
3/1/2023,"-7,498,705"
3/2/2023,"-1,345,459"
3/3/2023,6.75E-05
3/6/2023,"-12,625,058"
3/7/2023,"-12,801,041"
3/8/2023,"-5,688,881"
3/9/2023,"26,677,179"
3/10/2023,"65,674,974"
3/13/2023,"96,974,179"
3/14/2023,"8,735,092"
3/15/2023,"135,259,271"
3/16/2023,"112,935,533"
3/17/2023,"140,796,759"
3/20/2023,"150,793,196"
3/21/2023,"116,895,958"
3/22/2023,"143,759,602"
3/23/2023,"140,525,779"
3/24/2023,"14,986,859"
3/27/2023,"125,742,621"
3/28/2023,"122,336,998"
3/29/2023,"111,934,766"
3/30/2023,"114,949,907"
3/31/2023,"111,969,876"
4/3/2023,"111,998,434"
4/4/2023,"124,445,088"
4/5/2023,"132,369,254"
4/6/2023,"133,490,895"
4/7/2023,"119,300,389"
4/10/2023,"117,562,991"
4/11/2023,"112,380,336"
4/12/2023,"115,070,925"
4/13/2023,"106,223,347"
4/14/2023,"8,842,738"
4/17/2023,"81,182,246"
4/18/2023,"89,489,963"
4/19/2023,"100,158,274"
4/20/2023,"113,590,678"
4/21/2023,"108,790,524"
4/24/2023,"12,191,103"
4/25/2023,"137,538,394"
4/26/2023,"135,850,652"
4/27/2023,"119,868,211"
4/28/2023,"110,943,804"
5/1/2023,"89,544,317"
5/2/2023,"129,007,584"
5/3/2023,"138,352,485"
5/4/2023,"140,009,314"
5/5/2023,"128,426,849"
5/8/2023,"118,894,143"
5/9/2023,"120,417,827"
5/10/2023,"13,676,525"
5/11/2023,"139,358,943"
5/12/2023,"13,197,008"
5/15/2023,"143,524,013"
5/16/2023,"135,501,926"
5/17/2023,"139,931,294"
5/18/2023,"127,963,341"
5/19/2023,"125,359,972"
5/22/2023,"121,530,854"
5/23/2023,"13,127,341"
5/24/2023,"129,225,804"
5/25/2023,"115,634,785"
5/26/2023,"121,049,891"
5/29/2023,"121,642,395"
5/30/2023,"120,496,765"
5/31/2023,"12,571,214"
6/1/2023,"131,874,346"
6/2/2023,"90,628,286"
6/5/2023,"94,463,292"
6/6/2023,"87,605,674"
6/7/2023,"64,746,354"
6/8/2023,"80,410,265"
6/9/2023,"66,678,772"
6/12/2023,"65,900,757"
6/13/2023,"39,195,867"
6/14/2023,"37,170,015"
6/15/2023,"48,217,702"
6/16/2023,"30,855,141"
6/19/2023,"32,446,625"
6/20/2023,"47,385,324"
6/21/2023,"46,528,762"
6/22/2023,"35,748,245"
6/23/2023,"48,097,072"
6/26/2023,53
6/27/2023,0.04
6/28/2023,53
6/29/2023,38
6/30/2023,32
7/3/2023,19
7/4/2023,19
7/5/2023,11
7/6/2023,15
7/7/2023,22
7/10/2023,31
7/11/2023,17
7/12/2023,29
7/13/2023,28
7/14/2023,9
7/17/2023,13
7/18/2023,12
7/19/2023,0.02
7/20/2023,5
7/21/2023,11
7/24/2023,7
7/25/2023,4
7/26/2023,5
7/27/2023,-27
7/28/2023,-0.02
7/31/2023,-29
8/1/2023,-33
8/2/2023,-16
8/3/2023,-18
8/4/2023,1
8/7/2023,-7
8/8/2023,5
8/9/2023,3
8/10/2023,-16
8/11/2023,-0.02
8/14/2023,-11
8/15/2023,5
8/16/2023,3
8/17/2023,18
8/18/2023,28
8/21/2023,26
8/22/2023,23
8/23/2023,32
8/24/2023,17
8/25/2023,24
8/28/2023,27
8/29/2023,36
8/30/2023,29
8/31/2023,29
9/1/2023,13
9/4/2023,12
9/5/2023,6
9/6/2023,6
9/7/2023,19
9/8/2023,12
9/11/2023,12
9/12/2023,15
9/13/2023,0.02
9/14/2023,0.01
9/15/2023,3
9/18/2023,12
9/19/2023,5
9/20/2023,0
9/21/2023,8
9/22/2023,16
9/25/2023,8
9/26/2023,18
9/27/2023,343
9/28/2023,35
9/29/2023,8
10/2/2023,0
10/3/2023,9
10/4/2023,36
10/5/2023,42
10/6/2023,33
10/9/2023,34
10/10/2023,44
10/11/2023,43
10/12/2023,25
10/13/2023,46
10/16/2023,39
10/17/2023,23
10/18/2023,28
10/19/2023,35
10/20/2023,57
10/23/2023,0.07
10/24/2023,57
10/25/2023,37
10/26/2023,65
10/27/2023,62
10/30/2023,0.06
10/31/2023,25
11/1/2023,48
11/2/2023,26
11/3/2023,23
11/6/2023,0.26
11/7/2023,17
11/8/2023,17
11/9/2023,2
11/10/2023,0.01
11/13/2023,38
11/14/2023,27
11/15/2023,-3
11/16/2023,8
11/17/2023,2
11/20/2023,-4
11/21/2023,-15
11/22/2023,-19
11/23/2023,-21
11/24/2023,-31
11/27/2023,-15
11/28/2023,-6
11/29/2023,-16
11/30/2023,-39
12/1/2023,-19
12/4/2023,-33
12/5/2023,-28
12/6/2023,-0.03
12/7/2023,-35
12/8/2023,-0.05
12/11/2023,-0.05
12/12/2023,-48
12/13/2023,-21
12/14/2023,-55
12/15/2023,-62
12/18/2023,-0.07
12/19/2023,-74
12/20/2023,-64
12/21/2023,-72
12/22/2023,-71
12/25/2023,-69
12/26/2023,-69
12/27/2023,-56
12/28/2023,-74
12/29/2023,-92
1/1/2024,-92
1/2/2024,-94
1/3/2024,-68
1/4/2024,-78
1/5/2024,-78
1/8/2024,-64
1/9/2024,-63
1/10/2024,-76
1/11/2024,-72
1/12/2024,-71
1/15/2024,-71
1/16/2024,-83
1/17/2024,-75
1/18/2024,-0.08
1/19/2024,-78
1/22/2024,-72
1/23/2024,-73
1/24/2024,-88
1/25/2024,-81
1/26/2024,-88
1/29/2024,-84
1/30/2024,-77
1/31/2024,-74
2/1/2024,-78
2/2/2024,-105
2/5/2024,-114
2/6/2024,-108
2/7/2024,-0.11
2/8/2024,-111
2/9/2024,-113
2/12/2024,-74
2/13/2024,-94
2/15/2024,-91
2/16/2024,-142
2/19/2024,-141
2/20/2024,-148
2/21/2024,-159
2/22/2024,-166
2/23/2024,-161
2/26/2024,-165
2/27/2024,-167
2/28/2024,-159
2/29/2024,-157
3/1/2024,-151
3/4/2024,-154
3/5/2024,-0.14
3/6/2024,-141
3/7/2024,-139
3/8/2024,-139
3/11/2024,-147
3/12/2024,-161
3/13/2024,-169
3/14/2024,-181
3/15/2024,-175
3/18/2024,-175
3/19/2024,-0.17
3/20/2024,-0.17
3/21/2024,-185
3/22/2024,-174
3/25/2024,-178
3/26/2024,-177
3/27/2024,-171
3/28/2024,-185
3/29/2024,-186
4/1/2024,-194
4/2/2024,-192
4/3/2024,-0.12
4/4/2024,-187
4/5/2024,-199
4/8/2024,-207
4/9/2024,-203
4/10/2024,-231
4/11/2024,-0.22
4/12/2024,-198
4/15/2024,-197
4/16/2024,-186
4/17/2024,-178
4/18/2024,-191
4/19/2024,-188
4/22/2024,-193
4/23/2024,-196
4/24/2024,-199
4/25/2024,-0.2
4/26/2024,-202
4/29/2024,-0.2
4/30/2024,-198
5/1/2024,-184
5/2/2024,-184
5/3/2024,-186
5/6/2024,-0.19
5/7/2024,-187
5/8/2024,-197
5/9/2024,-0.19
5/10/2024,-0.2
5/13/2024,-201
5/14/2024,-196
5/15/2024,-197
5/16/2024,-216
5/17/2024,-221
5/20/2024,-226
5/21/2024,-219
5/22/2024,-219
5/23/2024,-223
5/24/2024,-216
5/27/2024,-217
5/28/2024,-208
5/29/2024,-227
5/30/2024,-213
5/31/2024,-201
6/3/2024,-195
6/4/2024,-179
6/5/2024,-175
6/6/2024,-178
6/7/2024,-0.2
6/10/2024,-207
6/11/2024,-193
6/12/2024,-196
6/13/2024,-186
6/14/2024,-0.18
6/17/2024,-186
6/18/2024,-182
6/19/2024,-186
6/20/2024,-0.19
6/21/2024,-187
6/24/2024,-182
6/25/2024,-185
6/26/2024,-195
6/27/2024,-186
6/28/2024,-184
7/1/2024,-185
7/2/2024,-175
7/3/2024,-177
7/4/2024,-0.18
7/5/2024,-176
7/8/2024,-183
7/9/2024,-186
7/10/2024,-187
7/11/2024,-192
7/12/2024,-187
7/15/2024,-189
7/16/2024,-179
7/17/2024,-172
7/18/2024,-177
7/19/2024,-176
7/22/2024,-176
7/23/2024,-179
7/24/2024,-178
7/25/2024,-168
7/26/2024,-0.16
7/29/2024,-163
7/30/2024,-156
7/31/2024,-153
8/1/2024,-144
8/2/2024,-105
8/5/2024,-74
8/6/2024,-98
8/7/2024,-118
8/8/2024,-123
8/9/2024,-128
8/12/2024,-123
8/13/2024,-121
8/14/2024,-129
8/15/2024,-146
8/16/2024,-148
8/19/2024,-155
8/20/2024,-0.15
8/21/2024,-149
8/22/2024,-156
8/23/2024,-148
8/26/2024,-158
8/27/2024,-156
8/28/2024,-157
8/29/2024,-161
8/30/2024,-174
9/2/2024,-173
9/3/2024,-152
9/4/2024,-132
9/5/2024,-138
9/6/2024,-138
9/9/2024,-131
9/10/2024,-119
9/11/2024,-121
9/12/2024,-134
9/13/2024,-139
9/16/2024,-0.14
9/17/2024,-153
9/18/2024,-167
9/19/2024,-175
9/20/2024,-178
9/23/2024,-178
9/24/2024,-181
9/25/2024,-195
9/26/2024,-207
9/27/2024,-207
9/30/2024,-222
10/1/2024,-218
10/2/2024,-229
10/3/2024,-236
10/4/2024,-255
10/7/2024,-256
10/8/2024,-242
10/9/2024,-251
10/10/2024,-247
10/11/2024,-249
10/14/2024,-253
10/15/2024,-247
10/16/2024,-246
10/17/2024,-256
10/18/2024,-0.26
10/21/2024,-268
10/22/2024,-257
10/23/2024,-257
10/24/2024,-253
10/25/2024,-262
10/28/2024,-265
10/29/2024,-261
10/30/2024,-269
10/31/2024,-264
11/1/2024,-278
11/4/2024,-268
11/5/2024,-268
11/6/2024,-285
11/7/2024,-281
11/8/2024,-289
11/11/2024,-285
11/12/2024,-294
11/13/2024,-0.29
11/14/2024,-288
11/15/2024,-198
11/18/2024,-188
11/19/2024,-191
11/20/2024,-196
11/21/2024,-196
11/22/2024,-192
11/25/2024,-259
11/26/2024,-266
11/27/2024,-0.26
11/28/2024,-257
11/29/2024,-0.26
12/2/2024,-267
12/3/2024,-279
12/4/2024,-273
12/5/2024,-275
12/6/2024,-276
12/9/2024,-292
12/10/2024,-293
12/11/2024,-299
12/12/2024,-308
12/13/2024,-311
12/16/2024,-304
12/17/2024,-296
12/18/2024,-0.32
12/19/2024,-295
12/20/2024,-283
12/23/2024,-294
12/24/2024,-294
12/25/2024,-294
12/26/2024,-0.29
12/27/2024,-298
12/30/2024,-278
12/31/2024,-296
1/1/2025,-297
1/2/2025,-289
1/3/2025,-302
1/6/2025,-298
1/7/2025,-312
1/8/2025,-294
1/9/2025,-0.3
1/10/2025,-304
1/13/2025,-294
1/14/2025,-295
1/15/2025,-284
1/16/2025,-283
1/17/2025,-289
1/20/2025,-292
1/21/2025,-0.29
1/22/2025,-0.3
1/23/2025,-303
1/24/2025,-305
1/27/2025,-286
1/28/2025,-289
1/29/2025,-295
1/30/2025,-296
1/31/2025,-299
2/3/2025,-286
2/4/2025,-291
2/5/2025,-288
