Date,OFR FSI,Emerging markets
1/3/2011,0.453,-0.223
1/4/2011,0.258,-0.235
1/5/2011,0.172,-0.246
1/6/2011,0.2,-0.225
1/7/2011,0.239,-0.203
1/10/2011,0.317,-0.178
1/11/2011,0.114,-0.192
1/12/2011,-0.13,-0.208
1/13/2011,-0.179,-0.201
1/14/2011,-0.305,-0.202
1/18/2011,-0.387,-0.202
1/19/2011,-0.275,-0.197
1/20/2011,-0.154,-0.195
1/21/2011,-0.25,-0.178
1/24/2011,-0.327,-0.176
1/25/2011,-0.424,-0.164
1/26/2011,-0.524,-0.172
1/27/2011,-0.588,-0.164
1/28/2011,-0.338,-0.132
1/31/2011,-0.204,-0.136
2/1/2011,-0.358,-0.162
2/2/2011,-0.49,-0.176
2/3/2011,-0.495,-0.181
2/4/2011,-0.687,-0.189
2/7/2011,-0.714,-0.183
2/8/2011,-0.901,-0.197
2/9/2011,-0.88,-0.17
2/10/2011,-0.841,-0.165
2/11/2011,-0.896,-0.164
2/14/2011,-0.839,-0.159
2/15/2011,-0.864,-0.151
2/16/2011,-0.948,-0.158
2/17/2011,-0.866,-0.153
2/18/2011,-0.955,-0.163
2/22/2011,-0.429,-0.122
2/23/2011,-0.35,-0.105
2/24/2011,-0.222,-0.098
2/25/2011,-0.46,-0.111
2/28/2011,-0.626,-0.115
3/1/2011,-0.509,-0.116
3/2/2011,-0.48,-0.129
3/3/2011,-0.839,-0.154
3/4/2011,-0.793,-0.146
3/7/2011,-0.688,-0.146
3/8/2011,-0.767,-0.158
3/9/2011,-0.736,-0.146
3/10/2011,-0.431,-0.115
3/11/2011,-0.285,-0.116
3/14/2011,0.313,-0.116
3/15/2011,1.719,-0.074
3/16/2011,2.104,-0.057
3/17/2011,1.867,-0.058
3/18/2011,1.097,-0.069
3/21/2011,0.652,-0.086
3/22/2011,0.19,-0.095
3/23/2011,0.211,-0.106
3/24/2011,0.008,-0.122
3/25/2011,-0.223,-0.154
3/28/2011,-0.131,-0.15
3/29/2011,-0.258,-0.151
3/30/2011,-0.352,-0.164
3/31/2011,-0.297,-0.131
4/1/2011,-0.426,-0.14
4/4/2011,-0.493,-0.149
4/5/2011,-0.64,-0.157
4/6/2011,-0.754,-0.173
4/7/2011,-0.743,-0.175
4/8/2011,-0.834,-0.175
4/11/2011,-0.766,-0.165
4/12/2011,-0.388,-0.134
4/13/2011,-0.562,-0.137
4/14/2011,-0.621,-0.158
4/15/2011,-0.684,-0.15
4/18/2011,-0.385,-0.139
4/19/2011,-0.476,-0.14
4/20/2011,-0.731,-0.163
4/21/2011,-0.765,-0.169
4/25/2011,-0.736,-0.163
4/26/2011,-0.7,-0.159
4/27/2011,-0.877,-0.165
4/28/2011,-0.991,-0.161
4/29/2011,-0.988,-0.164
5/2/2011,-0.908,-0.169
5/3/2011,-0.785,-0.147
5/4/2011,-0.719,-0.138
5/5/2011,-0.279,-0.069
5/6/2011,-0.297,-0.068
5/9/2011,-0.142,-0.04
5/10/2011,-0.307,-0.059
5/11/2011,-0.259,-0.045
5/12/2011,-0.179,-0.046
5/13/2011,-0.098,-0.039
5/16/2011,-0.016,-0.029
5/17/2011,-0.038,-0.024
5/18/2011,-0.204,-0.033
5/19/2011,-0.282,-0.034
5/20/2011,-0.185,-0.034
5/23/2011,0.215,-0.011
5/24/2011,0.15,-0.011
5/25/2011,0.23,-0.002
5/26/2011,0.215,-0.001
5/27/2011,0.194,-0.009
5/31/2011,-0.024,-0.017
6/1/2011,0.135,-0.01
6/2/2011,0.247,-0.017
6/3/2011,0.187,-0.008
6/6/2011,0.151,-0.046
6/7/2011,-0.024,-0.049
6/8/2011,0.025,-0.064
6/9/2011,-0.062,-0.07
6/10/2011,0.072,-0.079
6/13/2011,0.156,-0.067
6/14/2011,-0.05,-0.09
6/15/2011,0.456,-0.058
6/16/2011,0.849,-0.035
6/17/2011,0.709,-0.03
6/20/2011,0.694,-0.032
6/21/2011,0.501,-0.043
6/22/2011,0.406,-0.04
6/23/2011,0.828,0.01
6/24/2011,0.965,0.01
6/27/2011,1.001,0.002
6/28/2011,0.721,-0.017
6/29/2011,0.406,-0.03
6/30/2011,-0.218,-0.028
7/1/2011,-0.431,-0.044
7/5/2011,-0.444,-0.038
7/6/2011,-0.322,-0.032
7/7/2011,-0.451,-0.035
7/8/2011,-0.285,-0.013
7/11/2011,0.445,0.016
7/12/2011,0.893,0.032
7/13/2011,0.71,0.025
7/14/2011,0.791,0.016
7/15/2011,0.829,0.022
7/18/2011,1.081,0.024
7/19/2011,0.924,0.024
7/20/2011,0.708,0.006
7/21/2011,0.317,-0.012
7/22/2011,0.103,-0.019
7/25/2011,0.233,-0.052
7/26/2011,0.268,-0.061
7/27/2011,0.579,-0.065
7/28/2011,0.702,-0.066
7/29/2011,0.982,-0.06
8/1/2011,0.898,-0.069
8/2/2011,1.352,-0.043
8/3/2011,1.458,-0.014
8/4/2011,2.314,0.054
8/5/2011,2.87,0.077
8/8/2011,4.615,0.167
8/9/2011,4.403,0.224
8/10/2011,5.049,0.238
8/11/2011,4.886,0.221
8/12/2011,4.542,0.227
8/15/2011,3.779,0.191
8/16/2011,3.679,0.197
8/17/2011,3.495,0.19
8/18/2011,4.595,0.231
8/19/2011,4.96,0.251
8/22/2011,4.991,0.257
8/23/2011,4.61,0.246
8/24/2011,4.553,0.235
8/25/2011,4.749,0.252
8/26/2011,4.578,0.257
8/29/2011,4.106,0.219
8/30/2011,4.01,0.224
8/31/2011,3.716,0.195
9/1/2011,3.796,0.203
9/2/2011,4.278,0.227
9/6/2011,5.287,0.245
9/7/2011,4.671,0.194
9/8/2011,4.588,0.197
9/9/2011,5.268,0.219
9/12/2011,5.847,0.239
9/13/2011,5.52,0.238
9/14/2011,5.368,0.252
9/15/2011,4.743,0.24
9/16/2011,4.676,0.238
9/19/2011,5.179,0.288
9/20/2011,5.163,0.287
9/21/2011,5.56,0.306
9/22/2011,6.721,0.443
9/23/2011,6.629,0.464
9/26/2011,6.517,0.48
9/27/2011,5.779,0.424
9/28/2011,5.984,0.434
9/29/2011,5.867,0.44
9/30/2011,6.244,0.421
10/3/2011,6.886,0.481
10/4/2011,6.93,0.529
10/5/2011,6.558,0.504
10/6/2011,5.961,0.441
10/7/2011,5.579,0.392
10/10/2011,5.176,0.394
10/11/2011,5.043,0.333
10/12/2011,4.629,0.283
10/13/2011,4.722,0.278
10/14/2011,4.409,0.265
10/17/2011,4.787,0.268
10/18/2011,4.831,0.285
10/19/2011,4.792,0.271
10/20/2011,5.08,0.298
10/21/2011,4.764,0.277
10/24/2011,4.373,0.227
10/25/2011,4.564,0.227
10/26/2011,4.485,0.206
10/27/2011,3.505,0.129
10/28/2011,3.38,0.128
10/31/2011,3.928,0.157
11/1/2011,5.002,0.2
11/2/2011,4.838,0.195
11/3/2011,4.597,0.175
11/4/2011,4.434,0.157
11/7/2011,4.504,0.169
11/8/2011,4.316,0.154
11/9/2011,5.114,0.182
11/10/2011,5.215,0.195
11/11/2011,4.843,0.181
11/14/2011,4.951,0.183
11/15/2011,5.055,0.184
11/16/2011,5.266,0.182
11/17/2011,5.595,0.213
11/18/2011,5.536,0.221
11/21/2011,5.994,0.249
11/22/2011,5.963,0.263
11/23/2011,6.228,0.301
11/25/2011,6.368,0.306
11/28/2011,6.062,0.274
11/29/2011,5.896,0.261
11/30/2011,5.154,0.221
12/1/2011,4.926,0.179
12/2/2011,4.837,0.181
12/5/2011,4.619,0.166
12/6/2011,4.613,0.171
12/7/2011,4.498,0.171
12/8/2011,4.754,0.187
12/9/2011,4.573,0.186
12/12/2011,4.706,0.198
12/13/2011,4.828,0.217
12/14/2011,5.196,0.247
12/15/2011,4.943,0.25
12/16/2011,4.703,0.253
12/19/2011,4.746,0.261
12/20/2011,4.478,0.244
12/21/2011,4.362,0.222
12/22/2011,4.236,0.216
12/23/2011,4.167,0.193
12/27/2011,4.235,0.197
12/28/2011,4.447,0.212
12/29/2011,4.37,0.208
12/30/2011,4.366,0.202
1/3/2012,4.045,0.201
1/4/2012,3.827,0.201
1/5/2012,3.854,0.209
1/6/2012,3.686,0.216
1/9/2012,3.483,0.211
1/10/2012,3.131,0.194
1/11/2012,3.165,0.204
1/12/2012,2.95,0.19
1/13/2012,2.926,0.183
1/17/2012,2.763,0.16
1/18/2012,2.555,0.146
1/19/2012,2.31,0.112
1/20/2012,2.148,0.101
1/23/2012,2.053,0.089
1/24/2012,2.015,0.093
1/25/2012,1.916,0.094
1/26/2012,1.725,0.08
1/27/2012,1.764,0.079
1/30/2012,1.985,0.093
1/31/2012,1.932,0.09
2/1/2012,1.703,0.067
2/2/2012,1.442,0.03
2/3/2012,1.225,0.014
2/6/2012,1.346,0.018
2/7/2012,1.259,0.009
2/8/2012,1.13,-0.002
2/9/2012,1.017,-0.014
2/10/2012,1.317,0.014
2/13/2012,1.076,-0.007
2/14/2012,1.101,0.001
2/15/2012,1.173,-0.006
2/16/2012,1.198,-0.007
2/17/2012,0.974,-0.026
2/21/2012,0.753,-0.042
2/22/2012,0.744,-0.043
2/23/2012,0.651,-0.04
2/24/2012,0.543,-0.049
2/27/2012,0.639,-0.033
2/28/2012,0.614,-0.035
2/29/2012,0.548,-0.064
3/1/2012,0.417,-0.064
3/2/2012,0.365,-0.061
3/5/2012,0.421,-0.052
3/6/2012,0.811,-0.02
3/7/2012,0.697,-0.018
3/8/2012,0.41,-0.042
3/9/2012,0.307,-0.051
3/12/2012,0.24,-0.048
3/13/2012,-0.032,-0.078
3/14/2012,-0.092,-0.098
3/15/2012,-0.205,-0.089
3/16/2012,-0.333,-0.089
3/19/2012,-0.374,-0.099
3/20/2012,-0.31,-0.085
3/21/2012,-0.314,-0.072
3/22/2012,-0.179,-0.062
3/23/2012,-0.199,-0.058
3/26/2012,-0.346,-0.059
3/27/2012,-0.357,-0.063
3/28/2012,-0.348,-0.055
3/29/2012,-0.216,-0.041
3/30/2012,-0.319,-0.053
4/2/2012,-0.299,-0.015
4/3/2012,-0.292,-0.038
4/4/2012,0.045,-0.012
4/5/2012,0.205,-0.001
4/9/2012,0.381,0.023
4/10/2012,0.795,0.048
4/11/2012,0.72,0.043
4/12/2012,0.402,0.032
4/13/2012,0.564,0.034
4/16/2012,0.697,0.051
4/17/2012,0.421,0.035
4/18/2012,0.414,0.036
4/19/2012,0.412,0.035
4/20/2012,0.288,0.035
4/23/2012,0.56,0.051
4/24/2012,0.41,0.037
4/25/2012,0.171,0.029
4/26/2012,0.091,0.029
4/27/2012,-0.02,0.025
4/30/2012,0.051,0.014
5/1/2012,0.021,0.004
5/2/2012,0.059,-0.005
5/3/2012,0.035,-0.004
5/4/2012,0.159,0.018
5/7/2012,0.263,0.025
5/8/2012,0.437,0.038
5/9/2012,0.789,0.056
5/10/2012,0.585,0.042
5/11/2012,0.761,0.057
5/14/2012,1.349,0.091
5/15/2012,1.473,0.108
5/16/2012,1.678,0.127
5/17/2012,1.98,0.165
5/18/2012,2.357,0.184
5/21/2012,2.057,0.178
5/22/2012,1.792,0.159
5/23/2012,2.26,0.2
5/24/2012,2.15,0.193
5/25/2012,2.072,0.196
5/29/2012,1.876,0.173
5/30/2012,2.369,0.213
5/31/2012,2.549,0.224
6/1/2012,3.03,0.257
6/4/2012,3.028,0.256
6/5/2012,2.757,0.235
6/6/2012,2.274,0.199
6/7/2012,1.994,0.179
6/8/2012,2.121,0.186
6/11/2012,2.124,0.184
6/12/2012,2.071,0.178
6/13/2012,2.184,0.174
6/14/2012,2.114,0.175
6/15/2012,2.1,0.152
6/18/2012,1.639,0.139
6/19/2012,1.302,0.122
6/20/2012,1.033,0.117
6/21/2012,1.163,0.142
6/22/2012,1.052,0.151
6/25/2012,1.333,0.166
6/26/2012,1.221,0.163
6/27/2012,1.08,0.162
6/28/2012,1.165,0.175
6/29/2012,0.785,0.16
7/2/2012,0.792,0.128
7/3/2012,0.572,0.102
7/5/2012,0.666,0.103
7/6/2012,0.749,0.117
7/9/2012,0.836,0.128
7/10/2012,0.748,0.129
7/11/2012,0.668,0.129
7/12/2012,0.736,0.141
7/13/2012,0.51,0.121
7/16/2012,0.505,0.118
7/17/2012,0.397,0.102
7/18/2012,0.252,0.102
7/19/2012,0.083,0.088
7/20/2012,0.264,0.092
7/23/2012,0.799,0.126
7/24/2012,0.966,0.139
7/25/2012,0.962,0.143
7/26/2012,0.628,0.122
7/27/2012,0.338,0.076
7/30/2012,0.379,0.068
7/31/2012,0.438,0.03
8/1/2012,0.425,0.018
8/2/2012,0.355,0.025
8/3/2012,-0.053,0.003
8/6/2012,-0.147,-0.013
8/7/2012,-0.301,-0.028
8/8/2012,-0.307,-0.037
8/9/2012,-0.403,-0.056
8/10/2012,-0.45,-0.047
8/13/2012,-0.485,-0.043
8/14/2012,-0.543,-0.058
8/15/2012,-0.55,-0.06
8/16/2012,-0.625,-0.063
8/17/2012,-0.656,-0.046
8/20/2012,-0.652,-0.05
8/21/2012,-0.712,-0.06
8/22/2012,-0.653,-0.062
8/23/2012,-0.609,-0.062
8/24/2012,-0.608,-0.054
8/27/2012,-0.531,-0.043
8/28/2012,-0.506,-0.037
8/29/2012,-0.462,-0.037
8/30/2012,-0.29,-0.023
8/31/2012,-0.307,-0.018
9/4/2012,-0.424,-0.035
9/5/2012,-0.434,-0.025
9/6/2012,-0.852,-0.058
9/7/2012,-1.123,-0.074
9/10/2012,-1.061,-0.082
9/11/2012,-1.049,-0.091
9/12/2012,-1.221,-0.108
9/13/2012,-1.379,-0.105
9/14/2012,-1.697,-0.156
9/17/2012,-1.686,-0.145
9/18/2012,-1.646,-0.143
9/19/2012,-1.703,-0.129
9/20/2012,-1.611,-0.113
9/21/2012,-1.729,-0.112
9/24/2012,-1.641,-0.102
9/25/2012,-1.571,-0.09
9/26/2012,-1.203,-0.071
9/27/2012,-1.37,-0.08
9/28/2012,-1.33,-0.085
10/1/2012,-1.405,-0.057
10/2/2012,-1.463,-0.063
10/3/2012,-1.507,-0.059
10/4/2012,-1.614,-0.051
10/5/2012,-1.776,-0.068
10/8/2012,-1.648,-0.061
10/9/2012,-1.495,-0.054
10/10/2012,-1.478,-0.049
10/11/2012,-1.531,-0.054
10/12/2012,-1.531,-0.06
10/15/2012,-1.678,-0.066
10/16/2012,-1.821,-0.084
10/17/2012,-1.966,-0.11
10/18/2012,-1.994,-0.119
10/19/2012,-1.868,-0.109
10/22/2012,-1.895,-0.112
10/23/2012,-1.624,-0.095
10/24/2012,-1.688,-0.097
10/25/2012,-1.754,-0.108
10/26/2012,-1.651,-0.087
10/31/2012,-1.671,-0.085
11/1/2012,-1.825,-0.094
11/2/2012,-1.823,-0.103
11/5/2012,-1.724,-0.112
11/6/2012,-1.769,-0.113
11/7/2012,-1.557,-0.084
11/8/2012,-1.496,-0.075
11/9/2012,-1.406,-0.061
11/12/2012,-1.463,-0.062
11/13/2012,-1.455,-0.046
11/14/2012,-1.411,-0.04
11/15/2012,-1.318,-0.028
11/16/2012,-1.326,-0.022
11/19/2012,-1.558,-0.028
11/20/2012,-1.697,-0.037
11/21/2012,-1.762,-0.043
11/23/2012,-1.849,-0.053
11/26/2012,-1.813,-0.06
11/27/2012,-1.901,-0.064
11/28/2012,-1.887,-0.058
11/29/2012,-1.996,-0.071
11/30/2012,-1.97,-0.08
12/3/2012,-1.979,-0.088
12/4/2012,-1.999,-0.091
12/5/2012,-2.069,-0.099
12/6/2012,-2.111,-0.11
12/7/2012,-2.169,-0.132
12/10/2012,-2.145,-0.139
12/11/2012,-2.267,-0.151
12/12/2012,-2.28,-0.161
12/13/2012,-2.272,-0.166
12/14/2012,-2.296,-0.165
12/17/2012,-2.448,-0.172
12/18/2012,-2.631,-0.189
12/19/2012,-2.599,-0.201
12/20/2012,-2.601,-0.206
12/21/2012,-2.356,-0.193
12/24/2012,-2.32,-0.194
12/26/2012,-2.301,-0.189
12/27/2012,-2.264,-0.185
12/28/2012,-2.06,-0.19
12/31/2012,-2.274,-0.171
1/2/2013,-2.712,-0.204
1/3/2013,-2.829,-0.227
1/4/2013,-2.836,-0.226
1/7/2013,-2.884,-0.229
1/8/2013,-2.88,-0.216
1/9/2013,-2.905,-0.214
1/10/2013,-2.992,-0.221
1/11/2013,-2.944,-0.214
1/14/2013,-2.965,-0.221
1/15/2013,-2.9,-0.211
1/16/2013,-2.844,-0.212
1/17/2013,-2.802,-0.223
1/18/2013,-2.795,-0.228
1/22/2013,-2.91,-0.228
1/23/2013,-2.977,-0.226
1/24/2013,-2.969,-0.226
1/25/2013,-2.986,-0.244
1/28/2013,-2.853,-0.241
1/29/2013,-2.976,-0.243
1/30/2013,-2.824,-0.231
1/31/2013,-2.807,-0.222
2/1/2013,-2.905,-0.228
2/4/2013,-2.598,-0.209
2/5/2013,-2.632,-0.212
2/6/2013,-2.583,-0.202
2/7/2013,-2.552,-0.199
2/8/2013,-2.614,-0.203
2/11/2013,-2.625,-0.199
2/12/2013,-2.699,-0.206
2/13/2013,-2.784,-0.217
2/14/2013,-2.817,-0.219
2/15/2013,-2.797,-0.222
2/19/2013,-2.901,-0.224
2/20/2013,-2.765,-0.216
2/21/2013,-2.512,-0.191
2/22/2013,-2.615,-0.19
2/25/2013,-2.338,-0.185
2/26/2013,-2.106,-0.166
2/27/2013,-2.324,-0.175
2/28/2013,-2.475,-0.182
3/1/2013,-2.473,-0.176
3/4/2013,-2.551,-0.173
3/5/2013,-2.781,-0.181
3/6/2013,-2.861,-0.197
3/7/2013,-2.993,-0.203
3/8/2013,-3.144,-0.217
3/11/2013,-3.22,-0.213
3/12/2013,-3.205,-0.208
3/13/2013,-3.212,-0.2
3/14/2013,-3.337,-0.198
3/15/2013,-3.336,-0.186
3/18/2013,-2.935,-0.17
3/19/2013,-2.659,-0.151
3/20/2013,-2.888,-0.151
3/21/2013,-2.728,-0.145
3/22/2013,-2.561,-0.137
3/25/2013,-2.666,-0.144
3/26/2013,-2.731,-0.144
3/27/2013,-2.608,-0.137
3/28/2013,-2.687,-0.14
4/1/2013,-2.422,-0.13
4/2/2013,-2.551,-0.133
4/3/2013,-2.445,-0.11
4/4/2013,-2.548,-0.107
4/5/2013,-2.451,-0.098
4/8/2013,-2.493,-0.106
4/9/2013,-2.599,-0.113
4/10/2013,-2.796,-0.126
4/11/2013,-2.865,-0.129
4/12/2013,-2.758,-0.115
4/15/2013,-2.436,-0.095
4/16/2013,-2.633,-0.096
4/17/2013,-2.416,-0.08
4/18/2013,-2.35,-0.069
4/19/2013,-2.573,-0.085
4/22/2013,-2.607,-0.085
4/23/2013,-2.778,-0.088
4/24/2013,-2.853,-0.093
4/25/2013,-2.926,-0.1
4/26/2013,-2.878,-0.09
4/29/2013,-2.942,-0.096
4/30/2013,-2.991,-0.108
5/1/2013,-2.958,-0.103
5/2/2013,-3.003,-0.096
5/3/2013,-3.198,-0.123
5/6/2013,-3.171,-0.127
5/7/2013,-3.272,-0.139
5/8/2013,-3.333,-0.142
5/9/2013,-3.283,-0.151
5/10/2013,-3.328,-0.148
5/13/2013,-3.289,-0.14
5/14/2013,-3.344,-0.149
5/15/2013,-3.343,-0.151
5/16/2013,-3.292,-0.14
5/17/2013,-3.333,-0.163
5/20/2013,-3.333,-0.158
5/21/2013,-3.322,-0.15
5/22/2013,-3.301,-0.162
5/23/2013,-2.643,-0.127
5/24/2013,-2.68,-0.127
5/28/2013,-2.751,-0.138
5/29/2013,-2.495,-0.1
5/30/2013,-2.391,-0.097
5/31/2013,-2.251,-0.094
6/3/2013,-2.159,-0.078
6/4/2013,-2.234,-0.09
6/5/2013,-1.904,-0.058
6/6/2013,-1.836,-0.035
6/7/2013,-1.971,-0.046
6/10/2013,-2.057,-0.029
6/11/2013,-1.696,0.021
6/12/2013,-1.58,0.005
6/13/2013,-1.356,0.011
6/14/2013,-1.56,-0.005
6/17/2013,-1.756,-0.013
6/18/2013,-1.778,0
6/19/2013,-1.698,-0.009
6/20/2013,-0.962,0.077
6/21/2013,-0.983,0.091
6/24/2013,-0.445,0.144
6/25/2013,-0.742,0.125
6/26/2013,-0.992,0.096
6/27/2013,-1.297,0.065
6/28/2013,-1.405,0.027
7/1/2013,-1.365,0.014
7/2/2013,-1.44,0.005
7/3/2013,-1.223,0.031
7/5/2013,-1.486,0.003
7/8/2013,-1.519,0.039
7/9/2013,-1.774,0.028
7/10/2013,-1.778,0.024
7/11/2013,-1.902,0.013
7/12/2013,-1.981,0
7/15/2013,-2.044,-0.006
7/16/2013,-2.022,-0.018
7/17/2013,-2.201,-0.024
7/18/2013,-2.35,-0.047
7/19/2013,-2.414,-0.033
7/22/2013,-2.623,-0.064
7/23/2013,-2.734,-0.085
7/24/2013,-2.701,-0.082
7/25/2013,-2.611,-0.064
7/26/2013,-2.464,-0.059
7/29/2013,-2.272,-0.058
7/30/2013,-2.336,-0.053
7/31/2013,-2.253,-0.037
8/1/2013,-2.481,-0.058
8/2/2013,-2.602,-0.04
8/5/2013,-2.637,-0.055
8/6/2013,-2.617,-0.051
8/7/2013,-2.424,-0.034
8/8/2013,-2.441,-0.039
8/9/2013,-2.456,-0.041
8/12/2013,-2.512,-0.048
8/13/2013,-2.59,-0.07
8/14/2013,-2.56,-0.067
8/15/2013,-2.347,-0.057
8/16/2013,-2.314,-0.061
8/19/2013,-2.16,-0.035
8/20/2013,-2.009,-0.007
8/21/2013,-1.853,-0.001
8/22/2013,-1.914,0.001
8/23/2013,-2.04,-0.002
8/26/2013,-1.951,-0.003
8/27/2013,-1.6,0.047
8/28/2013,-1.506,0.052
8/29/2013,-1.547,0.048
8/30/2013,-1.453,0.038
9/3/2013,-1.547,0.021
9/4/2013,-1.682,0.021
9/5/2013,-1.729,0.004
9/6/2013,-1.753,0.003
9/9/2013,-1.936,-0.011
9/10/2013,-2.168,-0.03
9/11/2013,-2.279,-0.033
9/12/2013,-2.279,-0.045
9/13/2013,-2.315,-0.039
9/16/2013,-2.367,-0.058
9/17/2013,-2.39,-0.054
9/18/2013,-2.475,-0.032
9/19/2013,-2.72,-0.084
9/20/2013,-2.719,-0.073
9/23/2013,-2.648,-0.067
9/24/2013,-2.611,-0.049
9/25/2013,-2.599,-0.041
9/26/2013,-2.647,-0.051
9/27/2013,-2.541,-0.047
9/30/2013,-2.12,0.009
10/1/2013,-2.269,-0.006
10/2/2013,-2.191,-0.001
10/3/2013,-2.189,-0.007
10/4/2013,-2.289,-0.021
10/7/2013,-2.116,-0.018
10/8/2013,-2.069,-0.023
10/9/2013,-2.016,-0.027
10/10/2013,-2.392,-0.04
10/11/2013,-2.642,-0.051
10/14/2013,-2.592,-0.053
10/15/2013,-2.631,-0.067
10/16/2013,-2.8,-0.071
10/17/2013,-2.961,-0.068
10/18/2013,-3.143,-0.092
10/21/2013,-3.172,-0.101
10/22/2013,-3.277,-0.091
10/23/2013,-3.162,-0.082
10/24/2013,-3.235,-0.077
10/25/2013,-3.184,-0.071
10/28/2013,-3.21,-0.07
10/29/2013,-3.238,-0.069
10/30/2013,-3.19,-0.077
10/31/2013,-3.072,-0.102
11/1/2013,-2.952,-0.089
11/4/2013,-3.016,-0.081
11/5/2013,-2.908,-0.072
11/6/2013,-3,-0.064
11/7/2013,-2.861,-0.053
11/8/2013,-2.924,-0.047
11/11/2013,-2.972,-0.049
11/12/2013,-2.947,-0.039
11/13/2013,-2.967,-0.02
11/14/2013,-3.074,-0.032
11/15/2013,-3.187,-0.05
11/18/2013,-3.2,-0.073
11/19/2013,-3.195,-0.076
11/20/2013,-3.128,-0.077
11/21/2013,-3.162,-0.056
11/22/2013,-3.241,-0.062
11/25/2013,-3.248,-0.064
11/26/2013,-3.227,-0.056
11/27/2013,-3.284,-0.067
11/29/2013,-3.227,-0.073
12/2/2013,-3.17,-0.073
12/3/2013,-3.087,-0.067
12/4/2013,-2.973,-0.068
12/5/2013,-2.934,-0.076
12/6/2013,-3.139,-0.083
12/9/2013,-3.199,-0.091
12/10/2013,-3.169,-0.089
12/11/2013,-3.041,-0.09
12/12/2013,-2.959,-0.088
12/13/2013,-2.93,-0.089
12/16/2013,-2.961,-0.092
12/17/2013,-2.927,-0.082
12/18/2013,-3.201,-0.088
12/19/2013,-3.342,-0.101
12/20/2013,-3.342,-0.095
12/23/2013,-3.435,-0.112
12/24/2013,-3.456,-0.123
12/26/2013,-3.496,-0.119
12/27/2013,-3.491,-0.121
12/30/2013,-3.439,-0.119
12/31/2013,-3.404,-0.127
1/2/2014,-3.228,-0.103
1/3/2014,-3.3,-0.099
1/6/2014,-3.178,-0.091
1/7/2014,-3.308,-0.088
1/8/2014,-3.364,-0.101
1/9/2014,-3.391,-0.087
1/10/2014,-3.483,-0.078
1/13/2014,-3.398,-0.084
1/14/2014,-3.402,-0.088
1/15/2014,-3.469,-0.101
1/16/2014,-3.444,-0.097
1/17/2014,-3.453,-0.094
1/21/2014,-3.468,-0.099
1/22/2014,-3.483,-0.1
1/23/2014,-3.236,-0.067
1/24/2014,-2.668,-0.037
1/27/2014,-2.536,-0.023
1/28/2014,-2.704,-0.026
1/29/2014,-2.555,-0.011
1/30/2014,-2.476,-0.014
1/31/2014,-2.229,0.006
2/3/2014,-1.9,0.013
2/4/2014,-1.99,0.006
2/5/2014,-2.017,-0.006
2/6/2014,-2.342,-0.024
2/7/2014,-2.591,-0.02
2/10/2014,-2.677,-0.021
2/11/2014,-2.844,-0.037
2/12/2014,-2.947,-0.055
2/13/2014,-2.848,-0.039
2/14/2014,-2.916,-0.054
2/18/2014,-3.006,-0.051
2/19/2014,-2.952,-0.057
2/20/2014,-2.903,-0.05
2/21/2014,-3.011,-0.064
2/24/2014,-3.053,-0.072
2/25/2014,-3.126,-0.062
2/26/2014,-3.075,-0.062
2/27/2014,-3.026,-0.069
2/28/2014,-3.116,-0.086
3/3/2014,-2.642,-0.042
3/4/2014,-2.945,-0.07
3/5/2014,-3.021,-0.071
3/6/2014,-3.158,-0.087
3/7/2014,-3.138,-0.084
3/10/2014,-3.04,-0.067
3/11/2014,-3.109,-0.07
3/12/2014,-2.981,-0.046
3/13/2014,-2.733,-0.029
3/14/2014,-2.452,-0.018
3/17/2014,-2.683,-0.03
3/18/2014,-2.847,-0.045
3/19/2014,-2.892,-0.064
3/20/2014,-2.919,-0.051
3/21/2014,-2.936,-0.05
3/24/2014,-2.904,-0.06
3/25/2014,-2.98,-0.072
3/26/2014,-3.043,-0.085
3/27/2014,-3.009,-0.099
3/28/2014,-3.114,-0.115
3/31/2014,-3.1,-0.119
4/1/2014,-3.25,-0.13
4/2/2014,-3.298,-0.146
4/3/2014,-3.299,-0.137
4/4/2014,-3.286,-0.135
4/7/2014,-3.15,-0.132
4/8/2014,-3.177,-0.131
4/9/2014,-3.26,-0.139
4/10/2014,-3.085,-0.141
4/11/2014,-2.865,-0.132
4/14/2014,-2.869,-0.121
4/15/2014,-2.846,-0.11
4/16/2014,-3.066,-0.124
4/17/2014,-3.178,-0.148
4/21/2014,-3.242,-0.15
4/22/2014,-3.274,-0.147
4/23/2014,-3.347,-0.138
4/24/2014,-3.338,-0.136
4/25/2014,-3.185,-0.117
4/28/2014,-3.181,-0.117
4/29/2014,-3.226,-0.127
4/30/2014,-3.256,-0.116
5/1/2014,-3.326,-0.123
5/2/2014,-3.357,-0.128
5/5/2014,-3.34,-0.127
5/6/2014,-3.322,-0.133
5/7/2014,-3.308,-0.147
5/8/2014,-3.4,-0.159
5/9/2014,-3.438,-0.162
5/12/2014,-3.567,-0.172
5/13/2014,-3.568,-0.175
5/14/2014,-3.526,-0.179
5/15/2014,-3.29,-0.171
5/16/2014,-3.343,-0.175
5/19/2014,-3.362,-0.186
5/20/2014,-3.306,-0.172
5/21/2014,-3.429,-0.179
5/22/2014,-3.483,-0.188
5/23/2014,-3.5,-0.192
5/27/2014,-3.542,-0.192
5/28/2014,-3.568,-0.2
5/29/2014,-3.612,-0.21
5/30/2014,-3.629,-0.212
6/2/2014,-3.594,-0.219
6/3/2014,-3.565,-0.229
6/4/2014,-3.574,-0.237
6/5/2014,-3.71,-0.24
6/6/2014,-3.974,-0.268
6/9/2014,-4.017,-0.27
6/10/2014,-4.032,-0.274
6/11/2014,-3.967,-0.269
6/12/2014,-3.81,-0.239
6/13/2014,-3.814,-0.238
6/16/2014,-3.767,-0.23
6/17/2014,-3.876,-0.234
6/18/2014,-3.926,-0.228
6/19/2014,-4.068,-0.237
6/20/2014,-4.096,-0.232
6/23/2014,-4.039,-0.232
6/24/2014,-4.012,-0.237
6/25/2014,-4,-0.228
6/26/2014,-3.979,-0.227
6/27/2014,-3.955,-0.228
6/30/2014,-3.886,-0.204
7/1/2014,-3.979,-0.21
7/2/2014,-4.064,-0.226
7/3/2014,-4.158,-0.228
7/7/2014,-4.068,-0.229
7/8/2014,-3.942,-0.223
7/9/2014,-3.975,-0.219
7/10/2014,-3.774,-0.217
7/11/2014,-3.782,-0.207
7/14/2014,-3.967,-0.233
7/15/2014,-3.926,-0.234
7/16/2014,-3.969,-0.231
7/17/2014,-3.62,-0.199
7/18/2014,-3.759,-0.205
7/21/2014,-3.677,-0.199
7/22/2014,-3.814,-0.211
7/23/2014,-3.852,-0.219
7/24/2014,-3.887,-0.23
7/25/2014,-3.748,-0.208
7/28/2014,-3.721,-0.21
7/29/2014,-3.67,-0.201
7/30/2014,-3.597,-0.216
7/31/2014,-3.252,-0.192
8/1/2014,-3.174,-0.164
8/4/2014,-3.303,-0.169
8/5/2014,-3.205,-0.156
8/6/2014,-3.035,-0.142
8/7/2014,-2.882,-0.128
8/8/2014,-2.685,-0.122
8/11/2014,-2.941,-0.143
8/12/2014,-3.02,-0.154
8/13/2014,-3.108,-0.152
8/14/2014,-3.176,-0.156
8/15/2014,-3.014,-0.149
8/18/2014,-3.219,-0.163
8/19/2014,-3.312,-0.176
8/20/2014,-3.308,-0.179
8/21/2014,-3.354,-0.174
8/22/2014,-3.364,-0.176
8/25/2014,-3.36,-0.178
8/26/2014,-3.409,-0.184
8/27/2014,-3.432,-0.188
8/28/2014,-3.323,-0.177
8/29/2014,-3.335,-0.176
9/2/2014,-3.264,-0.176
9/3/2014,-3.287,-0.181
9/4/2014,-3.264,-0.191
9/5/2014,-3.334,-0.186
9/8/2014,-3.29,-0.189
9/9/2014,-3.11,-0.175
9/10/2014,-3.077,-0.165
9/11/2014,-3.1,-0.166
9/12/2014,-3.122,-0.165
9/15/2014,-3.037,-0.154
9/16/2014,-3.107,-0.144
9/17/2014,-3.235,-0.158
9/18/2014,-3.306,-0.151
9/19/2014,-3.358,-0.15
9/22/2014,-3.219,-0.135
9/23/2014,-3.088,-0.126
9/24/2014,-3.234,-0.137
9/25/2014,-2.987,-0.118
9/26/2014,-2.957,-0.113
9/29/2014,-2.802,-0.084
9/30/2014,-2.657,-0.106
10/1/2014,-2.468,-0.084
10/2/2014,-2.395,-0.091
10/3/2014,-2.628,-0.108
10/6/2014,-2.652,-0.117
10/7/2014,-2.44,-0.105
10/8/2014,-2.487,-0.095
10/9/2014,-2.325,-0.102
10/10/2014,-1.981,-0.077
10/13/2014,-1.826,-0.076
10/14/2014,-1.602,-0.043
10/15/2014,-1.018,-0.012
10/16/2014,-0.888,-0.016
10/17/2014,-1.288,-0.028
10/20/2014,-1.584,-0.034
10/21/2014,-1.836,-0.035
10/22/2014,-1.905,-0.048
10/23/2014,-2.011,-0.041
10/24/2014,-2.047,-0.041
10/27/2014,-2.064,-0.039
10/28/2014,-2.342,-0.061
10/29/2014,-2.424,-0.076
10/30/2014,-2.459,-0.083
10/31/2014,-2.472,-0.094
11/3/2014,-2.342,-0.09
11/4/2014,-2.178,-0.074
11/5/2014,-2.308,-0.071
11/6/2014,-2.324,-0.063
11/7/2014,-2.379,-0.04
11/10/2014,-2.607,-0.066
11/11/2014,-2.625,-0.061
11/12/2014,-2.444,-0.057
11/13/2014,-2.463,-0.056
11/14/2014,-2.412,-0.038
11/17/2014,-2.302,-0.034
11/18/2014,-2.42,-0.035
11/19/2014,-2.467,-0.038
11/20/2014,-2.434,-0.028
11/21/2014,-2.568,-0.044
11/24/2014,-2.64,-0.063
11/25/2014,-2.695,-0.051
11/26/2014,-2.765,-0.061
11/28/2014,-2.509,-0.022
12/1/2014,-2.282,0.03
12/2/2014,-2.306,0.027
12/3/2014,-2.235,0.038
12/4/2014,-2.309,0.041
12/5/2014,-2.423,0.038
12/8/2014,-2.151,0.079
12/9/2014,-1.859,0.113
12/10/2014,-1.47,0.147
12/11/2014,-1.412,0.16
12/12/2014,-1.187,0.205
12/15/2014,-0.929,0.237
12/16/2014,-0.677,0.291
12/17/2014,-0.989,0.234
12/18/2014,-1.42,0.174
12/19/2014,-1.452,0.171
12/22/2014,-1.538,0.145
12/23/2014,-1.649,0.139
12/24/2014,-1.669,0.144
12/26/2014,-1.789,0.145
12/29/2014,-1.593,0.126
12/30/2014,-1.438,0.136
12/31/2014,-1.402,0.09
1/2/2015,-1.369,0.102
1/5/2015,-0.933,0.167
1/6/2015,-0.693,0.204
1/7/2015,-0.817,0.187
1/8/2015,-1.168,0.148
1/9/2015,-1.137,0.151
1/12/2015,-0.959,0.184
1/13/2015,-0.916,0.186
1/14/2015,-0.649,0.218
1/15/2015,-0.34,0.226
1/16/2015,-0.288,0.236
1/20/2015,-0.514,0.227
1/21/2015,-0.747,0.208
1/22/2015,-1.008,0.192
1/23/2015,-0.957,0.172
1/26/2015,-1.131,0.177
1/27/2015,-1.082,0.187
1/28/2015,-0.907,0.206
1/29/2015,-0.92,0.212
1/30/2015,-0.495,0.272
2/2/2015,-0.553,0.271
2/3/2015,-0.767,0.243
2/4/2015,-0.782,0.242
2/5/2015,-0.886,0.233
2/6/2015,-0.998,0.21
2/9/2015,-0.765,0.224
2/10/2015,-0.822,0.237
2/11/2015,-0.808,0.233
2/12/2015,-0.993,0.22
2/13/2015,-1.165,0.2
2/17/2015,-1.254,0.172
2/18/2015,-1.3,0.189
2/19/2015,-1.357,0.174
2/20/2015,-1.327,0.176
2/23/2015,-1.436,0.194
2/24/2015,-1.63,0.198
2/25/2015,-1.832,0.194
2/26/2015,-1.847,0.184
2/27/2015,-1.804,0.176
3/2/2015,-1.845,0.172
3/3/2015,-1.839,0.147
3/4/2015,-1.764,0.156
3/5/2015,-1.818,0.15
3/6/2015,-1.854,0.114
3/9/2015,-1.761,0.135
3/10/2015,-1.351,0.17
3/11/2015,-1.28,0.176
3/12/2015,-1.46,0.166
3/13/2015,-1.371,0.188
3/16/2015,-1.485,0.19
3/17/2015,-1.577,0.157
3/18/2015,-1.532,0.19
3/19/2015,-1.559,0.156
3/20/2015,-1.701,0.151
3/23/2015,-1.659,0.14
3/24/2015,-1.724,0.138
3/25/2015,-1.693,0.129
3/26/2015,-1.509,0.144
3/27/2015,-1.464,0.157
3/30/2015,-1.568,0.138
3/31/2015,-1.319,0.11
4/1/2015,-1.348,0.102
4/2/2015,-1.474,0.082
4/6/2015,-1.577,0.085
4/7/2015,-1.64,0.089
4/8/2015,-1.756,0.079
4/9/2015,-1.848,0.049
4/10/2015,-1.875,0.048
4/13/2015,-1.798,0.045
4/14/2015,-1.809,0.04
4/15/2015,-1.868,0.042
4/16/2015,-1.793,0.045
4/17/2015,-1.529,0.057
4/20/2015,-1.597,0.054
4/21/2015,-1.643,0.05
4/22/2015,-1.716,0.028
4/23/2015,-1.725,0.031
4/24/2015,-1.745,0.017
4/27/2015,-1.78,0.007
4/28/2015,-1.925,-0.014
4/29/2015,-1.853,-0.01
4/30/2015,-1.698,-0.002
5/1/2015,-1.76,-0.016
5/4/2015,-1.818,-0.028
5/5/2015,-1.675,-0.034
5/6/2015,-1.686,-0.05
5/7/2015,-1.537,-0.016
5/8/2015,-1.966,-0.056
5/11/2015,-2.04,-0.076
5/12/2015,-1.936,-0.052
5/13/2015,-2.099,-0.07
5/14/2015,-2.139,-0.061
5/15/2015,-2.181,-0.064
5/18/2015,-2.308,-0.106
5/19/2015,-2.236,-0.094
5/20/2015,-2.232,-0.083
5/21/2015,-2.301,-0.08
5/22/2015,-2.291,-0.087
5/26/2015,-1.961,-0.067
5/27/2015,-2.08,-0.053
5/28/2015,-2.082,-0.043
5/29/2015,-1.945,-0.018
6/1/2015,-1.904,-0.037
6/2/2015,-1.95,-0.041
6/3/2015,-1.959,-0.051
6/4/2015,-1.788,-0.018
6/5/2015,-1.788,-0.025
6/8/2015,-1.684,-0.008
6/9/2015,-1.644,0.002
6/10/2015,-1.706,-0.004
6/11/2015,-1.817,0.005
6/12/2015,-1.682,-0.002
6/15/2015,-1.438,0.016
6/16/2015,-1.446,0.034
6/17/2015,-1.538,0.034
6/18/2015,-1.64,0.006
6/19/2015,-1.559,0.02
6/22/2015,-1.983,-0.014
6/23/2015,-2.154,-0.026
6/24/2015,-2.046,-0.02
6/25/2015,-1.989,-0.024
6/26/2015,-1.978,-0.029
6/29/2015,-1.108,0.025
6/30/2015,-1.135,-0.002
7/1/2015,-1.453,-0.013
7/2/2015,-1.43,-0.008
7/6/2015,-1.108,0.054
7/7/2015,-1.034,0.067
7/8/2015,-0.607,0.105
7/9/2015,-0.878,0.068
7/10/2015,-1.32,0.035
7/13/2015,-1.762,0.026
7/14/2015,-1.936,0.032
7/15/2015,-2.024,0.044
7/16/2015,-2.238,0.035
7/17/2015,-2.3,0.028
7/20/2015,-2.304,0.026
7/21/2015,-2.317,0.032
7/22/2015,-2.232,0.041
7/23/2015,-2.15,0.059
7/24/2015,-1.921,0.077
7/27/2015,-1.607,0.115
7/28/2015,-1.769,0.111
7/29/2015,-1.959,0.09
7/30/2015,-1.98,0.087
7/31/2015,-1.956,0.087
8/3/2015,-1.893,0.117
8/4/2015,-1.928,0.105
8/5/2015,-2.021,0.077
8/6/2015,-1.871,0.097
8/7/2015,-1.868,0.11
8/10/2015,-2.022,0.104
8/11/2015,-1.675,0.131
8/12/2015,-1.318,0.155
8/13/2015,-1.549,0.138
8/14/2015,-1.689,0.139
8/17/2015,-1.667,0.153
8/18/2015,-1.617,0.159
8/19/2015,-1.29,0.194
8/20/2015,-0.908,0.22
8/21/2015,-0.121,0.254
8/24/2015,1.483,0.353
8/25/2015,1.234,0.306
8/26/2015,0.715,0.304
8/27/2015,0.364,0.32
8/28/2015,0.167,0.315
8/31/2015,0.46,0.344
9/1/2015,1.158,0.392
9/2/2015,0.914,0.392
9/3/2015,0.714,0.388
9/4/2015,1.175,0.409
9/8/2015,0.841,0.409
9/9/2015,0.603,0.384
9/10/2015,0.745,0.391
9/11/2015,0.636,0.396
9/14/2015,0.739,0.401
9/15/2015,0.452,0.38
9/16/2015,0.252,0.376
9/17/2015,0.3,0.385
9/18/2015,0.447,0.388
9/21/2015,0.334,0.401
9/22/2015,0.793,0.432
9/23/2015,0.725,0.441
9/24/2015,1.098,0.474
9/25/2015,0.873,0.459
9/28/2015,1.228,0.463
9/29/2015,1.423,0.48
9/30/2015,0.955,0.387
10/1/2015,0.769,0.343
10/2/2015,0.648,0.349
10/5/2015,0.263,0.302
10/6/2015,0.143,0.299
10/7/2015,-0.158,0.254
10/8/2015,-0.31,0.248
10/9/2015,-0.516,0.221
10/12/2015,-0.532,0.229
10/13/2015,-0.364,0.251
10/14/2015,-0.227,0.259
10/15/2015,-0.434,0.228
10/16/2015,-0.649,0.197
10/19/2015,-0.591,0.205
10/20/2015,-0.695,0.198
10/21/2015,-0.69,0.209
10/22/2015,-0.762,0.207
10/23/2015,-0.839,0.173
10/26/2015,-0.8,0.177
10/27/2015,-0.717,0.189
10/28/2015,-0.801,0.185
10/29/2015,-0.835,0.187
10/30/2015,-0.926,0.185
11/2/2015,-0.948,0.172
11/3/2015,-0.982,0.151
11/4/2015,-0.901,0.139
11/5/2015,-0.989,0.133
11/6/2015,-1.094,0.134
11/9/2015,-0.931,0.149
11/10/2015,-0.946,0.165
11/11/2015,-1.009,0.155
11/12/2015,-0.824,0.165
11/13/2015,-0.618,0.186
11/16/2015,-0.598,0.204
11/17/2015,-0.782,0.179
11/18/2015,-0.875,0.17
11/19/2015,-0.994,0.152
11/20/2015,-1.131,0.141
11/23/2015,-1.033,0.147
11/24/2015,-0.966,0.16
11/25/2015,-0.964,0.169
11/27/2015,-1.001,0.165
11/30/2015,-0.877,0.19
12/1/2015,-1.017,0.161
12/2/2015,-0.959,0.167
12/3/2015,-1.058,0.158
12/4/2015,-1.148,0.175
12/7/2015,-1.103,0.202
12/8/2015,-0.877,0.226
12/9/2015,-0.698,0.229
12/10/2015,-0.61,0.236
12/11/2015,-0.118,0.293
12/14/2015,0.044,0.284
12/15/2015,-0.18,0.263
12/16/2015,-0.597,0.254
12/17/2015,-0.651,0.238
12/18/2015,-0.288,0.261
12/21/2015,-0.326,0.26
12/22/2015,-0.553,0.247
12/23/2015,-0.716,0.245
12/24/2015,-0.723,0.242
12/28/2015,-0.606,0.247
12/29/2015,-0.794,0.243
12/30/2015,-0.646,0.258
12/31/2015,-0.595,0.252
1/4/2016,-0.085,0.271
1/5/2016,-0.176,0.264
1/6/2016,0.072,0.29
1/7/2016,0.629,0.329
1/8/2016,0.799,0.329
1/11/2016,0.778,0.367
1/12/2016,0.769,0.38
1/13/2016,0.739,0.38
1/14/2016,0.901,0.393
1/15/2016,1.517,0.451
1/19/2016,1.333,0.444
1/20/2016,1.978,0.499
1/21/2016,2.011,0.517
1/22/2016,1.493,0.505
1/25/2016,1.502,0.513
1/26/2016,1.518,0.535
1/27/2016,1.48,0.519
1/28/2016,1.53,0.505
1/29/2016,1.27,0.481
2/1/2016,1.056,0.478
2/2/2016,1.427,0.524
2/3/2016,1.791,0.544
2/4/2016,1.822,0.516
2/5/2016,2.016,0.506
2/8/2016,2.596,0.547
2/9/2016,3.11,0.574
2/10/2016,3.092,0.568
2/11/2016,3.71,0.614
2/12/2016,3.568,0.63
2/16/2016,2.808,0.584
2/17/2016,2.502,0.573
2/18/2016,2.428,0.565
2/19/2016,2.511,0.57
2/22/2016,2.239,0.547
2/23/2016,2.38,0.533
2/24/2016,2.571,0.537
2/25/2016,2.272,0.541
2/26/2016,2.126,0.513
2/29/2016,2.247,0.506
3/1/2016,1.766,0.464
3/2/2016,1.505,0.431
3/3/2016,1.372,0.409
3/4/2016,1.15,0.365
3/7/2016,1.178,0.359
3/8/2016,1.419,0.383
3/9/2016,1.35,0.367
3/10/2016,1.122,0.328
3/11/2016,0.676,0.304
3/14/2016,0.432,0.293
3/15/2016,0.347,0.282
3/16/2016,0.335,0.299
3/17/2016,0.14,0.245
3/18/2016,0.02,0.207
3/21/2016,-0.076,0.198
3/22/2016,-0.143,0.182
3/23/2016,0,0.201
3/24/2016,0.142,0.197
3/28/2016,0.118,0.193
3/29/2016,0.112,0.214
3/30/2016,-0.106,0.173
3/31/2016,-0.041,0.2
4/1/2016,0.138,0.208
4/4/2016,0.139,0.211
4/5/2016,0.507,0.231
4/6/2016,0.397,0.229
4/7/2016,0.657,0.235
4/8/2016,0.55,0.239
4/11/2016,0.543,0.223
4/12/2016,0.291,0.203
4/13/2016,-0.003,0.176
4/14/2016,-0.131,0.161
4/15/2016,-0.089,0.158
4/18/2016,0.012,0.158
4/19/2016,-0.242,0.138
4/20/2016,-0.253,0.131
4/21/2016,-0.249,0.134
4/22/2016,-0.309,0.137
4/25/2016,-0.237,0.147
4/26/2016,-0.302,0.144
4/27/2016,-0.327,0.151
4/28/2016,-0.253,0.143
4/29/2016,-0.057,0.143
5/2/2016,0.109,0.155
5/3/2016,0.317,0.183
5/4/2016,0.406,0.2
5/5/2016,0.415,0.207
5/6/2016,0.261,0.195
5/9/2016,0.163,0.21
5/10/2016,-0.059,0.193
5/11/2016,0.051,0.196
5/12/2016,-0.055,0.177
5/13/2016,0.093,0.194
5/16/2016,0.038,0.181
5/17/2016,-0.011,0.173
5/18/2016,-0.102,0.166
5/19/2016,0.037,0.199
5/20/2016,-0.202,0.184
5/23/2016,-0.198,0.175
5/24/2016,-0.398,0.171
5/25/2016,-0.571,0.151
5/26/2016,-0.6,0.151
5/27/2016,-0.723,0.131
5/31/2016,-0.596,0.136
6/1/2016,-0.543,0.082
6/2/2016,-0.553,0.082
6/3/2016,-0.493,0.082
6/6/2016,-0.532,0.06
6/7/2016,-0.66,0.044
6/8/2016,-0.667,0.019
6/9/2016,-0.496,0.021
6/10/2016,-0.082,0.04
6/13/2016,0.533,0.068
6/14/2016,0.846,0.086
6/15/2016,0.732,0.083
6/16/2016,0.973,0.105
6/17/2016,0.78,0.102
6/20/2016,0.332,0.078
6/21/2016,0.19,0.063
6/22/2016,0.43,0.06
6/23/2016,-0.116,0.036
6/24/2016,1.535,0.121
6/27/2016,1.61,0.158
6/28/2016,0.937,0.144
6/29/2016,0.449,0.112
6/30/2016,0.277,0.092
7/1/2016,0.118,0.081
7/5/2016,0.403,0.104
7/6/2016,0.576,0.113
7/7/2016,0.483,0.108
7/8/2016,0.308,0.104
7/11/2016,0.001,0.059
7/12/2016,-0.2,0.048
7/13/2016,-0.231,0.058
7/14/2016,-0.397,0.045
7/15/2016,-0.4,0.03
7/18/2016,-0.41,0.032
7/19/2016,-0.418,0.03
7/20/2016,-0.529,0.018
7/21/2016,-0.417,0.028
7/22/2016,-0.527,0.024
7/25/2016,-0.508,0.018
7/26/2016,-0.523,0.014
7/27/2016,-0.53,0.022
7/28/2016,-0.513,0.013
7/29/2016,-0.767,0.01
8/1/2016,-0.848,-0.008
8/2/2016,-0.628,-0.003
8/3/2016,-0.544,0.018
8/4/2016,-0.659,0.005
8/5/2016,-0.977,-0.03
8/8/2016,-1.088,-0.052
8/9/2016,-1.101,-0.054
8/10/2016,-1.036,-0.056
8/11/2016,-1.163,-0.075
8/12/2016,-1.206,-0.083
8/15/2016,-1.251,-0.097
8/16/2016,-1.102,-0.1
8/17/2016,-1.056,-0.089
8/18/2016,-1.058,-0.092
8/19/2016,-1.062,-0.095
8/22/2016,-0.965,-0.076
8/23/2016,-1.014,-0.082
8/24/2016,-0.996,-0.07
8/25/2016,-0.987,-0.075
8/26/2016,-1.049,-0.1
8/29/2016,-1.063,-0.083
8/30/2016,-1.086,-0.087
8/31/2016,-1.091,-0.075
9/1/2016,-1.053,-0.06
9/2/2016,-1.243,-0.076
9/6/2016,-1.268,-0.092
9/7/2016,-1.362,-0.108
9/8/2016,-1.384,-0.11
9/9/2016,-0.993,-0.077
9/12/2016,-0.843,-0.058
9/13/2016,-0.743,-0.062
9/14/2016,-0.584,-0.04
9/15/2016,-0.668,-0.045
9/16/2016,-0.661,-0.041
9/19/2016,-0.699,-0.058
9/20/2016,-0.698,-0.061
9/21/2016,-0.991,-0.072
9/22/2016,-1.217,-0.099
9/23/2016,-1.235,-0.08
9/26/2016,-0.89,-0.051
9/27/2016,-0.96,-0.052
9/28/2016,-1.004,-0.036
9/29/2016,-0.933,-0.036
9/30/2016,-0.795,-0.007
10/3/2016,-0.921,-0.022
10/4/2016,-1.085,-0.044
10/5/2016,-1.12,-0.04
10/6/2016,-1.163,-0.052
10/7/2016,-1.078,-0.042
10/10/2016,-1.189,-0.05
10/11/2016,-1.065,-0.049
10/12/2016,-1.038,-0.045
10/13/2016,-0.926,-0.032
10/14/2016,-1.112,-0.051
10/17/2016,-1.048,-0.034
10/18/2016,-1.268,-0.05
10/19/2016,-1.381,-0.061
10/20/2016,-1.506,-0.06
10/21/2016,-1.54,-0.056
10/24/2016,-1.594,-0.07
10/25/2016,-1.623,-0.075
10/26/2016,-1.569,-0.074
10/27/2016,-1.501,-0.071
10/28/2016,-1.49,-0.089
10/31/2016,-1.34,-0.09
11/1/2016,-1.114,-0.079
11/2/2016,-0.888,-0.066
11/3/2016,-0.761,-0.066
11/4/2016,-0.595,-0.057
11/7/2016,-1.099,-0.087
11/8/2016,-1.314,-0.11
11/9/2016,-1.314,-0.104
11/10/2016,-1.391,-0.081
11/11/2016,-1.255,-0.055
11/14/2016,-1.139,-0.007
11/15/2016,-1.308,0.001
11/16/2016,-1.266,-0.003
11/17/2016,-1.403,-0.017
11/18/2016,-1.305,-0.016
11/21/2016,-1.361,-0.006
11/22/2016,-1.515,-0.018
11/23/2016,-1.514,-0.021
11/25/2016,-1.486,-0.014
11/28/2016,-1.357,-0.014
11/29/2016,-1.359,0.002
11/30/2016,-1.293,0.015
12/1/2016,-1.122,0.031
12/2/2016,-1.03,0.041
12/5/2016,-1.312,0.031
12/6/2016,-1.469,0.017
12/7/2016,-1.6,0.011
12/8/2016,-1.722,-0.006
12/9/2016,-1.767,-0.015
12/12/2016,-1.711,-0.006
12/13/2016,-1.866,-0.025
12/14/2016,-1.821,-0.028
12/15/2016,-1.712,-0.02
12/16/2016,-1.738,-0.02
12/19/2016,-1.711,-0.005
12/20/2016,-1.823,-0.012
12/21/2016,-1.847,-0.017
12/22/2016,-1.843,-0.009
12/23/2016,-1.82,-0.008
12/27/2016,-1.789,-0.023
12/28/2016,-1.743,-0.022
12/29/2016,-1.652,-0.034
12/30/2016,-1.772,-0.077
1/3/2017,-1.949,-0.133
1/4/2017,-2.046,-0.14
1/5/2017,-1.997,-0.151
1/6/2017,-2.179,-0.169
1/9/2017,-2.001,-0.138
1/10/2017,-1.988,-0.143
1/11/2017,-1.949,-0.134
1/12/2017,-1.914,-0.149
1/13/2017,-2.122,-0.162
1/17/2017,-1.942,-0.155
1/18/2017,-2.014,-0.168
1/19/2017,-1.945,-0.159
1/20/2017,-1.997,-0.154
1/23/2017,-1.871,-0.153
1/24/2017,-2.041,-0.172
1/25/2017,-2.206,-0.181
1/26/2017,-2.255,-0.18
1/27/2017,-2.254,-0.177
1/30/2017,-2.03,-0.171
1/31/2017,-1.946,-0.162
2/1/2017,-2.05,-0.171
2/2/2017,-2.03,-0.181
2/3/2017,-2.162,-0.193
2/6/2017,-2.027,-0.185
2/7/2017,-1.982,-0.175
2/8/2017,-2.012,-0.185
2/9/2017,-2.172,-0.206
2/10/2017,-2.236,-0.217
2/13/2017,-2.374,-0.229
2/14/2017,-2.448,-0.231
2/15/2017,-2.499,-0.24
2/16/2017,-2.41,-0.234
2/17/2017,-2.399,-0.231
2/21/2017,-2.425,-0.244
2/22/2017,-2.418,-0.25
2/23/2017,-2.367,-0.244
2/24/2017,-2.298,-0.228
2/27/2017,-2.309,-0.241
2/28/2017,-2.373,-0.236
3/1/2017,-2.578,-0.251
3/2/2017,-2.658,-0.249
3/3/2017,-2.758,-0.24
3/6/2017,-2.822,-0.247
3/7/2017,-2.868,-0.251
3/8/2017,-2.75,-0.226
3/9/2017,-2.71,-0.205
3/10/2017,-2.788,-0.205
3/13/2017,-2.825,-0.223
3/14/2017,-2.764,-0.218
3/15/2017,-2.724,-0.206
3/16/2017,-3.058,-0.24
3/17/2017,-3.014,-0.241
3/20/2017,-2.749,-0.241
3/21/2017,-2.762,-0.237
3/22/2017,-2.535,-0.225
3/23/2017,-2.511,-0.234
3/24/2017,-2.601,-0.234
3/27/2017,-2.538,-0.234
3/28/2017,-2.726,-0.243
3/29/2017,-2.762,-0.23
3/30/2017,-2.776,-0.238
3/31/2017,-2.497,-0.17
4/3/2017,-2.499,-0.173
4/4/2017,-2.452,-0.171
4/5/2017,-2.423,-0.176
4/6/2017,-2.34,-0.17
4/7/2017,-2.387,-0.205
4/10/2017,-2.311,-0.2
4/11/2017,-2.135,-0.191
4/12/2017,-1.99,-0.191
4/13/2017,-1.878,-0.189
4/17/2017,-1.953,-0.191
4/18/2017,-1.882,-0.172
4/19/2017,-1.934,-0.158
4/20/2017,-1.974,-0.169
4/21/2017,-1.919,-0.169
4/24/2017,-2.758,-0.187
4/25/2017,-2.917,-0.205
4/26/2017,-2.917,-0.2
4/27/2017,-2.965,-0.194
4/28/2017,-2.925,-0.202
5/1/2017,-3.001,-0.21
5/2/2017,-3.013,-0.206
5/3/2017,-3.109,-0.215
5/4/2017,-3.113,-0.195
5/5/2017,-3.145,-0.187
5/8/2017,-3.427,-0.2
5/9/2017,-3.464,-0.205
5/10/2017,-3.498,-0.204
5/11/2017,-3.47,-0.206
5/12/2017,-3.458,-0.195
5/15/2017,-3.546,-0.2
5/16/2017,-3.556,-0.203
5/17/2017,-2.998,-0.175
5/18/2017,-2.85,-0.15
5/19/2017,-3.1,-0.162
5/22/2017,-3.246,-0.174
5/23/2017,-3.34,-0.185
5/24/2017,-3.406,-0.18
5/25/2017,-3.419,-0.172
5/26/2017,-3.398,-0.173
5/30/2017,-3.302,-0.161
5/31/2017,-3.267,-0.147
6/1/2017,-3.371,-0.159
6/2/2017,-3.382,-0.153
6/5/2017,-3.461,-0.179
6/6/2017,-3.335,-0.172
6/7/2017,-3.315,-0.163
6/8/2017,-3.398,-0.164
6/9/2017,-3.519,-0.174
6/12/2017,-3.471,-0.166
6/13/2017,-3.578,-0.164
6/14/2017,-3.495,-0.16
6/15/2017,-3.476,-0.154
6/16/2017,-3.533,-0.148
6/19/2017,-3.657,-0.165
6/20/2017,-3.539,-0.153
6/21/2017,-3.452,-0.146
6/22/2017,-3.425,-0.142
6/23/2017,-3.476,-0.144
6/26/2017,-3.567,-0.168
6/27/2017,-3.512,-0.171
6/28/2017,-3.466,-0.162
6/29/2017,-3.334,-0.169
6/30/2017,-3.266,-0.165
7/3/2017,-3.412,-0.168
7/5/2017,-3.349,-0.147
7/6/2017,-3.223,-0.143
7/7/2017,-3.315,-0.145
7/10/2017,-3.426,-0.154
7/11/2017,-3.476,-0.156
7/12/2017,-3.549,-0.174
7/13/2017,-3.644,-0.182
7/14/2017,-3.756,-0.19
7/17/2017,-3.744,-0.193
7/18/2017,-3.605,-0.188
7/19/2017,-3.693,-0.195
7/20/2017,-3.739,-0.198
7/21/2017,-3.655,-0.198
7/24/2017,-3.628,-0.199
7/25/2017,-3.694,-0.197
7/26/2017,-3.715,-0.188
7/27/2017,-3.682,-0.203
7/28/2017,-3.528,-0.19
7/31/2017,-3.512,-0.203
8/1/2017,-3.523,-0.198
8/2/2017,-3.563,-0.212
8/3/2017,-3.488,-0.202
8/4/2017,-3.611,-0.22
8/7/2017,-3.649,-0.227
8/8/2017,-3.622,-0.245
8/9/2017,-3.309,-0.223
8/10/2017,-2.871,-0.199
8/11/2017,-2.778,-0.18
8/14/2017,-3.07,-0.195
8/15/2017,-3.216,-0.201
8/16/2017,-3.261,-0.2
8/17/2017,-3.02,-0.195
8/18/2017,-2.898,-0.188
8/21/2017,-2.862,-0.187
8/22/2017,-3.102,-0.207
8/23/2017,-3.044,-0.199
8/24/2017,-3.11,-0.221
8/25/2017,-3.189,-0.221
8/28/2017,-3.19,-0.219
8/29/2017,-3.008,-0.216
8/30/2017,-3.093,-0.221
8/31/2017,-3.114,-0.207
9/1/2017,-3.238,-0.217
9/5/2017,-2.82,-0.196
9/6/2017,-2.9,-0.202
9/7/2017,-2.878,-0.201
9/8/2017,-2.771,-0.202
9/11/2017,-3.162,-0.222
9/12/2017,-3.304,-0.227
9/13/2017,-3.343,-0.235
9/14/2017,-3.354,-0.234
9/15/2017,-3.369,-0.24
9/18/2017,-3.417,-0.256
9/19/2017,-3.48,-0.259
9/20/2017,-3.541,-0.269
9/21/2017,-3.539,-0.263
9/22/2017,-3.478,-0.259
9/25/2017,-3.358,-0.227
9/26/2017,-3.363,-0.22
9/27/2017,-3.461,-0.226
9/28/2017,-3.495,-0.218
9/29/2017,-3.567,-0.245
10/2/2017,-3.455,-0.218
10/3/2017,-3.545,-0.227
10/4/2017,-3.52,-0.232
10/5/2017,-3.592,-0.235
10/6/2017,-3.546,-0.229
10/9/2017,-3.49,-0.225
10/10/2017,-3.471,-0.231
10/11/2017,-3.525,-0.236
10/12/2017,-3.526,-0.237
10/13/2017,-3.506,-0.231
10/16/2017,-3.533,-0.242
10/17/2017,-3.573,-0.239
10/18/2017,-3.695,-0.246
10/19/2017,-3.587,-0.233
10/20/2017,-3.64,-0.244
10/23/2017,-3.619,-0.238
10/24/2017,-3.63,-0.235
10/25/2017,-3.583,-0.251
10/26/2017,-3.618,-0.245
10/27/2017,-3.711,-0.239
10/30/2017,-3.704,-0.242
10/31/2017,-3.802,-0.24
11/1/2017,-3.893,-0.255
11/2/2017,-3.868,-0.248
11/3/2017,-3.928,-0.236
11/6/2017,-3.908,-0.225
11/7/2017,-3.918,-0.229
11/8/2017,-3.898,-0.224
11/9/2017,-3.65,-0.221
11/10/2017,-3.624,-0.22
11/13/2017,-3.58,-0.217
11/14/2017,-3.536,-0.207
11/15/2017,-3.343,-0.197
11/16/2017,-3.519,-0.215
11/17/2017,-3.488,-0.22
11/20/2017,-3.575,-0.229
11/21/2017,-3.718,-0.236
11/22/2017,-3.674,-0.235
11/24/2017,-3.703,-0.237
11/27/2017,-3.641,-0.23
11/28/2017,-3.707,-0.237
11/29/2017,-3.707,-0.236
11/30/2017,-3.685,-0.226
12/1/2017,-3.567,-0.227
12/4/2017,-3.648,-0.23
12/5/2017,-3.665,-0.234
12/6/2017,-3.563,-0.223
12/7/2017,-3.667,-0.224
12/8/2017,-3.787,-0.227
12/11/2017,-3.835,-0.229
12/12/2017,-3.862,-0.219
12/13/2017,-3.781,-0.213
12/14/2017,-3.756,-0.217
12/15/2017,-3.789,-0.217
12/18/2017,-3.905,-0.229
12/19/2017,-3.902,-0.241
12/20/2017,-3.871,-0.244
12/21/2017,-3.855,-0.243
12/22/2017,-3.836,-0.246
12/26/2017,-3.769,-0.234
12/27/2017,-3.823,-0.231
12/28/2017,-3.813,-0.241
12/29/2017,-3.73,-0.237
1/2/2018,-3.717,-0.222
1/3/2018,-3.835,-0.232
1/4/2018,-3.935,-0.24
1/5/2018,-4.059,-0.26
1/8/2018,-4.093,-0.266
1/9/2018,-4.102,-0.273
1/10/2018,-4.059,-0.265
1/11/2018,-4.124,-0.272
1/12/2018,-4.181,-0.288
1/16/2018,-4.096,-0.291
1/17/2018,-4.076,-0.3
1/18/2018,-4.014,-0.304
1/19/2018,-4.035,-0.303
1/22/2018,-4.091,-0.31
1/23/2018,-4.103,-0.31
1/24/2018,-4.037,-0.315
1/25/2018,-3.974,-0.327
1/26/2018,-4.032,-0.342
1/29/2018,-3.896,-0.332
1/30/2018,-3.71,-0.319
1/31/2018,-3.797,-0.332
2/1/2018,-3.802,-0.331
2/2/2018,-3.481,-0.322
2/5/2018,-2.353,-0.273
2/6/2018,-1.997,-0.259
2/7/2018,-2.371,-0.266
2/8/2018,-1.735,-0.243
2/9/2018,-1.427,-0.191
2/12/2018,-1.851,-0.208
2/13/2018,-1.986,-0.209
2/14/2018,-2.361,-0.224
2/15/2018,-2.567,-0.244
2/16/2018,-2.732,-0.245
2/20/2018,-2.71,-0.238
2/21/2018,-2.81,-0.258
2/22/2018,-2.713,-0.239
2/23/2018,-2.907,-0.247
2/26/2018,-3.027,-0.25
2/27/2018,-2.909,-0.252
2/28/2018,-2.687,-0.228
3/1/2018,-2.276,-0.209
3/2/2018,-2.17,-0.205
3/5/2018,-2.31,-0.203
3/6/2018,-2.461,-0.217
3/7/2018,-2.408,-0.212
3/8/2018,-2.558,-0.208
3/9/2018,-2.784,-0.216
3/12/2018,-2.81,-0.223
3/13/2018,-2.782,-0.227
3/14/2018,-2.666,-0.22
3/15/2018,-2.705,-0.218
3/16/2018,-2.701,-0.22
3/19/2018,-2.421,-0.208
3/20/2018,-2.486,-0.211
3/21/2018,-2.474,-0.2
3/22/2018,-1.998,-0.18
3/23/2018,-1.506,-0.146
3/26/2018,-1.772,-0.158
3/27/2018,-1.859,-0.157
3/28/2018,-1.733,-0.141
3/29/2018,-1.923,-0.156
4/2/2018,-1.7,-0.134
4/3/2018,-1.822,-0.146
4/4/2018,-1.869,-0.136
4/5/2018,-2.136,-0.154
4/6/2018,-1.913,-0.142
4/9/2018,-1.989,-0.137
4/10/2018,-2.175,-0.143
4/11/2018,-2.112,-0.139
4/12/2018,-2.313,-0.152
4/13/2018,-2.413,-0.143
4/16/2018,-2.495,-0.13
4/17/2018,-2.685,-0.129
4/18/2018,-2.763,-0.143
4/19/2018,-2.738,-0.154
4/20/2018,-2.703,-0.146
4/23/2018,-2.697,-0.139
4/24/2018,-2.642,-0.137
4/25/2018,-2.567,-0.126
4/26/2018,-2.682,-0.122
4/27/2018,-2.783,-0.125
4/30/2018,-2.732,-0.13
5/1/2018,-2.722,-0.12
5/2/2018,-2.727,-0.112
5/3/2018,-2.662,-0.091
5/4/2018,-2.781,-0.085
5/7/2018,-2.777,-0.083
5/8/2018,-2.811,-0.077
5/9/2018,-2.919,-0.073
5/10/2018,-3.064,-0.102
5/11/2018,-3.209,-0.116
5/14/2018,-3.27,-0.119
5/15/2018,-3.119,-0.11
5/16/2018,-3.093,-0.124
5/17/2018,-3.106,-0.11
5/18/2018,-3.03,-0.094
5/21/2018,-3.04,-0.089
5/22/2018,-3.12,-0.103
5/23/2018,-2.865,-0.091
5/24/2018,-2.798,-0.092
5/25/2018,-2.706,-0.079
5/29/2018,-1.887,-0.031
5/30/2018,-2.047,-0.018
5/31/2018,-2.124,-0.028
6/1/2018,-2.383,-0.042
6/4/2018,-2.688,-0.064
6/5/2018,-2.677,-0.058
6/6/2018,-2.799,-0.07
6/7/2018,-2.682,-0.054
6/8/2018,-2.591,-0.05
6/11/2018,-2.657,-0.051
6/12/2018,-2.734,-0.047
6/13/2018,-2.783,-0.042
6/14/2018,-2.824,-0.033
6/15/2018,-2.773,-0.013
6/18/2018,-2.63,0.01
6/19/2018,-2.33,0.041
6/20/2018,-2.554,0.017
6/21/2018,-2.346,0.032
6/22/2018,-2.383,0.03
6/25/2018,-2.045,0.049
6/26/2018,-2.136,0.052
6/27/2018,-1.944,0.075
6/28/2018,-1.905,0.081
6/29/2018,-2.1,0.053
7/2/2018,-1.915,0.07
7/3/2018,-2.006,0.076
7/5/2018,-2.152,0.068
7/6/2018,-2.364,0.058
7/9/2018,-2.588,0.028
7/10/2018,-2.67,0.022
7/11/2018,-2.353,0.074
7/12/2018,-2.507,0.068
7/13/2018,-2.591,0.056
7/16/2018,-2.586,0.069
7/17/2018,-2.71,0.06
7/18/2018,-2.751,0.053
7/19/2018,-2.62,0.059
7/20/2018,-2.561,0.044
7/23/2018,-2.559,0.027
7/24/2018,-2.728,0.015
7/25/2018,-2.82,0.003
7/26/2018,-2.891,-0.021
7/27/2018,-2.857,-0.029
7/30/2018,-2.712,-0.027
7/31/2018,-2.879,-0.03
8/1/2018,-2.853,-0.029
8/2/2018,-2.727,-0.003
8/3/2018,-2.795,-0.005
8/6/2018,-2.802,0.001
8/7/2018,-2.942,-0.008
8/8/2018,-2.922,0
8/9/2018,-2.847,0.011
8/10/2018,-2.449,0.019
8/13/2018,-2.176,0.052
8/14/2018,-2.455,0.029
8/15/2018,-2.217,0.026
8/16/2018,-2.396,0.019
8/17/2018,-2.412,0.014
8/20/2018,-2.493,0.014
8/21/2018,-2.624,0.001
8/22/2018,-2.648,0.009
8/23/2018,-2.648,0.008
8/24/2018,-2.708,0.015
8/27/2018,-2.835,-0.009
8/28/2018,-2.904,-0.019
8/29/2018,-2.929,-0.003
8/30/2018,-2.683,0.009
8/31/2018,-2.655,0.004
9/4/2018,-2.597,0.02
9/5/2018,-2.475,0.04
9/6/2018,-2.394,0.038
9/7/2018,-2.455,0.008
9/10/2018,-2.53,0.026
9/11/2018,-2.641,0.033
9/12/2018,-2.729,0.028
9/13/2018,-2.862,0.011
9/14/2018,-2.986,-0.018
9/17/2018,-2.913,-0.001
9/18/2018,-3.025,-0.012
9/19/2018,-3.145,-0.028
9/20/2018,-3.182,-0.037
9/21/2018,-3.248,-0.066
9/24/2018,-3.173,-0.05
9/25/2018,-3.225,-0.051
9/26/2018,-3.245,-0.054
9/27/2018,-3.291,-0.069
9/28/2018,-3.265,-0.069
10/1/2018,-3.305,-0.062
10/2/2018,-3.179,-0.046
10/3/2018,-3.284,-0.063
10/4/2018,-2.946,-0.023
10/5/2018,-2.887,-0.019
10/8/2018,-2.8,-0.018
10/9/2018,-2.755,-0.012
10/10/2018,-2.322,0.002
10/11/2018,-1.712,0.061
10/12/2018,-1.976,0.024
10/15/2018,-1.996,0.021
10/16/2018,-2.431,0.004
10/17/2018,-2.544,0.001
10/18/2018,-2.195,0.022
10/19/2018,-2.21,0.024
10/22/2018,-2.229,0.015
10/23/2018,-1.778,0.065
10/24/2018,-1.508,0.074
10/25/2018,-1.409,0.076
10/26/2018,-1.207,0.085
10/29/2018,-1.184,0.095
10/30/2018,-1.34,0.093
10/31/2018,-1.578,0.059
11/1/2018,-1.623,-0.054
11/2/2018,-1.788,0.005
11/5/2018,-1.724,0.011
11/6/2018,-1.844,0.006
11/7/2018,-2.213,-0.005
11/8/2018,-2.331,-0.006
11/9/2018,-2.172,0.018
11/12/2018,-1.942,0.018
11/13/2018,-1.746,0.069
11/14/2018,-1.603,0.076
11/15/2018,-1.501,0.074
11/16/2018,-1.576,0.077
11/19/2018,-1.466,0.081
11/20/2018,-1.12,0.133
11/21/2018,-1.306,0.134
11/23/2018,-1.199,0.148
11/26/2018,-1.427,0.152
11/27/2018,-1.409,0.155
11/28/2018,-1.532,0.15
11/29/2018,-1.519,0.135
11/30/2018,-1.488,0.136
12/3/2018,-1.739,0.12
12/4/2018,-1.329,0.133
12/6/2018,-0.822,0.174
12/7/2018,-0.771,0.176
12/10/2018,-0.632,0.199
12/11/2018,-0.741,0.19
12/12/2018,-0.988,0.165
12/13/2018,-1.226,0.134
12/14/2018,-0.984,0.149
12/17/2018,-0.794,0.158
12/18/2018,-0.589,0.18
12/19/2018,-0.531,0.189
12/20/2018,-0.171,0.14
12/21/2018,0.003,0.142
12/24/2018,0.473,0.22
12/26/2018,0.304,0.226
12/27/2018,0.418,0.24
12/28/2018,0.35,0.232
12/31/2018,0.268,0.241
1/2/2019,0.23,0.239
1/3/2019,0.51,0.264
1/4/2019,0.027,0.218
1/7/2019,-0.231,0.187
1/8/2019,-0.493,0.182
1/9/2019,-0.604,0.158
1/10/2019,-0.617,0.156
1/11/2019,-0.69,0.161
1/14/2019,-0.648,0.164
1/15/2019,-0.772,0.15
1/16/2019,-0.885,0.139
1/17/2019,-1.018,0.116
1/18/2019,-1.247,0.094
1/22/2019,-1.111,0.093
1/23/2019,-1.237,0.055
1/24/2019,-1.291,0.047
1/25/2019,-1.615,-0.005
1/28/2019,-1.515,-0.006
1/29/2019,-1.53,0.005
1/30/2019,-1.596,0.003
1/31/2019,-1.701,-0.018
2/1/2019,-1.85,-0.038
2/4/2019,-1.939,-0.042
2/5/2019,-2.061,-0.05
2/6/2019,-2.073,-0.048
2/7/2019,-1.865,-0.03
2/8/2019,-1.794,-0.037
2/11/2019,-1.875,-0.037
2/12/2019,-2.109,-0.052
2/13/2019,-2.174,-0.066
2/14/2019,-2.065,-0.06
2/15/2019,-2.17,-0.047
2/19/2019,-2.306,-0.057
2/20/2019,-2.449,-0.069
2/21/2019,-2.466,-0.045
2/22/2019,-2.591,-0.084
2/25/2019,-2.599,-0.083
2/26/2019,-2.621,-0.079
2/27/2019,-2.68,-0.097
2/28/2019,-2.711,-0.095
3/1/2019,-2.837,-0.098
3/4/2019,-2.827,-0.094
3/5/2019,-2.837,-0.094
3/6/2019,-2.727,-0.095
3/7/2019,-2.526,-0.073
3/8/2019,-2.395,-0.055
3/11/2019,-2.608,-0.076
3/12/2019,-2.714,-0.083
3/13/2019,-2.774,-0.085
3/14/2019,-2.859,-0.093
3/15/2019,-2.982,-0.1
3/18/2019,-3.076,-0.121
3/19/2019,-3.139,-0.134
3/20/2019,-3.011,-0.116
3/21/2019,-3,-0.129
3/22/2019,-2.614,-0.099
3/25/2019,-2.379,-0.081
3/26/2019,-2.588,-0.082
3/27/2019,-2.403,-0.093
3/28/2019,-2.357,-0.097
3/29/2019,-2.559,-0.114
4/1/2019,-2.836,-0.144
4/2/2019,-2.873,-0.154
4/3/2019,-3.005,-0.167
4/4/2019,-3.038,-0.17
4/5/2019,-3.145,-0.169
4/8/2019,-3.143,-0.171
4/9/2019,-3.091,-0.175
4/10/2019,-3.13,-0.17
4/11/2019,-3.285,-0.163
4/12/2019,-3.402,-0.17
4/15/2019,-3.431,-0.166
4/16/2019,-3.548,-0.182
4/17/2019,-3.528,-0.185
4/18/2019,-3.459,-0.176
4/22/2019,-3.482,-0.17
4/23/2019,-3.498,-0.173
4/24/2019,-3.307,-0.16
4/25/2019,-3.254,-0.148
4/26/2019,-3.229,-0.14
4/29/2019,-3.261,-0.141
4/30/2019,-3.221,-0.137
5/1/2019,-3.161,-0.141
5/2/2019,-3.155,-0.14
5/3/2019,-3.272,-0.141
5/6/2019,-2.963,-0.121
5/7/2019,-2.499,-0.102
5/8/2019,-2.45,-0.102
5/9/2019,-2.134,-0.071
5/10/2019,-2.377,-0.082
5/13/2019,-1.961,-0.052
5/14/2019,-2.153,-0.028
5/15/2019,-2.285,-0.024
5/16/2019,-2.45,-0.026
5/17/2019,-2.403,-0.015
5/20/2019,-2.346,-0.015
5/21/2019,-2.54,-0.025
5/22/2019,-2.59,-0.029
5/23/2019,-2.123,0.023
5/24/2019,-2.226,0.018
5/28/2019,-2.187,0.023
5/29/2019,-2,0.017
5/30/2019,-2.065,0.029
5/31/2019,-1.699,0.021
6/3/2019,-1.482,0.041
6/4/2019,-1.74,0.031
6/5/2019,-1.839,0.027
6/6/2019,-1.919,0.026
6/7/2019,-1.962,0.033
6/10/2019,-2.176,0.001
6/11/2019,-2.281,-0.01
6/12/2019,-2.137,0.003
6/13/2019,-2.083,0.02
6/14/2019,-2.132,0.022
6/17/2019,-2.144,0.028
6/18/2019,-2.181,0.012
6/19/2019,-2.265,0.004
6/20/2019,-2.283,-0.006
6/21/2019,-2.28,-0.012
6/24/2019,-2.273,-0.012
6/25/2019,-2.188,-0.001
6/26/2019,-2.246,-0.013
6/27/2019,-2.271,-0.016
6/28/2019,-2.277,-0.019
7/1/2019,-2.595,-0.047
7/2/2019,-2.662,-0.032
7/3/2019,-2.775,-0.047
7/5/2019,-2.917,-0.066
7/8/2019,-2.868,-0.055
7/9/2019,-2.874,-0.058
7/10/2019,-2.797,-0.046
7/11/2019,-2.921,-0.064
7/12/2019,-3.002,-0.064
7/15/2019,-2.977,-0.074
7/16/2019,-2.995,-0.072
7/17/2019,-2.82,-0.059
7/18/2019,-2.528,-0.047
7/19/2019,-2.683,-0.057
7/22/2019,-2.783,-0.067
7/23/2019,-2.878,-0.076
7/24/2019,-2.884,-0.075
7/25/2019,-2.93,-0.082
7/26/2019,-3.003,-0.089
7/29/2019,-2.969,-0.085
7/30/2019,-2.825,-0.08
7/31/2019,-2.723,-0.089
8/1/2019,-2.375,-0.02
8/2/2019,-1.919,-0.003
8/5/2019,-0.919,0.064
8/6/2019,-1.221,0.064
8/7/2019,-1.097,0.075
8/8/2019,-1.493,0.063
8/9/2019,-1.439,0.044
8/12/2019,-1.142,0.084
8/13/2019,-1.362,0.097
8/14/2019,-0.845,0.113
8/15/2019,-0.586,0.123
8/16/2019,-0.909,0.111
8/19/2019,-1.224,0.095
8/20/2019,-1.178,0.101
8/21/2019,-1.438,0.088
8/22/2019,-1.46,0.088
8/23/2019,-1.063,0.107
8/26/2019,-0.983,0.117
8/27/2019,-1.046,0.122
8/28/2019,-1.102,0.124
8/29/2019,-1.251,0.111
8/30/2019,-1.283,0.081
9/3/2019,-1.214,0.069
9/4/2019,-1.491,0.052
9/5/2019,-1.853,0.014
9/6/2019,-2.033,-0.004
9/9/2019,-2.084,-0.018
9/10/2019,-2.174,-0.029
9/11/2019,-2.254,-0.027
9/12/2019,-2.534,-0.058
9/13/2019,-2.67,-0.081
9/16/2019,-2.199,0.042
9/17/2019,-2.102,0.074
9/18/2019,-2.12,0.066
9/19/2019,-2.132,0.074
9/20/2019,-2.046,0.073
9/23/2019,-2,0.082
9/24/2019,-1.849,0.104
9/25/2019,-1.834,0.099
9/26/2019,-1.804,0.101
9/27/2019,-1.727,0.11
9/30/2019,-1.797,0.096
10/1/2019,-1.617,0.107
10/2/2019,-1.207,0.126
10/3/2019,-1.139,0.135
10/4/2019,-1.398,0.12
10/7/2019,-1.499,0.109
10/8/2019,-1.323,0.12
10/9/2019,-1.488,0.112
10/10/2019,-1.661,0.097
10/11/2019,-1.95,0.066
10/14/2019,-1.986,0.064
10/15/2019,-2.256,0.06
10/16/2019,-2.581,-0.046
10/17/2019,-2.703,-0.082
10/18/2019,-2.707,-0.08
10/21/2019,-2.877,-0.095
10/22/2019,-2.853,-0.098
10/23/2019,-2.9,-0.088
10/24/2019,-3.004,-0.101
10/25/2019,-3.177,-0.107
10/28/2019,-3.229,-0.125
10/29/2019,-3.194,-0.127
10/30/2019,-3.152,-0.113
10/31/2019,-3.039,-0.124
11/1/2019,-3.165,-0.134
11/4/2019,-3.256,-0.157
11/5/2019,-3.314,-0.173
11/6/2019,-3.311,-0.156
11/7/2019,-3.38,-0.178
11/8/2019,-3.377,-0.17
11/11/2019,-3.32,-0.16
11/12/2019,-3.4,-0.165
11/13/2019,-3.259,-0.152
11/14/2019,-3.199,-0.147
11/15/2019,-3.38,-0.163
11/18/2019,-3.391,-0.157
11/19/2019,-3.365,-0.148
11/20/2019,-3.252,-0.133
11/21/2019,-3.227,-0.129
11/22/2019,-3.322,-0.157
11/25/2019,-3.461,-0.16
11/26/2019,-3.492,-0.151
11/27/2019,-3.623,-0.178
11/29/2019,-3.527,-0.17
12/2/2019,-3.293,-0.16
12/3/2019,-3.081,-0.141
12/4/2019,-3.145,-0.145
12/5/2019,-3.194,-0.14
12/6/2019,-3.319,-0.158
12/9/2019,-3.243,-0.158
12/10/2019,-3.268,-0.16
12/11/2019,-3.295,-0.158
12/12/2019,-3.457,-0.193
12/13/2019,-3.649,-0.195
12/16/2019,-3.831,-0.207
12/17/2019,-3.83,-0.227
12/18/2019,-3.847,-0.237
12/19/2019,-3.866,-0.238
12/20/2019,-3.89,-0.246
12/23/2019,-3.898,-0.258
12/24/2019,-3.841,-0.25
12/26/2019,-4.171,-0.248
12/27/2019,-4.094,-0.253
12/30/2019,-3.581,-0.254
12/31/2019,-3.632,-0.249
1/2/2020,-3.754,-0.262
1/3/2020,-3.553,-0.245
1/6/2020,-3.508,-0.24
1/7/2020,-3.641,-0.247
1/8/2020,-3.606,-0.236
1/9/2020,-3.884,-0.248
1/10/2020,-3.925,-0.246
1/13/2020,-4.006,-0.26
1/14/2020,-4.055,-0.258
1/15/2020,-4.007,-0.252
1/16/2020,-4.139,-0.261
1/17/2020,-4.242,-0.266
1/21/2020,-4.075,-0.24
1/22/2020,-4.086,-0.242
1/23/2020,-3.933,-0.227
1/24/2020,-3.825,-0.21
1/27/2020,-3.12,-0.181
1/28/2020,-3.4,-0.191
1/29/2020,-3.455,-0.179
1/30/2020,-3.238,-0.16
1/31/2020,-2.955,-0.145
2/3/2020,-2.957,-0.122
2/4/2020,-3.414,-0.175
2/5/2020,-3.627,-0.181
2/6/2020,-3.725,-0.191
2/7/2020,-3.593,-0.182
2/10/2020,-3.567,-0.17
2/11/2020,-3.702,-0.183
2/12/2020,-3.893,-0.191
2/13/2020,-3.82,-0.184
2/14/2020,-3.804,-0.176
2/18/2020,-3.655,-0.162
2/19/2020,-3.765,-0.163
2/20/2020,-3.566,-0.149
2/21/2020,-3.326,-0.131
2/24/2020,-2.342,-0.083
2/25/2020,-1.746,-0.074
2/26/2020,-1.639,-0.048
2/27/2020,-0.367,-0.015
2/28/2020,0.772,0.057
3/2/2020,0.339,0.044
3/3/2020,0.518,0.043
3/4/2020,-0.102,-0.003
3/5/2020,0.287,0.019
3/6/2020,1.68,0.135
3/9/2020,5.134,0.472
3/10/2020,3.816,0.446
3/11/2020,4.663,0.485
3/12/2020,7.475,0.646
3/13/2020,6.391,0.618
3/16/2020,8.99,0.804
3/17/2020,8.185,0.811
3/18/2020,9.486,0.963
3/19/2020,10.266,1.148
3/20/2020,9.84,1.094
3/23/2020,10.054,1.232
3/24/2020,8.474,1.146
3/25/2020,7.962,1.04
3/26/2020,7.671,0.971
3/27/2020,8.333,0.994
3/30/2020,7.954,1.041
3/31/2020,7.282,1.003
4/1/2020,7.932,1.071
4/2/2020,7.704,1.143
4/3/2020,7.501,1.181
4/6/2020,6.797,1.149
4/7/2020,6.579,1.084
4/8/2020,6.077,1.003
4/9/2020,5.546,0.953
4/13/2020,5.41,0.946
4/14/2020,4.773,0.907
4/15/2020,5.1,0.923
4/16/2020,5.139,0.921
4/17/2020,4.648,0.846
4/20/2020,4.757,0.833
4/21/2020,5.647,0.964
4/22/2020,5.351,0.961
4/23/2020,5.095,0.957
4/24/2020,4.939,0.974
4/27/2020,4.222,0.953
4/28/2020,4.026,0.947
4/29/2020,3.507,0.907
4/30/2020,3.399,0.882
5/1/2020,3.754,0.884
5/4/2020,3.721,0.853
5/5/2020,3.36,0.827
5/6/2020,3.391,0.813
5/7/2020,3.089,0.82
5/8/2020,2.62,0.786
5/11/2020,2.43,0.764
5/12/2020,2.596,0.768
5/13/2020,2.914,0.778
5/14/2020,3.072,0.793
5/15/2020,2.829,0.765
5/18/2020,2.218,0.716
5/19/2020,2.158,0.695
5/20/2020,1.78,0.652
5/21/2020,1.4,0.502
5/22/2020,1.486,0.577
5/26/2020,0.908,0.495
5/27/2020,0.778,0.483
5/28/2020,0.688,0.479
5/29/2020,0.638,0.44
6/1/2020,0.514,0.504
6/2/2020,0.243,0.472
6/3/2020,-0.148,0.421
6/4/2020,-0.39,0.363
6/5/2020,-0.748,0.315
6/8/2020,-0.96,0.154
6/9/2020,-0.728,0.155
6/10/2020,-0.597,0.16
6/11/2020,0.633,0.228
6/12/2020,0.671,0.228
6/15/2020,0.7,0.233
6/16/2020,0.123,0.18
6/17/2020,0.04,0.17
6/18/2020,0.11,0.173
6/19/2020,-0.005,0.165
6/22/2020,-0.077,0.16
6/23/2020,-0.284,0.143
6/24/2020,0.141,0.17
6/25/2020,0.1,0.177
6/26/2020,0.217,0.179
6/29/2020,0.198,0.19
6/30/2020,-0.115,0.185
7/1/2020,-0.393,0.147
7/2/2020,-0.69,0.122
7/6/2020,-1.06,0.082
7/7/2020,-0.967,0.082
7/8/2020,-0.991,0.062
7/9/2020,-0.866,0.063
7/10/2020,-0.998,0.07
7/13/2020,-1.05,0.038
7/14/2020,-1.038,0.061
7/15/2020,-1.32,0.043
7/16/2020,-1.318,0.057
7/17/2020,-1.465,0.045
7/20/2020,-1.662,0.029
7/21/2020,-1.809,0.005
7/22/2020,-1.814,0.005
7/23/2020,-1.725,0.009
7/24/2020,-1.495,0.127
7/27/2020,-1.587,-0.013
7/28/2020,-1.545,-0.012
7/29/2020,-1.608,-0.027
7/30/2020,-1.458,-0.018
7/31/2020,-1.381,-0.025
8/3/2020,-1.565,-0.032
8/4/2020,-1.641,-0.041
8/5/2020,-1.717,-0.061
8/6/2020,-1.678,-0.069
8/7/2020,-1.724,-0.059
8/10/2020,-1.787,-0.062
8/11/2020,-1.903,-0.092
8/12/2020,-2.052,-0.09
8/13/2020,-2.032,-0.09
8/14/2020,-1.964,-0.08
8/17/2020,-1.928,-0.073
8/18/2020,-1.872,-0.061
8/19/2020,-1.91,-0.066
8/20/2020,-1.769,-0.044
8/21/2020,-1.799,-0.051
8/24/2020,-1.944,-0.072
8/25/2020,-2.041,-0.076
8/26/2020,-2.029,-0.073
8/27/2020,-1.956,-0.071
8/28/2020,-1.78,-0.036
8/31/2020,-1.521,0.19
9/1/2020,-1.827,-0.095
9/2/2020,-1.917,-0.098
9/3/2020,-1.498,-0.086
9/4/2020,-1.411,-0.082
9/8/2020,-1.34,-0.041
9/9/2020,-1.522,-0.036
9/10/2020,-1.546,-0.04
9/11/2020,-1.73,-0.046
9/14/2020,-1.859,-0.056
9/15/2020,-1.913,-0.06
9/16/2020,-1.889,-0.05
9/17/2020,-1.796,-0.035
9/18/2020,-1.795,-0.031
9/21/2020,-1.294,0.007
9/22/2020,-1.409,0.017
9/23/2020,-1.271,0.026
9/24/2020,-1.097,0.05
9/25/2020,-1.23,0.05
9/28/2020,-1.392,0.045
9/29/2020,-1.405,0.05
9/30/2020,-1.488,0.028
10/1/2020,-1.511,0.026
10/2/2020,-1.369,0.031
10/5/2020,-1.55,0.024
10/6/2020,-1.592,0.012
10/7/2020,-1.744,0.003
10/8/2020,-1.941,-0.02
10/9/2020,-2.128,-0.032
10/12/2020,-2.221,-0.042
10/13/2020,-2.151,-0.036
10/14/2020,-2.135,-0.03
10/15/2020,-1.893,-0.016
10/16/2020,-1.913,0.024
10/19/2020,-1.905,-0.037
10/20/2020,-1.866,-0.042
10/21/2020,-1.794,-0.047
10/22/2020,-1.824,-0.047
10/23/2020,-1.891,-0.043
10/26/2020,-1.487,-0.027
10/27/2020,-1.322,-0.021
10/28/2020,-0.661,0.004
10/29/2020,-0.708,0.004
10/30/2020,-0.642,0.007
11/2/2020,-0.762,0.017
11/3/2020,-1.066,-0.007
11/4/2020,-1.757,-0.02
11/5/2020,-2.139,-0.065
11/6/2020,-2.245,-0.07
11/9/2020,-2.613,-0.106
11/10/2020,-2.566,-0.091
11/11/2020,-2.767,-0.094
11/12/2020,-2.592,-0.087
11/13/2020,-2.691,-0.095
11/16/2020,-2.886,-0.11
11/17/2020,-2.804,-0.054
11/18/2020,-2.764,-0.064
11/19/2020,-2.733,-0.055
11/20/2020,-2.806,-0.108
11/23/2020,-2.881,-0.119
11/24/2020,-3.091,-0.119
11/25/2020,-3.073,-0.121
11/27/2020,-3.21,-0.138
11/30/2020,-3.107,-0.126
12/1/2020,-3.315,-0.176
12/2/2020,-3.328,-0.184
12/3/2020,-3.321,-0.191
12/4/2020,-3.429,-0.214
12/7/2020,-3.332,-0.207
12/8/2020,-3.42,-0.216
12/9/2020,-3.529,-0.254
12/10/2020,-3.506,-0.25
12/11/2020,-3.343,-0.248
12/14/2020,-3.33,-0.247
12/15/2020,-3.46,-0.255
12/16/2020,-3.549,-0.271
12/17/2020,-3.625,-0.282
12/18/2020,-3.599,-0.282
12/21/2020,-3.23,-0.262
12/22/2020,-3.222,-0.25
12/23/2020,-3.421,-0.262
12/24/2020,-3.553,-0.263
12/28/2020,-3.671,-0.269
12/29/2020,-3.681,-0.28
12/30/2020,-3.611,-0.297
12/31/2020,-3.642,-0.303
1/4/2021,-3.392,-0.307
1/5/2021,-3.419,-0.301
1/6/2021,-3.655,-0.31
1/7/2021,-3.87,-0.318
1/8/2021,-3.982,-0.337
1/11/2021,-3.848,-0.344
1/12/2021,-3.854,-0.335
1/13/2021,-3.933,-0.338
1/14/2021,-3.948,-0.347
1/15/2021,-3.755,-0.329
1/19/2021,-3.854,-0.336
1/20/2021,-4.026,-0.353
1/21/2021,-4.105,-0.363
1/22/2021,-4.019,-0.352
1/25/2021,-3.857,-0.355
1/26/2021,-3.879,-0.342
1/27/2021,-3.225,-0.334
1/28/2021,-3.339,-0.321
1/29/2021,-3.053,-0.318
2/1/2021,-3.329,-0.331
2/2/2021,-3.727,-0.35
2/3/2021,-3.967,-0.361
2/4/2021,-4.036,-0.377
2/5/2021,-4.171,-0.388
2/8/2021,-4.226,-0.383
2/9/2021,-4.215,-0.394
2/10/2021,-4.166,-0.398
2/11/2021,-4.263,-0.448
2/12/2021,-4.364,-0.458
2/16/2021,-4.332,-0.471
2/17/2021,-4.269,-0.458
2/18/2021,-4.207,-0.457
2/19/2021,-4.199,-0.454
2/22/2021,-3.941,-0.381
2/23/2021,-3.901,-0.39
2/24/2021,-3.944,-0.37
2/25/2021,-3.62,-0.365
2/26/2021,-3.163,-0.283
3/1/2021,-3.645,-0.321
3/2/2021,-3.701,-0.3
3/3/2021,-3.663,-0.318
3/4/2021,-3.374,-0.3
3/5/2021,-3.369,-0.26
3/8/2021,-3.348,-0.205
3/9/2021,-3.486,-0.195
3/10/2021,-3.613,-0.209
3/11/2021,-3.808,-0.245
3/12/2021,-3.852,-0.232
3/15/2021,-3.824,-0.221
3/16/2021,-3.922,-0.233
3/17/2021,-3.924,-0.23
3/18/2021,-3.785,-0.224
3/19/2021,-3.677,-0.218
3/22/2021,-3.619,-0.132
3/23/2021,-3.472,-0.096
3/24/2021,-3.298,-0.068
3/25/2021,-3.426,-0.078
3/26/2021,-3.624,-0.082
3/29/2021,-3.466,-0.077
3/30/2021,-3.52,-0.071
3/31/2021,-3.584,-0.106
4/1/2021,-3.777,-0.127
4/5/2021,-3.864,-0.135
4/6/2021,-3.853,-0.146
4/7/2021,-3.892,-0.145
4/8/2021,-3.963,-0.141
4/9/2021,-4.026,-0.136
4/12/2021,-3.908,-0.061
4/13/2021,-3.972,-0.066
4/14/2021,-3.94,-0.076
4/15/2021,-3.966,-0.073
4/16/2021,-4.002,-0.088
4/19/2021,-3.969,-0.119
4/20/2021,-3.729,-0.193
4/21/2021,-3.731,-0.179
4/22/2021,-3.89,-0.197
4/23/2021,-4,-0.234
4/26/2021,-4.05,-0.252
4/27/2021,-4.07,-0.271
4/28/2021,-4.064,-0.271
4/29/2021,-4.045,-0.282
4/30/2021,-3.887,-0.267
5/3/2021,-3.918,-0.254
5/4/2021,-3.725,-0.241
5/5/2021,-3.851,-0.254
5/6/2021,-3.914,-0.275
5/7/2021,-4.092,-0.294
5/10/2021,-3.998,-0.288
5/11/2021,-3.566,-0.274
5/12/2021,-3.208,-0.261
5/13/2021,-3.203,-0.228
5/14/2021,-3.675,-0.26
5/17/2021,-3.539,-0.265
5/18/2021,-3.591,-0.285
5/19/2021,-3.32,-0.273
5/20/2021,-3.481,-0.266
5/21/2021,-3.53,-0.204
5/24/2021,-3.7,-0.253
5/25/2021,-3.754,-0.259
5/26/2021,-3.884,-0.272
5/27/2021,-3.947,-0.273
5/28/2021,-3.902,-0.152
6/1/2021,-3.838,-0.181
6/2/2021,-3.882,-0.178
6/3/2021,-3.865,-0.185
6/4/2021,-3.938,-0.177
6/7/2021,-4.007,-0.196
6/8/2021,-4.003,-0.203
6/9/2021,-3.943,-0.199
6/10/2021,-4.028,-0.206
6/11/2021,-4.159,-0.215
6/14/2021,-4.192,-0.219
6/15/2021,-4.167,-0.211
6/16/2021,-4.137,-0.222
6/17/2021,-3.986,-0.197
6/18/2021,-3.735,-0.194
6/21/2021,-3.697,-0.191
6/22/2021,-3.954,-0.197
6/23/2021,-4.024,-0.222
6/24/2021,-4.118,-0.247
6/25/2021,-4.219,-0.268
6/28/2021,-4.127,-0.249
6/29/2021,-4.094,-0.245
6/30/2021,-4.052,-0.238
7/1/2021,-4.042,-0.229
7/2/2021,-4.154,-0.217
7/6/2021,-3.96,-0.171
7/7/2021,-3.887,-0.156
7/8/2021,-3.544,-0.126
7/9/2021,-3.779,-0.142
7/12/2021,-3.892,-0.158
7/13/2021,-3.876,-0.171
7/14/2021,-3.837,-0.157
7/15/2021,-3.698,-0.175
7/16/2021,-3.574,-0.18
7/19/2021,-2.862,-0.097
7/20/2021,-2.961,-0.088
7/21/2021,-3.2,-0.09
7/22/2021,-3.262,-0.101
7/23/2021,-3.395,-0.103
7/26/2021,-3.329,-0.07
7/27/2021,-3.158,-0.038
7/28/2021,-3.193,-0.048
7/29/2021,-3.404,-0.076
7/30/2021,-3.342,-0.204
8/2/2021,-3.272,-0.199
8/3/2021,-3.287,-0.195
8/4/2021,-3.299,-0.2
8/5/2021,-3.398,-0.203
8/6/2021,-3.465,-0.195
8/9/2021,-3.434,-0.193
8/10/2021,-3.459,-0.202
8/11/2021,-3.525,-0.199
8/12/2021,-3.612,-0.21
8/13/2021,-3.653,-0.203
8/16/2021,-3.465,-0.18
8/17/2021,-3.33,-0.146
8/18/2021,-3.31,-0.181
8/19/2021,-3.032,-0.14
8/20/2021,-3.194,-0.138
8/23/2021,-3.349,-0.108
8/24/2021,-3.382,-0.144
8/25/2021,-3.458,-0.16
8/26/2021,-3.323,-0.157
8/27/2021,-3.449,-0.147
8/30/2021,-3.501,-0.16
8/31/2021,-3.526,-0.181
9/1/2021,-3.623,-0.197
9/2/2021,-3.629,-0.195
9/3/2021,-3.631,-0.204
9/7/2021,-3.598,-0.213
9/8/2021,-3.5,-0.196
9/9/2021,-3.45,-0.188
9/10/2021,-3.416,-0.204
9/13/2021,-3.475,-0.217
9/14/2021,-3.471,-0.211
9/15/2021,-3.487,-0.209
9/16/2021,-3.439,-0.197
9/17/2021,-3.287,-0.189
9/20/2021,-2.815,-0.135
9/21/2021,-2.801,-0.144
9/22/2021,-3.054,-0.169
9/23/2021,-3.303,-0.204
9/24/2021,-3.401,-0.197
9/27/2021,-3.385,-0.202
9/28/2021,-3.039,-0.188
9/29/2021,-3.013,-0.177
9/30/2021,-2.976,-0.183
10/1/2021,-2.978,-0.175
10/4/2021,-2.842,-0.163
10/5/2021,-2.979,-0.158
10/6/2021,-2.811,-0.13
10/7/2021,-3.098,-0.164
10/8/2021,-3.191,-0.166
10/11/2021,-3.13,-0.171
10/12/2021,-2.98,-0.147
10/13/2021,-3.032,-0.157
10/14/2021,-3.261,-0.168
10/15/2021,-3.416,-0.204
10/18/2021,-3.321,-0.198
10/19/2021,-3.431,-0.207
10/20/2021,-3.48,-0.217
10/21/2021,-3.376,-0.2
10/22/2021,-3.37,-0.199
10/25/2021,-3.296,-0.195
10/26/2021,-3.347,-0.196
10/27/2021,-3.177,-0.18
10/28/2021,-3.085,-0.182
10/29/2021,-3.015,-0.171
11/1/2021,-3.072,-0.16
11/2/2021,-3.156,-0.154
11/3/2021,-3.243,-0.162
11/4/2021,-3.324,-0.158
11/5/2021,-3.194,-0.148
11/8/2021,-3.157,-0.175
11/9/2021,-2.982,-0.165
11/10/2021,-2.871,-0.175
11/11/2021,-2.872,-0.18
11/12/2021,-2.937,-0.183
11/15/2021,-2.95,-0.183
11/16/2021,-2.925,-0.164
11/17/2021,-2.875,-0.154
11/18/2021,-2.813,-0.115
11/19/2021,-2.66,-0.088
11/22/2021,-2.621,-0.092
11/23/2021,-2.504,-0.023
11/24/2021,-2.432,-0.007
11/26/2021,-1.184,0.133
11/29/2021,-1.313,0.128
11/30/2021,-0.921,0.136
12/1/2021,-1.005,0.141
12/2/2021,-0.991,0.136
12/3/2021,-0.808,0.183
12/6/2021,-0.948,0.17
12/7/2021,-1.537,0.126
12/8/2021,-1.852,0.105
12/9/2021,-1.798,0.097
12/10/2021,-1.963,0.092
12/13/2021,-1.905,0.107
12/14/2021,-1.726,0.108
12/15/2021,-1.837,0.111
12/16/2021,-2,0.111
12/17/2021,-1.779,0.121
12/20/2021,-1.39,0.174
12/21/2021,-1.77,0.153
12/22/2021,-1.956,0.153
12/23/2021,-2.162,0.136
12/27/2021,-2.185,0.145
12/28/2021,-2.48,0.083
12/29/2021,-2.474,0.079
12/30/2021,-2.476,0.073
12/31/2021,-2.537,0.038
1/3/2022,-2.537443709,-0.063623924
1/4/2022,-2.633788944,-0.071772251
1/5/2022,-2.647145917,-0.096300554
1/6/2022,-2.440022763,-0.08474424
1/7/2022,-2.540550551,-0.142314061
1/10/2022,-2.418389878,-0.137866807
1/11/2022,-2.530836933,-0.157775544
1/12/2022,-2.745738159,-0.173961977
1/13/2022,-2.565139807,-0.16131637
1/14/2022,-2.411914031,-0.155008537
1/18/2022,-2.192121851,-0.161403279
1/19/2022,-2.05013545,-0.168561242
1/20/2022,-2.11458105,-0.194422219
1/21/2022,-1.711636792,-0.178262858
1/24/2022,-1.32036753,-0.13628057
1/25/2022,-1.188961184,-0.145657526
1/26/2022,-1.382190106,-0.177442291
1/27/2022,-1.21412724,-0.159088406
1/28/2022,-1.351324216,-0.146894099
1/31/2022,-1.565670843,-0.183800619
2/1/2022,-1.882114225,-0.195053212
2/2/2022,-1.993001795,-0.201943539
2/3/2022,-1.678570107,-0.206529111
2/4/2022,-1.58038941,-0.220872489
2/7/2022,-1.464173784,-0.210287633
2/8/2022,-1.625553791,-0.212275778
2/9/2022,-1.887030232,-0.238786899
2/10/2022,-1.744538721,-0.254449048
2/11/2022,-1.234295831,-0.193904444
2/14/2022,-0.746364252,-0.154591958
2/15/2022,-1.062877544,-0.189156826
2/16/2022,-1.290845116,-0.20783837
2/17/2022,-0.866388329,-0.180721911
2/18/2022,-0.849916255,-0.180667035
2/22/2022,-0.613042553,-0.140510992
2/23/2022,-0.520606528,-0.138349366
2/24/2022,0.07033264,0.074559951
2/28/2022,-0.063365892,0.086882527
3/1/2022,0.647462366,0.203138761
3/2/2022,0.461635733,0.231014035
3/3/2022,0.60489926,0.251548392
3/4/2022,1.753133265,0.362036766
3/7/2022,2.018863866,0.47100792
3/8/2022,1.813850651,0.492196232
3/9/2022,1.234203368,0.417257109
3/10/2022,1.154448449,0.443426045
3/11/2022,1.137021358,0.448903558
3/14/2022,1.29061935,0.476401049
3/15/2022,1.268429221,0.498494556
3/16/2022,0.755485517,0.434455038
3/17/2022,0.301507065,0.32750408
3/18/2022,0.013587478,0.314697294
3/21/2022,-0.115391522,0.28320027
3/22/2022,-0.110618107,0.263282932
3/23/2022,-0.057282218,0.273468605
3/24/2022,-0.018060668,0.284579121
3/25/2022,0.041042835,0.248791516
3/28/2022,0.092331695,0.272307182
3/29/2022,-0.220907714,0.249176518
3/30/2022,-0.246787147,0.218404962
3/31/2022,-0.41966209,0.040524285
4/1/2022,-0.615860941,0.015554354
4/4/2022,-0.793018001,-0.020895145
4/5/2022,-0.68289023,-0.053471407
4/6/2022,-0.353908491,-0.029848117
4/7/2022,-0.261818844,-0.035135326
4/8/2022,-0.349634922,-0.038682979
4/11/2022,-0.115231811,-0.02845564
4/12/2022,-0.126080617,-0.008671629
4/13/2022,-0.254625444,-0.00467872
4/14/2022,-0.406365303,-0.043154991
4/15/2022,-0.364634182,-0.041671456
4/18/2022,-0.330385562,-0.04416757
4/19/2022,-0.272886298,-0.037195522
4/20/2022,-0.235843177,-0.026567199
4/21/2022,-0.049601165,-0.02278165
4/22/2022,0.492787525,0.0225661
4/25/2022,0.648638465,0.066507355
4/26/2022,0.945736037,0.08773803
4/27/2022,1.002055604,0.078507305
4/28/2022,1.000770639,0.144332341
4/29/2022,1.307602955,0.113476722
5/2/2022,1.508453652,0.131795704
5/3/2022,1.258515933,0.134611591
5/4/2022,0.941982815,0.124415896
5/5/2022,1.389201718,0.117297547
5/6/2022,1.494548183,0.152985394
5/9/2022,2.11841379,0.224602554
5/10/2022,1.965824164,0.229111843
5/11/2022,1.710072303,0.234121369
5/12/2022,2.009210362,0.280944111
5/13/2022,1.543031124,0.258552182
5/16/2022,1.425106494,0.270459298
5/17/2022,1.072436148,0.23984896
5/18/2022,1.345290903,0.266182528
5/19/2022,1.476976893,0.297340824
5/20/2022,1.298997333,0.287563302
5/23/2022,0.993436287,0.233845434
5/24/2022,1.070346053,0.239573698
5/25/2022,0.949692332,0.229828257
5/26/2022,0.770533956,0.231675236
5/27/2022,0.389104713,0.2072958
5/30/2022,0.347948965,0.206076816
5/31/2022,0.411841378,0.151833607
6/1/2022,0.731988486,0.493470382
6/2/2022,0.273595103,0.148929179
6/3/2022,0.231439157,0.135594162
6/6/2022,0.313286131,0.1194217
6/7/2022,0.385044847,0.151632763
6/8/2022,0.478921719,0.168836716
6/9/2022,0.656606631,0.171212164
6/10/2022,0.858344243,0.192225377
6/13/2022,2.139735566,0.273009729
6/14/2022,2.176315286,0.276096886
6/15/2022,2.093801673,0.283259759
6/16/2022,2.850685339,0.29541954
6/17/2022,2.588050847,0.284657324
6/20/2022,2.423513634,0.269280888
6/21/2022,2.19141246,0.219595813
6/22/2022,2.265239601,0.260694529
6/23/2022,2.343053654,0.264442568
6/24/2022,2.100282265,0.226901452
6/27/2022,1.991844479,0.208632263
6/28/2022,2.020958928,0.219287407
6/29/2022,2.123159465,0.251550239
6/30/2022,2.454734318,0.276536546
7/1/2022,2.889652049,0.302802232
7/4/2022,2.861372537,0.299332247
7/5/2022,2.785035486,0.344619983
7/6/2022,2.772293073,0.341140963
7/7/2022,2.47426933,0.333717101
7/8/2022,2.246699411,0.306434237
7/11/2022,2.43299794,0.354158433
7/12/2022,2.518223524,0.399041243
7/13/2022,2.376651304,0.411153654
7/14/2022,2.568929342,0.45168124
7/15/2022,2.288526389,0.436894785
7/18/2022,2.259499378,0.419843197
7/19/2022,1.963246693,0.406906446
7/20/2022,1.78234627,0.378910937
7/21/2022,1.636228699,0.394635644
7/22/2022,1.549695791,0.381444868
7/25/2022,1.324017709,0.35503395
7/26/2022,1.555745523,0.347778689
7/27/2022,1.44339089,0.36207757
7/28/2022,1.380647787,0.352908229
7/29/2022,1.140089947,0.319069339
8/1/2022,1.191339858,0.34043505
8/2/2022,1.372935486,0.32551423
8/3/2022,1.248347248,0.331618978
8/4/2022,1.150598295,0.322837027
8/5/2022,1.068964958,0.275920094
8/8/2022,1.001530843,0.289167331
8/9/2022,1.042393853,0.274201056
8/10/2022,0.659161077,0.250065757
8/11/2022,0.603485012,0.182576219
8/12/2022,0.360398547,0.180379339
8/15/2022,0.525390579,0.214736204
8/16/2022,0.43314308,0.210437954
8/17/2022,0.589427629,0.214971395
8/18/2022,0.668673399,0.238426647
8/19/2022,0.999792944,0.247145507
8/22/2022,1.412250402,0.253005708
8/23/2022,1.509112751,0.247120101
8/24/2022,1.341330285,0.22067992
8/25/2022,1.173873487,0.205775243
8/26/2022,1.247471965,0.178217143
8/29/2022,1.574165177,0.204329246
8/30/2022,1.461254625,0.199032008
8/31/2022,1.626848537,0.172711405
9/1/2022,1.678463115,0.192563304
9/2/2022,1.57674153,0.19547854
9/5/2022,1.81458004,0.204590592
9/6/2022,1.800282617,0.196311886
9/7/2022,1.768797103,0.214612394
9/8/2022,1.461523109,0.164918691
9/9/2022,1.154433381,0.147531675
9/12/2022,1.139720237,0.120397372
9/13/2022,1.234774525,0.132858445
9/14/2022,1.323465471,0.144920479
9/15/2022,1.445809895,0.161749487
9/16/2022,1.72460469,0.191259739
9/19/2022,1.730365679,0.183974331
9/20/2022,1.876192163,0.18366278
9/21/2022,2.006379498,0.198977125
9/22/2022,1.998146149,0.177058264
9/23/2022,2.476041654,0.229296449
9/26/2022,3.082155588,0.266060318
9/27/2022,3.114312874,0.275767781
9/28/2022,3.387102038,0.399002871
9/29/2022,3.470481381,0.405463821
9/30/2022,3.286035015,0.367682035
10/3/2022,3.160071552,0.37954639
10/4/2022,2.72839579,0.337538671
10/5/2022,2.638157851,0.334078529
10/6/2022,2.74726024,0.322277068
10/7/2022,2.901742358,0.341187195
10/10/2022,3.101576395,0.354667678
10/11/2022,3.408458909,0.390225926
10/12/2022,3.422477604,0.415176095
10/13/2022,3.389204222,0.437328055
10/14/2022,3.123886565,0.410576123
10/17/2022,3.136646112,0.412309924
10/18/2022,2.896193246,0.401276633
10/19/2022,2.992866085,0.416122974
10/20/2022,3.045855013,0.418700619
10/21/2022,3.195306382,0.451609422
10/24/2022,3.030406678,0.483064398
10/25/2022,2.860204446,0.510509257
10/26/2022,2.652500256,0.495284138
10/27/2022,2.469465238,0.512754604
10/28/2022,2.253793918,0.478185655
10/31/2022,2.44696795,0.460577182
11/1/2022,2.307538011,0.431549582
11/2/2022,2.249650949,0.425568112
11/3/2022,2.286848865,0.433244108
11/4/2022,2.047777064,0.399369334
11/7/2022,1.932746655,0.374177785
11/8/2022,1.93482749,0.377473763
11/9/2022,1.846461287,0.387373313
11/10/2022,1.590152924,0.428544952
11/11/2022,1.405695264,0.413076043
11/14/2022,1.33631517,0.32803578
11/15/2022,1.219063122,0.310889593
11/16/2022,1.306424269,0.309516444
11/17/2022,1.3703491,0.330544892
11/18/2022,1.327913039,0.297039194
11/21/2022,1.32200947,0.305743875
11/22/2022,1.19383675,0.302874054
11/23/2022,1.113504909,0.293272375
11/24/2022,1.130987465,0.287053422
11/25/2022,1.055192624,0.258895146
11/28/2022,1.230495142,0.257881842
11/29/2022,1.165896958,0.21669918
11/30/2022,1.006300821,0.207877873
12/1/2022,0.879963013,0.20874907
12/2/2022,0.825470611,0.179668332
12/5/2022,0.703194477,0.147728616
12/6/2022,1.090347311,0.1623213
12/7/2022,1.027496438,0.18047056
12/8/2022,0.895925739,0.136665198
12/9/2022,0.871991968,0.098239179
12/12/2022,0.912537607,0.093532148
12/13/2022,0.547580888,0.067186034
12/14/2022,0.317600406,0.033052926
12/15/2022,0.498214559,0.044826219
12/16/2022,0.688826128,0.054260051
12/19/2022,0.74350663,0.0447184
12/20/2022,0.895000897,0.046812627
12/21/2022,0.732614258,0.041715117
12/22/2022,0.790329617,0.042585177
12/23/2022,0.79753168,0.046089464
12/26/2022,0.786435829,0.058259912
12/27/2022,0.813794454,0.03863491
12/28/2022,0.853749776,0.034370852
12/29/2022,0.836875139,0.053012069
12/30/2022,0.908846553,0.046156067
1/2/2023,0.926916411,0.056636682
1/3/2023,0.938192628,0.053881204
1/4/2023,0.787988881,0.049813429
1/5/2023,0.65210368,0.039128503
1/6/2023,0.490314247,0.043699673
1/9/2023,0.435500049,0.04256133
1/10/2023,0.283731758,0.03199596
1/11/2023,0.257004091,0.031394702
1/12/2023,0.231527302,0.041292842
1/13/2023,0.147238423,0.010435661
1/16/2023,0.234174297,0.024575969
1/17/2023,0.133762813,0.008670545
1/18/2023,-0.07385804,0.021344093
1/19/2023,0.023630372,0.01386134
1/20/2023,-0.003863439,-0.002263674
1/23/2023,-0.081867561,-0.011775683
1/24/2023,-0.116532291,-0.004356458
1/25/2023,-0.109635726,0.000195004
1/26/2023,-0.110708987,-0.015842803
1/27/2023,-0.179939228,-0.019063695
1/30/2023,-0.035708904,-0.014728702
1/31/2023,-0.087913661,-0.021460609
2/1/2023,-0.218800241,-0.012324201
2/2/2023,-0.487620893,-0.033112734
2/3/2023,-0.469552031,-0.050614381
2/6/2023,-0.269192367,-0.052771359
2/7/2023,-0.315202751,-0.04767415
2/8/2023,-0.335333766,-0.032151867
2/9/2023,-0.325336425,-0.039142338
2/10/2023,-0.157026395,-0.027714457
2/13/2023,-0.15013955,-0.016124031
2/14/2023,-0.303318274,-0.024917561
2/15/2023,-0.369343911,-0.02040398
2/16/2023,-0.37690515,-0.027505818
2/17/2023,-0.258076333,-0.001427505
2/20/2023,-0.221683455,-0.002619182
2/21/2023,-0.013614515,-0.00514936
2/22/2023,0.052109785,0.008818733
2/23/2023,-0.090751461,-0.00422043
2/24/2023,-0.030427761,-0.008374185
2/27/2023,-0.072539449,-0.00088495
2/28/2023,-0.089987859,0.0034188
3/1/2023,-0.050818896,-0.007498705
3/2/2023,-0.070120147,-0.001345459
3/3/2023,-0.218351033,6.75E-05
3/6/2023,-0.199511559,-0.012625058
3/7/2023,-0.163453913,-0.012801041
3/8/2023,-0.135594274,-0.005688881
3/9/2023,0.081149071,0.026677179
3/10/2023,0.539582824,0.065674974
3/13/2023,1.428646389,0.096974179
3/14/2023,1.253404062,0.08735092
3/15/2023,2.425909074,0.135259271
3/16/2023,1.683346583,0.112935533
3/17/2023,2.097701242,0.140796759
3/20/2023,2.189806297,0.150793196
3/21/2023,1.444812871,0.116895958
3/22/2023,1.248118589,0.143759602
3/23/2023,1.419161955,0.140525779
3/24/2023,1.735262939,0.14986859
3/27/2023,1.408817773,0.125742621
3/28/2023,1.160832114,0.122336998
3/29/2023,0.894092287,0.111934766
3/30/2023,0.776496511,0.114949907
3/31/2023,0.630239208,0.111969876
4/3/2023,0.497990624,0.111998434
4/4/2023,0.433537626,0.124445088
4/5/2023,0.757090686,0.132369254
4/6/2023,0.672323044,0.133490895
4/7/2023,0.613187575,0.119300389
4/10/2023,0.518555949,0.117562991
4/11/2023,0.34105145,0.112380336
4/12/2023,0.199980138,0.115070925
4/13/2023,0.032583845,0.106223347
4/14/2023,-0.141550848,0.08842738
4/17/2023,-0.119918871,0.081182246
4/18/2023,-0.231608562,0.089489963
4/19/2023,-0.209704147,0.100158274
4/20/2023,-0.095619877,0.113590678
4/21/2023,-0.129716127,0.108790524
4/24/2023,-0.079134821,0.12191103
4/25/2023,0.224555816,0.137538394
4/26/2023,0.289523638,0.135850652
4/27/2023,0.007789949,0.119868211
4/28/2023,-0.076362439,0.110943804
5/1/2023,-0.050552939,0.089544317
5/2/2023,0.258610993,0.129007584
5/3/2023,0.306824353,0.138352485
5/4/2023,0.489857793,0.140009314
5/5/2023,0.150708233,0.128426849
5/8/2023,0.152839069,0.118894143
5/9/2023,0.127294041,0.120417827
5/10/2023,0.104520449,0.13676525
5/11/2023,0.129102698,0.139358943
5/12/2023,-0.058113328,0.13197008
5/15/2023,0.002101816,0.143524013
5/16/2023,0.000544671,0.135501926
5/17/2023,-0.094176435,0.139931294
5/18/2023,-0.118353326,0.127963341
5/19/2023,-0.011757514,0.125359972
5/22/2023,-0.043761797,0.121530854
5/23/2023,0.085300558,0.13127341
5/24/2023,0.239538818,0.129225804
5/25/2023,0.20719493,0.115634785
5/26/2023,0.159555364,0.121049891
5/29/2023,0.180159378,0.121642395
5/30/2023,0.133740909,0.120496765
5/31/2023,0.203094064,0.12571214
6/1/2023,-0.076537122,0.131874346
6/2/2023,-0.343038319,0.090628286
6/5/2023,-0.273888664,0.094463292
6/6/2023,-0.419979396,0.087605674
6/7/2023,-0.489099401,0.064746354
6/8/2023,-0.462623327,0.080410265
6/9/2023,-0.608214196,0.066678772
6/12/2023,-0.589648493,0.065900757
6/13/2023,-0.659124602,0.039195867
6/14/2023,-0.739956727,0.037170015
6/15/2023,-0.666890739,0.048217702
6/16/2023,-0.899506027,0.030855141
6/19/2023,-0.808047847,0.032446625
6/20/2023,-0.784861457,0.047385324
6/21/2023,-0.767136782,0.046528762
6/22/2023,-0.825230705,0.035748245
6/23/2023,-0.667761265,0.048097072
6/26/2023,-0.557,0.053
6/27/2023,-0.643,0.04
6/28/2023,-0.638,0.053
6/29/2023,-0.686,0.038
6/30/2023,-0.759,0.032
7/3/2023,-0.832,0.019
7/4/2023,-0.817,0.019
7/5/2023,-0.862,0.011
7/6/2023,-0.588,0.015
7/7/2023,-0.582,0.022
7/10/2023,-0.547,0.031
7/11/2023,-0.608,0.017
7/12/2023,-0.729,0.029
7/13/2023,-0.862,0.028
7/14/2023,-0.915,0.009
7/17/2023,-0.767,0.013
7/18/2023,-0.817,0.012
7/19/2023,-0.741,0.02
7/20/2023,-0.764,0.005
7/21/2023,-0.817,0.011
7/24/2023,-0.777,0.007
7/25/2023,-0.779,0.004
7/26/2023,-0.802,0.005
7/27/2023,-0.831,-0.027
7/28/2023,-0.956,-0.02
7/31/2023,-0.965,-0.029
8/1/2023,-0.922,-0.033
8/2/2023,-0.629,-0.016
8/3/2023,-0.513,-0.018
8/4/2023,-0.521,0.001
8/7/2023,-0.593,-0.007
8/8/2023,-0.518,0.005
8/9/2023,-0.65,0.003
8/10/2023,-0.778,-0.016
8/11/2023,-0.734,-0.02
8/14/2023,-0.699,-0.011
8/15/2023,-0.561,0.005
8/16/2023,-0.542,0.003
8/17/2023,-0.394,0.018
8/18/2023,-0.386,0.028
8/21/2023,-0.406,0.026
8/22/2023,-0.509,0.023
8/23/2023,-0.569,0.032
8/24/2023,-0.543,0.017
8/25/2023,-0.592,0.024
8/28/2023,-0.731,0.027
8/29/2023,-0.831,0.036
8/30/2023,-0.852,0.029
8/31/2023,-0.893,0.029
9/1/2023,-0.956,0.013
9/4/2023,-0.933,0.012
9/5/2023,-0.887,0.006
9/6/2023,-0.87,0.006
9/7/2023,-0.806,0.019
9/8/2023,-0.893,0.012
9/11/2023,-0.931,0.012
9/12/2023,-0.941,0.015
9/13/2023,-0.969,0.02
9/14/2023,-1.159,0.01
9/15/2023,-1.095,0.003
9/18/2023,-1.047,0.012
9/19/2023,-1.066,0.005
9/20/2023,-1.11,0
9/21/2023,-0.851,0.008
9/22/2023,-0.914,0.016
9/25/2023,-0.831,0.008
9/26/2023,-0.62,0.018
9/27/2023,-0.263,0.343
9/28/2023,-0.464,0.035
9/29/2023,-0.615,0.008
10/2/2023,-0.49,0
10/3/2023,-0.244,0.009
10/4/2023,-0.108,0.036
10/5/2023,-0.17,0.042
10/6/2023,-0.313,0.033
10/9/2023,-0.199,0.034
10/10/2023,-0.314,0.044
10/11/2023,-0.426,0.043
10/12/2023,-0.479,0.025
10/13/2023,-0.211,0.046
10/16/2023,-0.291,0.039
10/17/2023,-0.324,0.023
10/18/2023,-0.166,0.028
10/19/2023,0.045,0.035
10/20/2023,0.199,0.057
10/23/2023,0.123,0.07
10/24/2023,-0.061,0.057
10/25/2023,-0.067,0.037
10/26/2023,0.099,0.065
10/27/2023,0.031,0.062
10/30/2023,-0.003,0.06
10/31/2023,-0.203,0.025
11/1/2023,-0.341,0.048
11/2/2023,-0.522,0.026
11/3/2023,-0.649,0.023
11/6/2023,-0.502,0.26
11/7/2023,-0.761,0.017
11/8/2023,-0.789,0.017
11/9/2023,-0.832,0.002
11/10/2023,-0.839,0.01
11/13/2023,-0.789,0.038
11/14/2023,-0.96,0.027
11/15/2023,-1.104,-0.003
11/16/2023,-1.116,0.008
11/17/2023,-1.228,0.002
11/20/2023,-1.158,-0.004
11/21/2023,-1.178,-0.015
11/22/2023,-1.271,-0.019
11/23/2023,-1.301,-0.021
11/24/2023,-1.385,-0.031
11/27/2023,-1.306,-0.015
11/28/2023,-1.321,-0.006
11/29/2023,-1.313,-0.016
11/30/2023,-1.306,-0.039
12/1/2023,-1.289,-0.019
12/4/2023,-1.28,-0.033
12/5/2023,-1.23,-0.028
12/6/2023,-1.253,-0.03
12/7/2023,-1.16,-0.035
12/8/2023,-1.234,-0.05
12/11/2023,-1.225,-0.05
12/12/2023,-1.268,-0.048
12/13/2023,-1.281,-0.021
12/14/2023,-1.382,-0.055
12/15/2023,-1.432,-0.062
12/18/2023,-1.386,-0.07
12/19/2023,-1.513,-0.074
12/20/2023,-1.488,-0.064
12/21/2023,-1.404,-0.072
12/22/2023,-1.436,-0.071
12/25/2023,-1.406,-0.069
12/26/2023,-1.445,-0.069
12/27/2023,-1.444,-0.056
12/28/2023,-1.433,-0.074
12/29/2023,-1.421,-0.092
1/1/2024,-1.404,-0.092
1/2/2024,-1.287,-0.094
1/3/2024,-1.238,-0.068
1/4/2024,-1.231,-0.078
1/5/2024,-1.327,-0.078
1/8/2024,-1.326,-0.064
1/9/2024,-1.291,-0.063
1/10/2024,-1.38,-0.076
1/11/2024,-1.368,-0.072
1/12/2024,-1.311,-0.071
1/15/2024,-1.303,-0.071
1/16/2024,-1.354,-0.083
1/17/2024,-1.272,-0.075
1/18/2024,-1.381,-0.08
1/19/2024,-1.441,-0.078
1/22/2024,-1.443,-0.072
1/23/2024,-1.499,-0.073
1/24/2024,-1.586,-0.088
1/25/2024,-1.59,-0.081
1/26/2024,-1.622,-0.088
1/29/2024,-1.576,-0.084
1/30/2024,-1.597,-0.077
1/31/2024,-1.444,-0.074
2/1/2024,-1.472,-0.078
2/2/2024,-1.548,-0.105
2/5/2024,-1.519,-0.114
2/6/2024,-1.561,-0.108
2/7/2024,-1.621,-0.11
2/8/2024,-1.647,-0.111
2/9/2024,-1.708,-0.113
2/12/2024,-1.642,-0.074
2/13/2024,-1.559,-0.094
2/15/2024,-1.697,-0.091
2/16/2024,-1.721,-0.142
2/19/2024,-1.786,-0.141
2/20/2024,-1.786,-0.148
2/21/2024,-1.801,-0.159
2/22/2024,-1.969,-0.166
2/23/2024,-2,-0.161
2/26/2024,-1.991,-0.165
2/27/2024,-2.017,-0.167
2/28/2024,-1.996,-0.159
2/29/2024,-2.001,-0.157
3/1/2024,-1.946,-0.151
3/4/2024,-1.891,-0.154
3/5/2024,-1.825,-0.14
3/6/2024,-1.838,-0.141
3/7/2024,-1.821,-0.139
3/8/2024,-1.771,-0.139
3/11/2024,-1.735,-0.147
3/12/2024,-1.923,-0.161
3/13/2024,-2.031,-0.169
3/14/2024,-2.026,-0.181
3/15/2024,-2.006,-0.175
3/18/2024,-2.034,-0.175
3/19/2024,-2.122,-0.17
3/20/2024,-2.115,-0.17
3/21/2024,-2.158,-0.185
3/22/2024,-2.071,-0.174
3/25/2024,-2.138,-0.178
3/26/2024,-2.212,-0.177
3/27/2024,-2.222,-0.171
3/28/2024,-2.207,-0.185
3/29/2024,-2.16,-0.186
4/1/2024,-2.059,-0.194
4/2/2024,-1.97,-0.192
4/3/2024,-1.532,-0.12
4/4/2024,-1.92,-0.187
4/5/2024,-1.849,-0.199
4/8/2024,-1.923,-0.207
4/9/2024,-1.932,-0.203
4/10/2024,-1.911,-0.231
4/11/2024,-1.869,-0.22
4/12/2024,-1.603,-0.198
4/15/2024,-1.476,-0.197
4/16/2024,-1.261,-0.186
4/17/2024,-1.336,-0.178
4/18/2024,-1.485,-0.191
4/19/2024,-1.307,-0.188
4/22/2024,-1.574,-0.193
4/23/2024,-1.747,-0.196
4/24/2024,-1.75,-0.199
4/25/2024,-1.631,-0.2
4/26/2024,-1.695,-0.202
4/29/2024,-1.745,-0.2
4/30/2024,-1.671,-0.198
5/1/2024,-1.651,-0.184
5/2/2024,-1.716,-0.184
5/3/2024,-1.878,-0.186
5/6/2024,-1.888,-0.19
5/7/2024,-1.978,-0.187
5/8/2024,-1.938,-0.197
5/9/2024,-2.017,-0.19
5/10/2024,-2.116,-0.2
5/13/2024,-2.053,-0.201
5/14/2024,-2.076,-0.196
5/15/2024,-2.198,-0.197
5/16/2024,-2.285,-0.216
5/17/2024,-2.363,-0.221
5/20/2024,-2.376,-0.226
5/21/2024,-2.41,-0.219
5/22/2024,-2.343,-0.219
5/23/2024,-2.361,-0.223
5/24/2024,-2.368,-0.216
5/27/2024,-2.374,-0.217
5/28/2024,-2.372,-0.208
5/29/2024,-2.208,-0.227
5/30/2024,-2.159,-0.213
5/31/2024,-2.251,-0.201
6/3/2024,-2.258,-0.195
6/4/2024,-2.149,-0.179
6/5/2024,-2.176,-0.175
6/6/2024,-2.268,-0.178
6/7/2024,-2.33,-0.2
6/10/2024,-2.18,-0.207
6/11/2024,-2.058,-0.193
6/12/2024,-2.17,-0.196
6/13/2024,-2.069,-0.186
6/14/2024,-1.806,-0.18
6/17/2024,-1.777,-0.186
6/18/2024,-1.884,-0.182
6/19/2024,-1.92,-0.186
6/20/2024,-1.909,-0.19
6/21/2024,-1.899,-0.187
6/24/2024,-1.871,-0.182
6/25/2024,-1.905,-0.185
6/26/2024,-1.88,-0.195
6/27/2024,-1.949,-0.186
6/28/2024,-1.941,-0.184
7/1/2024,-2.084,-0.185
7/2/2024,-2.103,-0.175
7/3/2024,-2.173,-0.177
7/4/2024,-2.201,-0.18
7/5/2024,-2.235,-0.176
7/8/2024,-2.298,-0.183
7/9/2024,-2.295,-0.186
7/10/2024,-2.266,-0.187
7/11/2024,-2.314,-0.192
7/12/2024,-2.291,-0.187
7/15/2024,-2.249,-0.189
7/16/2024,-2.214,-0.179
7/17/2024,-2.124,-0.172
7/18/2024,-2.031,-0.177
7/19/2024,-1.932,-0.176
7/22/2024,-2.028,-0.176
7/23/2024,-2.087,-0.179
7/24/2024,-1.836,-0.178
7/25/2024,-1.637,-0.168
7/26/2024,-1.753,-0.16
7/29/2024,-1.723,-0.163
7/30/2024,-1.632,-0.156
7/31/2024,-1.749,-0.153
8/1/2024,-1.506,-0.144
8/2/2024,-0.588,-0.105
8/5/2024,1.913,-0.074
8/6/2024,0.478,-0.098
8/7/2024,0.087,-0.118
8/8/2024,-0.038,-0.123
8/9/2024,-0.31,-0.128
8/12/2024,-0.317,-0.123
8/13/2024,-0.789,-0.121
8/14/2024,-1.132,-0.129
8/15/2024,-1.498,-0.146
8/16/2024,-1.573,-0.148
8/19/2024,-1.472,-0.155
8/20/2024,-1.414,-0.15
8/21/2024,-1.43,-0.149
8/22/2024,-1.402,-0.156
8/23/2024,-1.521,-0.148
8/26/2024,-1.497,-0.158
8/27/2024,-1.586,-0.156
8/28/2024,-1.555,-0.157
8/29/2024,-1.647,-0.161
8/30/2024,-1.776,-0.174
9/2/2024,-1.764,-0.173
9/3/2024,-1.451,-0.152
9/4/2024,-1.06,-0.132
9/5/2024,-1.003,-0.138
9/6/2024,-0.836,-0.138
9/9/2024,-1.074,-0.131
9/10/2024,-1.06,-0.119
9/11/2024,-1.113,-0.121
9/12/2024,-1.277,-0.134
9/13/2024,-1.219,-0.139
9/16/2024,-1.151,-0.14
9/17/2024,-1.244,-0.153
9/18/2024,-1.237,-0.167
9/19/2024,-1.675,-0.175
9/20/2024,-1.68,-0.178
9/23/2024,-1.63,-0.178
9/24/2024,-1.563,-0.181
9/25/2024,-1.614,-0.195
9/26/2024,-1.595,-0.207
9/27/2024,-1.486,-0.207
9/30/2024,-1.503,-0.222
10/1/2024,-1.33,-0.218
10/2/2024,-1.301,-0.229
10/3/2024,-1.27,-0.236
10/4/2024,-1.498,-0.255
10/7/2024,-1.186,-0.256
10/8/2024,-1.129,-0.242
10/9/2024,-1.254,-0.251
10/10/2024,-1.378,-0.247
10/11/2024,-1.438,-0.249
10/14/2024,-1.526,-0.253
10/15/2024,-1.483,-0.247
10/16/2024,-1.477,-0.246
10/17/2024,-1.549,-0.256
10/18/2024,-1.635,-0.26
10/21/2024,-1.599,-0.268
10/22/2024,-1.496,-0.257
10/23/2024,-1.325,-0.257
10/24/2024,-1.341,-0.253
10/25/2024,-1.196,-0.262
10/28/2024,-2.325,-0.265
10/29/2024,-1.289,-0.261
10/30/2024,-1.398,-0.269
10/31/2024,-1.132,-0.264
11/1/2024,-1.224,-0.278
11/4/2024,-1.223,-0.268
11/5/2024,-1.441,-0.268
11/6/2024,-1.863,-0.285
11/7/2024,-1.889,-0.281
11/8/2024,-1.985,-0.289
11/11/2024,-1.981,-0.285
11/12/2024,-1.948,-0.294
11/13/2024,-1.914,-0.29
11/14/2024,-1.92,-0.288
11/15/2024,-1.737,-0.198
11/18/2024,-1.658,-0.188
11/19/2024,-1.631,-0.191
11/20/2024,-1.577,-0.196
11/21/2024,-1.472,-0.196
11/22/2024,-1.647,-0.192
11/25/2024,-1.908,-0.259
11/26/2024,-1.882,-0.266
11/27/2024,-1.755,-0.26
11/28/2024,-1.733,-0.257
11/29/2024,-1.845,-0.26
12/2/2024,-1.949,-0.267
12/3/2024,-1.865,-0.279
12/4/2024,-1.971,-0.273
12/5/2024,-1.984,-0.275
12/6/2024,-2.02,-0.276
12/9/2024,-2.011,-0.292
12/10/2024,-1.942,-0.293
12/11/2024,-2.061,-0.299
12/12/2024,-2.06,-0.308
12/13/2024,-2.027,-0.311
12/16/2024,-2.044,-0.304
12/17/2024,-1.966,-0.296
12/18/2024,-1.473,-0.32
12/19/2024,-1.269,-0.295
12/20/2024,-1.518,-0.283
12/23/2024,-1.673,-0.294
12/24/2024,-1.9,-0.294
12/25/2024,-1.816,-0.294
12/26/2024,-1.812,-0.29
12/27/2024,-1.794,-0.298
12/30/2024,-1.625,-0.278
12/31/2024,-1.643,-0.296
