Date,Short-term interest rate - Overnight Interbannk Interest rate (%)
1/7/2011,11.52
4/7/2011,11.68
5/7/2011,11.51
6/7/2011,11.59
7/7/2011,12.07
8/7/2011,12.4
11/7/2011,12.77
12/7/2011,12.76
13/07/2011,12.82
14/07/2011,12.76
15/07/2011,12.87
18/07/2011,12.38
19/07/2011,12.69
20/07/2011,12.83
21/07/2011,12.78
22/07/2011,12.59
25/07/2011,12.73
26/07/2011,12.62
28/07/2011,11.64
29/07/2011,11.18
2/8/2011,11
3/8/2011,10.38
4/8/2011,10.5
5/8/2011,10.62
8/8/2011,10.79
9/8/2011,10.79
10/8/2011,10.94
11/8/2011,10.47
12/8/2011,10.61
15/08/2011,10.56
16/08/2011,10.61
17/08/2011,10.63
18/08/2011,10.25
19/08/2011,10.93
22/08/2011,10.51
23/08/2011,10.83
24/08/2011,11.22
25/08/2011,10.73
26/08/2011,11.35
29/08/2011,11.9
30/08/2011,11.95
31/08/2011,11.89
1/9/2011,11.33
5/9/2011,12.65
6/9/2011,13.29
7/9/2011,13.52
8/9/2011,13.39
9/9/2011,13.19
12/9/2011,12.09
13/09/2011,12.53
14/09/2011,12.34
15/09/2011,12.46
16/09/2011,11.96
19/09/2011,12.14
20/09/2011,12.21
21/09/2011,12.21
22/09/2011,12.47
23/09/2011,12.72
26/09/2011,12.92
27/09/2011,12.83
28/09/2011,12.56
29/09/2011,12.16
30/09/2011,11.31
3/10/2011,12.06
4/10/2011,11.95
5/10/2011,12.19
6/10/2011,12.21
7/10/2011,12.99
10/10/2011,12.9
11/10/2011,13.41
12/10/2011,13.4
13/10/2011,13.59
14/10/2011,13.89
17/10/2011,13.75
18/10/2011,14.45
19/10/2011,14.23
20/10/2011,12.99
21/10/2011,12.03
24/10/2011,12.01
25/10/2011,12.04
26/10/2011,11.88
27/10/2011,10.79
28/10/2011,12.3
31/10/2011,10.93
1/11/2011,12.93
2/11/2011,13.65
3/11/2011,14.15
4/11/2011,13.8
7/11/2011,12.6
8/11/2011,13.78
9/11/2011,14.16
10/11/2011,13.93
11/11/2011,14.03
14/11/2011,13.19
15/11/2011,13.82
16/11/2011,13.65
17/11/2011,13.57
18/11/2011,13.57
21/11/2011,13.7
22/11/2011,13.36
23/11/2011,12.06
24/11/2011,13.15
25/11/2011,13.71
28/11/2011,12.95
29/11/2011,12.99
30/11/2011,12.45
1/12/2011,13.33
2/12/2011,13.83
5/12/2011,13.95
6/12/2011,13.54
7/12/2011,13.89
8/12/2011,14.52
9/12/2011,14.17
12/12/2011,14.12
13/12/2011,13.48
14/12/2011,14.67
15/12/2011,14.32
16/12/2011,14.41
19/12/2011,14.62
20/12/2011,14.21
21/12/2011,14.72
22/12/2011,14.48
23/12/2011,14.7
26/12/2011,14.01
27/12/2011,13.44
28/12/2011,13.83
29/12/2011,13.96
30/12/2011,14.12
3/1/2012,14.22
4/1/2012,14.39
5/1/2012,14.12
6/1/2012,14.62
9/1/2012,13.23
10/1/2012,15.18
11/1/2012,13.75
12/1/2012,15.31
13/01/2012,15.08
16/01/2012,15.17
17/01/2012,15.04
18/01/2012,14.87
19/01/2012,15.27
20/01/2012,13.5
30/01/2012,15.02
31/01/2012,13.27
1/2/2012,13.73
2/2/2012,13.55
3/2/2012,13.56
4/2/2012,13.52
6/2/2012,15.21
7/2/2012,14.96
8/2/2012,13.83
9/2/2012,13.93
10/2/2012,13.53
13/02/2012,11.92
14/02/2012,12.33
15/02/2012,13.37
16/02/2012,13.26
17/02/2012,10.76
20/02/2012,11.75
21/02/2012,13.82
22/02/2012,13.6
23/02/2012,13.06
24/02/2012,12.11
27/02/2012,10.62
28/02/2012,11.38
29/02/2012,11.06
1/3/2012,9.66
2/3/2012,10.16
5/3/2012,11.99
6/3/2012,12.21
7/3/2012,12.54
8/3/2012,12.48
9/3/2012,12.06
12/3/2012,12.35
13/03/2012,12.26
14/03/2012,12.45
15/03/2012,10.1
16/03/2012,11.37
19/03/2012,10.82
20/03/2012,10.98
21/03/2012,11.01
22/03/2012,10.4
23/03/2012,10.28
26/03/2012,10.17
27/03/2012,10.1
28/03/2012,10.21
29/03/2012,9.49
30/03/2012,7.65
3/4/2012,10.55
4/4/2012,10.76
5/4/2012,11.6
6/4/2012,11.12
9/4/2012,11.22
10/4/2012,11
11/4/2012,11.05
12/4/2012,11.16
13/04/2012,8.09
16/04/2012,8.3
17/04/2012,8.01
18/04/2012,7.97
19/04/2012,7.12
20/04/2012,6.45
23/04/2012,6.64
24/04/2012,6.4
25/04/2012,7.22
26/04/2012,6.5
27/04/2012,2.53
2/5/2012,2.53
3/5/2012,6.91
4/5/2012,7.06
7/5/2012,7.06
8/5/2012,7.76
9/5/2012,6.46
10/5/2012,6.48
11/5/2012,6.37
14/05/2012,5.2
15/05/2012,5.96
16/05/2012,5.38
17/05/2012,4.9
18/05/2012,5.08
21/05/2012,5.88
22/05/2012,4.82
23/05/2012,4.73
24/05/2012,4.94
25/05/2012,4.15
28/05/2012,4.09
29/05/2012,3.18
30/05/2012,3.21
31/05/2012,4.8
1/6/2012,2.91
4/6/2012,3.1
5/6/2012,4.44
6/6/2012,3.12
7/6/2012,3.67
8/6/2012,3.79
11/6/2012,3.92
12/6/2012,4.99
13/06/2012,5.38
14/06/2012,5.81
15/06/2012,5.45
18/06/2012,5.69
19/06/2012,5.49
20/06/2012,5.63
21/06/2012,5.72
22/06/2012,6.87
25/06/2012,6.58
26/06/2012,7.56
27/06/2012,7.05
28/06/2012,6.09
29/06/2012,6.04
2/7/2012,7.27
3/7/2012,6.62
4/7/2012,5.57
5/7/2012,5.58
6/7/2012,5.24
9/7/2012,5.11
10/7/2012,4.73
11/7/2012,5.07
12/7/2012,5.58
13/07/2012,4.67
16/07/2012,6.93
17/07/2012,6.95
18/07/2012,6.51
19/07/2012,6.57
20/07/2012,6.51
23/07/2012,5.26
24/07/2012,5.66
25/07/2012,5.06
26/07/2012,4.8
27/07/2012,4.54
30/07/2012,3.36
31/07/2012,3.15
1/8/2012,4.61
2/8/2012,4.35
3/8/2012,4.63
6/8/2012,2.58
7/8/2012,1.99
8/8/2012,2.05
9/8/2012,2.2
10/8/2012,2.32
13/08/2012,2.33
14/08/2012,2.4
15/08/2012,2.46
16/08/2012,3
17/08/2012,4.22
20/08/2012,4.1
21/08/2012,5.2
22/08/2012,7.7
23/08/2012,7.28
24/08/2012,7.43
27/08/2012,7
28/08/2012,5.47
29/08/2012,4.8
30/08/2012,3.49
31/08/2012,2.25
4/9/2012,5.17
5/9/2012,4.79
6/9/2012,4.63
7/9/2012,4.64
10/9/2012,4.93
12/9/2012,4.69
13/09/2012,4.48
14/09/2012,4.51
17/09/2012,3.95
18/09/2012,3.59
19/09/2012,3.34
20/09/2012,3.19
21/09/2012,3.39
24/09/2012,3.49
25/09/2012,3.4
26/09/2012,3.42
27/09/2012,2.69
28/09/2012,2.48
1/10/2012,2.82
2/10/2012,2.71
3/10/2012,2.57
4/10/2012,3.37
5/10/2012,2.28
8/10/2012,2.83
9/10/2012,2.55
10/10/2012,2.22
11/10/2012,2.38
12/10/2012,2.68
15/10/2012,2.89
16/10/2012,3.66
17/10/2012,3.86
18/10/2012,4.12
19/10/2012,4.29
22/10/2012,4.47
23/10/2012,4.21
24/10/2012,3.74
25/10/2012,3.46
26/10/2012,2.85
29/10/2012,2.64
30/10/2012,2.47
31/10/2012,2.22
1/11/2012,2.63
2/11/2012,2.98
5/11/2012,3.32
6/11/2012,3.34
7/11/2012,3.45
8/11/2012,2.77
9/11/2012,3.5
12/11/2012,2.71
13/11/2012,2.58
14/11/2012,2.27
15/11/2012,2.06
16/11/2012,1.93
19/11/2012,1.83
20/11/2012,2.22
21/11/2012,1.94
22/11/2012,1.81
23/11/2012,1.7
27/11/2012,1.74
28/11/2012,1.78
29/11/2012,1.75
30/11/2012,1.58
3/12/2012,2.62
4/12/2012,2.77
5/12/2012,2.99
6/12/2012,3.43
7/12/2012,4.33
10/12/2012,4.81
11/12/2012,5.14
12/12/2012,5.15
13/12/2012,4.15
14/12/2012,2.66
17/12/2012,2.31
18/12/2012,1.99
19/12/2012,1.72
20/12/2012,2.28
21/12/2012,1.83
24/12/2012,2.22
25/12/2012,3.52
26/12/2012,4.64
27/12/2012,4.72
28/12/2012,5.86
31/12/2012,5.16
2/1/2013,5.37
3/1/2013,4.85
4/1/2013,4.15
7/1/2013,3.96
8/1/2013,3.66
9/1/2013,3.43
10/1/2013,3.56
11/1/2013,3.68
14/01/2013,3.63
16/01/2013,2.99
17/01/2013,2.55
18/01/2013,1.96
21/01/2013,2.14
22/01/2013,1.98
23/01/2013,2.01
24/01/2013,2.01
25/01/2013,2.29
28/01/2013,2.88
29/01/2013,2.62
30/01/2013,2.12
31/01/2013,1.63
1/2/2013,2.69
4/2/2013,3.7
5/2/2013,4.82
6/2/2013,5.16
7/2/2013,5.31
8/2/2013,5.09
18/02/2013,5.4
19/02/2013,3.6
20/02/2013,2.63
21/02/2013,2.33
22/02/2013,2.25
25/02/2013,2.08
26/02/2013,1.71
28/02/2013,1.88
1/3/2013,2.46
4/3/2013,2.74
5/3/2013,2.57
6/3/2013,2.66
7/3/2013,3.02
8/3/2013,2.95
11/3/2013,3.26
12/3/2013,3.14
13/03/2013,3.19
14/03/2013,3.11
15/03/2013,3.16
18/03/2013,2.96
19/03/2013,2.67
20/03/2013,2.68
21/03/2013,2.82
22/03/2013,3.15
25/03/2013,3.74
26/03/2013,3.87
27/03/2013,3.55
28/03/2013,3.06
29/03/2013,2.74
1/4/2013,3.16
2/4/2013,4.21
3/4/2013,3.86
4/4/2013,3.61
5/4/2013,3.11
8/4/2013,3.2
9/4/2013,3.09
10/4/2013,3.25
11/4/2013,2.9
12/4/2013,2.72
15/04/2013,2.82
16/04/2013,2.82
17/04/2013,2.84
18/04/2013,2.37
22/04/2013,2.52
23/04/2013,2.54
24/04/2013,2.54
25/04/2013,2.64
26/04/2013,2.36
2/5/2013,3.01
3/5/2013,3.37
6/5/2013,3.28
7/5/2013,3.37
8/5/2013,3.02
9/5/2013,2.65
10/5/2013,2.34
13/05/2013,1.93
14/05/2013,1.68
15/05/2013,1.56
16/05/2013,1.41
17/05/2013,1.13
20/05/2013,1.02
21/05/2013,1.02
22/05/2013,1.01
23/05/2013,0.96
24/05/2013,0.97
27/05/2013,0.95
28/05/2013,0.93
29/05/2013,1.46
30/05/2013,1.33
31/05/2013,0.89
3/6/2013,1.38
4/6/2013,1.22
5/6/2013,1.14
6/6/2013,1.13
7/6/2013,0.96
10/6/2013,0.99
11/6/2013,0.93
12/6/2013,0.92
13/06/2013,0.88
14/06/2013,0.87
17/06/2013,0.83
18/06/2013,0.89
19/06/2013,0.87
20/06/2013,1.37
21/06/2013,0.82
24/06/2013,0.91
25/06/2013,0.86
26/06/2013,0.85
27/06/2013,0.8
28/06/2013,1.05
29/06/2013,0.82
1/7/2013,1
2/7/2013,0.95
3/7/2013,0.89
4/7/2013,0.84
5/7/2013,0.79
8/7/2013,0.8
9/7/2013,0.8
10/7/2013,0.81
11/7/2013,0.86
12/7/2013,1.68
15/07/2013,2.92
16/07/2013,3.87
17/07/2013,4.29
18/07/2013,4.43
19/07/2013,5.08
22/07/2013,5.16
23/07/2013,5.18
24/07/2013,5.03
25/07/2013,4.96
26/07/2013,5.13
29/07/2013,5.16
30/07/2013,5.11
31/07/2013,4.8
1/8/2013,4.88
2/8/2013,4.55
5/8/2013,4.22
6/8/2013,3.9
7/8/2013,3.72
8/8/2013,3.63
9/8/2013,3.68
12/8/2013,3.77
13/08/2013,3.96
14/08/2013,4.18
15/08/2013,4.33
16/08/2013,4.53
19/08/2013,4.46
20/08/2013,4.53
21/08/2013,4.34
22/08/2013,4.05
23/08/2013,3.87
26/08/2013,3.78
27/08/2013,3.59
28/08/2013,3.22
29/08/2013,2.76
30/08/2013,2.58
3/9/2013,3.44
4/9/2013,3.39
5/9/2013,3.13
6/9/2013,2.65
9/9/2013,2.47
10/9/2013,2.42
11/9/2013,2.41
12/9/2013,2.72
13/09/2013,2.81
16/09/2013,2.53
17/09/2013,2.41
18/09/2013,2.41
19/09/2013,2.34
20/09/2013,2.4
23/09/2013,2.43
24/09/2013,2.77
25/09/2013,2.8
26/09/2013,2.77
27/09/2013,2.66
30/09/2013,2.85
1/10/2013,3.01
2/10/2013,3.11
3/10/2013,3.22
4/10/2013,2.83
7/10/2013,2.56
8/10/2013,2.84
9/10/2013,2.77
10/10/2013,2.77
11/10/2013,2.92
14/10/2013,3.06
15/10/2013,3.12
16/10/2013,3.17
17/10/2013,3.15
18/10/2013,3.28
21/10/2013,3.37
22/10/2013,3.55
23/10/2013,3.93
24/10/2013,4.65
25/10/2013,4.86
28/10/2013,4.75
29/10/2013,3.71
30/10/2013,2.62
31/10/2013,2.17
1/11/2013,3.07
4/11/2013,3.55
5/11/2013,4.47
6/11/2013,4.18
7/11/2013,3.66
8/11/2013,3.44
11/11/2013,4.04
12/11/2013,4.44
13/11/2013,4.7
14/11/2013,4.26
15/11/2013,3.94
18/11/2013,3.64
19/11/2013,3.35
20/11/2013,3.17
21/11/2013,3.2
22/11/2013,3.18
25/11/2013,3.5
26/11/2013,3.65
27/11/2013,3.09
28/11/2013,2.74
29/11/2013,2.4
2/12/2013,3.07
3/12/2013,2.81
4/12/2013,2.47
5/12/2013,2.31
6/12/2013,2.06
9/12/2013,2.06
10/12/2013,2.09
11/12/2013,2.15
12/12/2013,2.14
13/12/2013,2.11
16/12/2013,2.09
17/12/2013,2.04
18/12/2013,2.08
19/12/2013,2.08
20/12/2013,2.39
23/12/2013,3.47
24/12/2013,4.58
25/12/2013,4.73
26/12/2013,4.7
27/12/2013,4.32
30/12/2013,3.52
31/12/2013,3.37
2/1/2014,3.45
3/1/2014,3.16
6/1/2014,3.49
7/1/2014,3.98
8/1/2014,4.22
9/1/2014,4.33
10/1/2014,4.43
13/01/2014,4.69
14/01/2014,4.87
15/01/2014,4.63
16/01/2014,4.23
17/01/2014,3.63
20/01/2014,3.31
21/01/2014,3.68
22/01/2014,4.77
23/01/2014,5.18
24/01/2014,5.31
25/01/2014,5.14
27/01/2014,4.7
6/2/2014,3.9
7/2/2014,3.45
8/2/2014,3.4
10/2/2014,3.22
11/2/2014,2.38
12/2/2014,1.98
13/02/2014,1.73
14/02/2014,1.65
17/02/2014,1.59
18/02/2014,1.54
19/02/2014,1.42
20/02/2014,1.48
21/02/2014,1.29
24/02/2014,1.43
25/02/2014,1.62
26/02/2014,1.97
27/02/2014,1.49
28/02/2014,1.15
3/3/2014,2.04
4/3/2014,2.62
5/3/2014,1.89
6/3/2014,2.01
7/3/2014,2.07
10/3/2014,2.5
11/3/2014,2.5
12/3/2014,2.38
13/03/2014,2.09
14/03/2014,1.55
17/03/2014,1.3
18/03/2014,1.3
19/03/2014,1.4
20/03/2014,1.58
21/03/2014,1.64
24/03/2014,1.55
25/03/2014,1.63
26/03/2014,1.77
27/03/2014,1.7
28/03/2014,1.63
31/03/2014,1.85
1/4/2014,1.95
2/4/2014,2.41
3/4/2014,2.47
4/4/2014,2.59
8/4/2014,2.73
10/4/2014,2.71
11/4/2014,2.67
14/04/2014,2.83
15/04/2014,2.27
16/04/2014,1.94
17/04/2014,1.73
18/04/2014,1.44
21/04/2014,1.79
22/04/2014,1.9
23/04/2014,1.87
24/04/2014,1.75
25/04/2014,1.72
26/04/2014,1.52
28/04/2014,1.57
29/04/2014,1.69
5/5/2014,3.29
6/5/2014,3.47
7/5/2014,3.22
8/5/2014,2.54
9/5/2014,2.23
12/5/2014,2.55
13/05/2014,3.42
14/05/2014,3.15
15/05/2014,3.35
16/05/2014,3.47
19/05/2014,3.56
20/05/2014,3.55
21/05/2014,3.49
22/05/2014,3.4
23/05/2014,3.11
26/05/2014,2.93
27/05/2014,2.81
28/05/2014,2.2
29/05/2014,1.51
30/05/2014,1.33
2/6/2014,2.32
3/6/2014,2.28
4/6/2014,1.9
5/6/2014,1.89
6/6/2014,1.89
9/6/2014,1.77
10/6/2014,1.74
11/6/2014,1.72
12/6/2014,1.77
13/06/2014,1.79
16/06/2014,1.83
17/06/2014,2.07
18/06/2014,2.28
19/06/2014,2.24
20/06/2014,2.29
23/06/2014,1.99
24/06/2014,2.26
25/06/2014,2.32
26/06/2014,2.26
27/06/2014,2.01
30/06/2014,2.2
1/7/2014,2.31
2/7/2014,2.11
3/7/2014,2.06
7/7/2014,2.06
8/7/2014,1.93
9/7/2014,2.32
10/7/2014,2.33
11/7/2014,2.54
14/07/2014,2.7
15/07/2014,3.01
16/07/2014,2.8
17/07/2014,2.62
18/07/2014,2.76
21/07/2014,2.79
22/07/2014,2.95
23/07/2014,3.27
24/07/2014,3.28
25/07/2014,2.89
28/07/2014,2.28
29/07/2014,1.97
30/07/2014,1.66
31/07/2014,1.98
1/8/2014,2.42
4/8/2014,2.73
5/8/2014,2.95
6/8/2014,2.94
7/8/2014,2.98
8/8/2014,3.1
11/8/2014,3.4
12/8/2014,3.61
13/08/2014,3.75
14/08/2014,3.62
15/08/2014,3.5
18/08/2014,3.43
19/08/2014,3.54
20/08/2014,3.76
21/08/2014,3.88
22/08/2014,3.72
25/08/2014,3.67
27/08/2014,3.56
28/08/2014,3.01
29/08/2014,2.82
3/9/2014,3.39
4/9/2014,3.17
5/9/2014,2.67
6/9/2014,2.68
8/9/2014,2.35
9/9/2014,1.97
11/9/2014,1.68
12/9/2014,1.62
15/09/2014,1.77
16/09/2014,1.7
17/09/2014,1.61
18/09/2014,1.54
19/09/2014,1.54
22/09/2014,1.51
23/09/2014,1.65
24/09/2014,1.41
25/09/2014,1.35
26/09/2014,1.59
29/09/2014,1.4
30/09/2014,1.1
1/10/2014,1.42
2/10/2014,1.33
3/10/2014,1.25
6/10/2014,1.35
7/10/2014,1.43
8/10/2014,1.51
9/10/2014,1.77
10/10/2014,2.25
13/10/2014,2.79
14/10/2014,2.96
15/10/2014,2.9
16/10/2014,2.58
17/10/2014,2.41
20/10/2014,2.77
21/10/2014,3.22
22/10/2014,3.08
23/10/2014,2.99
24/10/2014,2.43
27/10/2014,2.14
28/10/2014,1.59
29/10/2014,1.39
30/10/2014,1.32
31/10/2014,1.38
3/11/2014,1.89
4/11/2014,1.74
5/11/2014,1.69
6/11/2014,1.64
7/11/2014,1.57
10/11/2014,1.82
11/11/2014,2.82
12/11/2014,3.34
13/11/2014,3.13
14/11/2014,3.21
17/11/2014,3.25
18/11/2014,3.37
19/11/2014,3.22
20/11/2014,3.12
21/11/2014,3.19
24/11/2014,3.07
25/11/2014,3.03
26/11/2014,3.03
27/11/2014,3.06
28/11/2014,3.18
1/12/2014,3.14
2/12/2014,3.04
3/12/2014,3.51
4/12/2014,3.36
5/12/2014,3.66
8/12/2014,3.83
9/12/2014,4.16
10/12/2014,4.08
11/12/2014,3.79
12/12/2014,3.03
15/12/2014,2.57
16/12/2014,2.71
17/12/2014,2.33
18/12/2014,3.06
19/12/2014,2.3
22/12/2014,3.25
23/12/2014,3.47
24/12/2014,3.42
25/12/2014,2.52
26/12/2014,2.38
27/12/2014,2.17
29/12/2014,2.77
30/12/2014,2.77
31/12/2014,2.22
5/1/2015,3.65
6/1/2015,3.76
7/1/2015,3.71
8/1/2015,3.4
9/1/2015,3.38
12/1/2015,3.43
13/01/2015,3.51
14/01/2015,3.44
15/01/2015,3.5
16/01/2015,3.53
19/01/2015,3.54
20/01/2015,3.45
21/01/2015,3.25
22/01/2015,2.99
23/01/2015,3.02
26/01/2015,3.12
27/01/2015,3.34
28/01/2015,3.37
29/01/2015,3.39
30/01/2015,4.23
2/2/2015,4.49
3/2/2015,4.65
4/2/2015,4.45
5/2/2015,4.4
6/2/2015,4.52
9/2/2015,5.01
10/2/2015,5.01
11/2/2015,4.92
12/2/2015,4.86
13/02/2015,4.48
14/02/2015,3.96
24/02/2015,4.55
25/02/2015,4.52
26/02/2015,3.06
27/02/2015,2.55
2/3/2015,3.78
3/3/2015,3.66
4/3/2015,3.68
5/3/2015,3.65
6/3/2015,3.8
9/3/2015,4.37
10/3/2015,4.71
11/3/2015,4.29
12/3/2015,3.91
13/03/2015,3.92
16/03/2015,3.98
17/03/2015,4.04
18/03/2015,4.17
19/03/2015,3.76
23/03/2015,4.1
24/03/2015,4.14
25/03/2015,4.31
26/03/2015,4.06
27/03/2015,3.89
30/03/2015,3.41
31/03/2015,2.64
1/4/2015,3.4
2/4/2015,2.95
3/4/2015,2.44
6/4/2015,2.56
7/4/2015,2.33
8/4/2015,2.81
10/4/2015,4.61
13/04/2015,4.83
14/04/2015,4.79
15/04/2015,4.51
16/04/2015,4.19
17/04/2015,4.21
20/04/2015,4.78
22/04/2015,4.37
23/04/2015,3.64
24/04/2015,2.8
25/04/2015,2.91
27/04/2015,2.51
4/5/2015,4.04
5/5/2015,4.24
6/5/2015,4.19
7/5/2015,3.78
8/5/2015,2.9
11/5/2015,3.04
12/5/2015,2.86
13/05/2015,3.03
14/05/2015,2.84
15/05/2015,2.79
18/05/2015,2.88
19/05/2015,2.63
20/05/2015,2.04
21/05/2015,1.74
22/05/2015,1.4
25/05/2015,1.49
26/05/2015,1.46
27/05/2015,1.37
28/05/2015,1.14
29/05/2015,1.05
1/6/2015,1.85
2/6/2015,2.22
3/6/2015,2.55
4/6/2015,2.91
5/6/2015,3.06
8/6/2015,2.93
9/6/2015,3.03
10/6/2015,3.93
11/6/2015,3.1
12/6/2015,4.09
15/06/2015,4
16/06/2015,3.59
17/06/2015,2.88
18/06/2015,2.62
19/06/2015,2.52
22/06/2015,2.79
23/06/2015,2.56
24/06/2015,2.35
25/06/2015,2.21
26/06/2015,1.76
29/06/2015,1.76
30/06/2015,1.8
1/7/2015,3.11
2/7/2015,3.06
3/7/2015,2.61
6/7/2015,2.6
7/7/2015,2.07
8/7/2015,1.88
9/7/2015,1.69
10/7/2015,1.69
13/07/2015,1.72
14/07/2015,1.78
15/07/2015,1.79
16/07/2015,1.71
17/07/2015,1.6
20/07/2015,1.61
21/07/2015,1.57
22/07/2015,1.74
23/07/2015,1.95
24/07/2015,2.26
27/07/2015,2.46
28/07/2015,2.53
29/07/2015,2.7
30/07/2015,3.22
31/07/2015,3.82
3/8/2015,3.22
4/8/2015,3.9
5/8/2015,3.55
6/8/2015,3.9
7/8/2015,3.55
10/8/2015,3.47
11/8/2015,3.64
12/8/2015,4.47
13/08/2015,4.98
14/08/2015,4.81
17/08/2015,4.85
18/08/2015,4.98
19/08/2015,4.96
20/08/2015,4.92
21/08/2015,4.94
24/08/2015,4.95
25/08/2015,4.69
26/08/2015,4.28
27/08/2015,4.95
28/08/2015,2.91
31/08/2015,3.36
1/9/2015,4.11
3/9/2015,4.03
4/9/2015,3.95
5/9/2015,3.36
7/9/2015,3.92
8/9/2015,3.79
9/9/2015,3.77
10/9/2015,3.73
11/9/2015,3.79
12/9/2015,3.79
14/09/2015,3.69
15/09/2015,4.28
16/09/2015,4.37
17/09/2015,4.37
18/09/2015,3.67
20/09/2015,4.28
21/09/2015,4.37
22/09/2015,4.42
23/09/2015,4.19
24/09/2015,3.63
25/09/2015,3.23
26/09/2015,4.42
28/09/2015,2.69
29/09/2015,2.29
30/09/2015,1.7
1/10/2015,3.1
2/10/2015,3.15
5/10/2015,2.71
6/10/2015,2.87
7/10/2015,2.79
8/10/2015,2.71
9/10/2015,2.8
10/10/2015,2.79
12/10/2015,3.06
13/10/2015,3.15
14/10/2015,3.27
15/10/2015,3.16
16/10/2015,3.09
17/10/2015,3.16
19/10/2015,3
20/10/2015,2.77
21/10/2015,3.27
22/10/2015,2.07
23/10/2015,2.06
24/10/2015,2.77
26/10/2015,2.01
27/10/2015,1.71
28/10/2015,1.49
29/10/2015,1.31
30/10/2015,1.37
31/10/2015,1.71
2/11/2015,2.32
3/11/2015,1.31
4/11/2015,1.98
5/11/2015,1.61
6/11/2015,1.93
7/11/2015,2.13
9/11/2015,2.01
10/11/2015,2.31
11/11/2015,2.19
12/11/2015,1.95
13/11/2015,1.84
17/11/2015,2.3
18/11/2015,2.24
19/11/2015,2.15
20/11/2015,2.07
23/11/2015,2.1
24/11/2015,2.45
25/11/2015,2.58
26/11/2015,2.97
27/11/2015,3.04
28/11/2015,2.97
30/11/2015,3.36
1/12/2015,3.49
2/12/2015,3.53
3/12/2015,3.6
4/12/2015,4.32
7/12/2015,4.57
8/12/2015,4.65
9/12/2015,4.66
10/12/2015,4.74
11/12/2015,4.82
12/12/2015,4.66
14/12/2015,4.78
15/12/2015,4.78
16/12/2015,4.66
17/12/2015,4.63
18/12/2015,4.64
19/12/2015,4.66
21/12/2015,4.63
22/12/2015,4.64
23/12/2015,4.8
24/12/2015,4.88
25/12/2015,4.86
26/12/2015,4.88
28/12/2015,4.84
29/12/2015,4.75
30/12/2015,4.96
31/12/2015,4.86
4/1/2016,4.86
5/1/2016,4.81
6/1/2016,4.87
7/1/2016,4.87
8/1/2016,4.71
9/1/2016,4.81
11/1/2016,4.66
12/1/2016,4.68
13/01/2016,4.68
14/01/2016,4.71
15/01/2016,4.66
16/01/2016,4.68
18/01/2016,4.64
19/01/2016,4.73
20/01/2016,4.77
21/01/2016,4.75
22/01/2016,4.82
25/01/2016,4.97
26/01/2016,5.04
27/01/2016,5.04
28/01/2016,5.09
29/01/2016,5.35
30/01/2016,5.04
1/2/2016,5.38
2/2/2016,5.67
3/2/2016,5.36
4/2/2016,5.42
5/2/2016,5.67
15/02/2016,5.2
16/02/2016,4.72
17/02/2016,3.88
18/02/2016,3.24
19/02/2016,2.38
22/02/2016,2.14
23/02/2016,1.8
24/02/2016,1.57
25/02/2016,1.59
26/02/2016,1.31
29/02/2016,1.22
1/3/2016,2.4
2/3/2016,2.84
3/3/2016,3.25
4/3/2016,4.06
7/3/2016,4.61
8/3/2016,4.76
9/3/2016,4.67
10/3/2016,4.43
11/3/2016,4.19
14/03/2016,4.23
15/03/2016,4.29
16/03/2016,4.3
17/03/2016,3.7
18/03/2016,3.69
21/03/2016,3.63
22/03/2016,3.71
23/03/2016,3.33
24/03/2016,2.96
25/03/2016,2.88
28/03/2016,2.86
29/03/2016,2.97
30/03/2016,3.07
31/03/2016,3.7
1/4/2016,4.03
4/4/2016,4.35
5/4/2016,4.33
6/4/2016,4.47
7/4/2016,4.66
8/4/2016,4.74
11/4/2016,4.85
12/4/2016,4.86
13/04/2016,4.74
14/04/2016,4.68
15/04/2016,4.65
19/04/2016,4.7
20/04/2016,4.8
21/04/2016,4.86
22/04/2016,4.8
25/04/2016,4.49
26/04/2016,3.64
27/04/2016,2.53
28/04/2016,2.09
29/04/2016,3.8
4/5/2016,4.05
5/5/2016,4.17
6/5/2016,4.04
9/5/2016,3.61
10/5/2016,3.07
11/5/2016,2.9
12/5/2016,2.6
13/05/2016,2.45
16/05/2016,1.92
17/05/2016,1.53
18/05/2016,1.26
19/05/2016,0.97
20/05/2016,0.83
23/05/2016,0.82
24/05/2016,0.74
25/05/2016,0.64
26/05/2016,0.6
27/05/2016,0.51
30/05/2016,0.73
31/05/2016,0.78
1/6/2016,1.35
2/6/2016,1.61
3/6/2016,2.01
6/6/2016,2.15
7/6/2016,1.71
8/6/2016,1.16
9/6/2016,0.78
10/6/2016,1.29
13/06/2016,1.43
14/06/2016,1.36
15/06/2016,1.27
16/06/2016,1.01
17/06/2016,0.92
20/06/2016,1.18
21/06/2016,1.05
22/06/2016,0.96
23/06/2016,0.88
24/06/2016,0.83
27/06/2016,1.26
28/06/2016,1.31
29/06/2016,1.21
30/06/2016,1.22
1/7/2016,1.57
4/7/2016,1.45
5/7/2016,1.35
6/7/2016,1.13
7/7/2016,0.95
8/7/2016,0.98
11/7/2016,0.97
12/7/2016,1.02
13/07/2016,0.98
14/07/2016,1.03
15/07/2016,1.03
18/07/2016,1.04
19/07/2016,1.09
20/07/2016,1.13
21/07/2016,1.15
22/07/2016,1.15
25/07/2016,1.2
26/07/2016,1.17
27/07/2016,1.14
28/07/2016,1.07
29/07/2016,1.28
1/8/2016,1.49
2/8/2016,1.37
3/8/2016,1.24
4/8/2016,1.19
5/8/2016,1.15
8/8/2016,1.14
9/8/2016,1.07
10/8/2016,1.1
11/8/2016,1.08
12/8/2016,1.02
13/08/2016,1.02
15/08/2016,1
16/08/2016,1.05
17/08/2016,0.89
18/08/2016,0.85
19/08/2016,0.72
22/08/2016,0.73
23/08/2016,0.66
24/08/2016,0.55
25/08/2016,0.49
26/08/2016,0.48
29/08/2016,0.54
30/08/2016,0.43
31/08/2016,0.39
1/9/2016,0.46
5/9/2016,0.59
6/9/2016,0.58
7/9/2016,0.51
8/9/2016,0.52
9/9/2016,0.54
12/9/2016,0.51
13/09/2016,0.51
14/09/2016,0.43
15/09/2016,0.39
16/09/2016,0.52
19/09/2016,0.36
20/09/2016,0.37
21/09/2016,0.37
23/09/2016,0.46
26/09/2016,0.42
27/09/2016,0.43
28/09/2016,0.45
29/09/2016,0.41
30/09/2016,0.59
3/10/2016,0.78
4/10/2016,0.8
5/10/2016,0.55
6/10/2016,0.48
7/10/2016,0.42
10/10/2016,0.4
11/10/2016,0.38
14/10/2016,0.38
17/10/2016,0.38
18/10/2016,0.38
19/10/2016,0.37
20/10/2016,0.38
21/10/2016,0.44
24/10/2016,0.38
25/10/2016,0.43
26/10/2016,0.53
27/10/2016,0.51
28/10/2016,0.56
31/10/2016,0.82
1/11/2016,0.92
2/11/2016,0.83
3/11/2016,0.77
4/11/2016,0.69
7/11/2016,0.69
8/11/2016,0.74
9/11/2016,0.92
10/11/2016,1.14
11/11/2016,1.24
14/11/2016,1.51
15/11/2016,1.68
16/11/2016,1.94
17/11/2016,2.02
18/11/2016,1.68
21/11/2016,1.51
22/11/2016,1.48
23/11/2016,1.5
24/11/2016,1.43
25/11/2016,2.07
28/11/2016,2.79
29/11/2016,2.72
30/11/2016,2.31
1/12/2016,2.77
2/12/2016,2.56
5/12/2016,2.8
6/12/2016,3.13
7/12/2016,2.98
8/12/2016,3.12
9/12/2016,3.28
12/12/2016,4.73
13/12/2016,4.73
14/12/2016,4.35
15/12/2016,4.42
16/12/2016,4.42
19/12/2016,4.34
20/12/2016,4.14
21/12/2016,3.86
22/12/2016,3.43
23/12/2016,3.17
26/12/2016,3.29
27/12/2016,3.33
28/12/2016,3.41
29/12/2016,3.24
30/12/2016,3.23
3/1/2017,4.13
4/1/2017,3.82
5/1/2017,3.7
6/1/2017,4.18
9/1/2017,4.64
10/1/2017,4.84
11/1/2017,4.73
12/1/2017,4.63
13/01/2017,4.72
16/01/2017,4.69
17/01/2017,4.72
18/01/2017,4.81
19/01/2017,4.84
20/01/2017,4.94
23/01/2017,5.21
24/01/2017,5.31
25/01/2017,5.31
2/2/2017,4.12
3/2/2017,3.87
6/2/2017,3.78
7/2/2017,2.82
8/2/2017,2.11
9/2/2017,1.76
10/2/2017,1.55
13/02/2017,2.18
14/02/2017,3.69
15/02/2017,3.69
16/02/2017,4.14
17/02/2017,4.85
20/02/2017,4.91
21/02/2017,4.74
22/02/2017,3.87
23/02/2017,3
24/02/2017,2.67
27/02/2017,3.15
28/02/2017,3.37
1/3/2017,3.65
2/3/2017,3.64
3/3/2017,3.25
6/3/2017,3.56
7/3/2017,4
8/3/2017,4.43
9/3/2017,4.44
10/3/2017,4.63
13/03/2017,4.76
14/03/2017,4.84
15/03/2017,4.77
17/03/2017,4.42
20/03/2017,4.79
21/03/2017,5.07
22/03/2017,4.96
23/03/2017,4.56
24/03/2017,4.37
27/03/2017,4.7
28/03/2017,4.77
29/03/2017,4.87
30/03/2017,4.81
31/03/2017,4.71
3/4/2017,4.87
4/4/2017,4.71
5/4/2017,4.42
7/4/2017,4.4
10/4/2017,4.49
11/4/2017,4.76
12/4/2017,4.49
13/04/2017,4.32
14/04/2017,4.28
17/04/2017,4.36
18/04/2017,4.37
19/04/2017,4.31
20/04/2017,4.66
21/04/2017,4.83
24/04/2017,4.9
25/04/2017,4.86
26/04/2017,4.69
27/04/2017,4.51
28/04/2017,4.4
3/5/2017,4.48
4/5/2017,4.42
5/5/2017,4.46
8/5/2017,4.45
9/5/2017,4.33
10/5/2017,4.2
11/5/2017,4.19
12/5/2017,4.22
15/05/2017,4.2
16/05/2017,4.18
17/05/2017,4.1
18/05/2017,3.88
19/05/2017,3.79
22/05/2017,3.83
23/05/2017,3.67
24/05/2017,3.39
25/05/2017,3.18
26/05/2017,2.84
29/05/2017,2.62
30/05/2017,2.32
31/05/2017,2.04
1/6/2017,2.13
2/6/2017,2.14
5/6/2017,2.26
6/6/2017,2.19
7/6/2017,2.05
8/6/2017,2.1
9/6/2017,2.13
12/6/2017,2.18
13/06/2017,2.15
14/06/2017,2.09
15/06/2017,2.15
16/06/2017,2.14
19/06/2017,2.22
20/06/2017,2.31
21/06/2017,2.45
22/06/2017,2.59
23/06/2017,2.59
26/06/2017,2.5
27/06/2017,2.3
28/06/2017,2.07
29/06/2017,1.54
30/06/2017,1.47
3/7/2017,1.99
4/7/2017,1.88
5/7/2017,1.8
6/7/2017,1.7
7/7/2017,1.72
10/7/2017,1.68
11/7/2017,1.59
12/7/2017,1.51
14/07/2017,1.44
17/07/2017,1.39
18/07/2017,1.31
19/07/2017,1.13
20/07/2017,0.86
21/07/2017,0.63
24/07/2017,0.65
25/07/2017,0.67
26/07/2017,0.64
27/07/2017,0.49
28/07/2017,0.49
31/07/2017,0.48
1/8/2017,0.58
2/8/2017,0.52
3/8/2017,0.48
4/8/2017,0.48
7/8/2017,0.49
8/8/2017,0.48
9/8/2017,0.47
10/8/2017,0.45
11/8/2017,0.44
14/08/2017,0.56
15/08/2017,0.55
16/08/2017,0.57
17/08/2017,0.55
18/08/2017,0.62
21/08/2017,0.57
22/08/2017,0.68
23/08/2017,0.67
24/08/2017,0.64
25/08/2017,0.56
28/08/2017,0.68
29/08/2017,0.73
30/08/2017,0.64
31/08/2017,0.61
1/9/2017,0.61
5/9/2017,0.61
6/9/2017,0.64
7/9/2017,0.63
8/9/2017,0.66
11/9/2017,0.64
12/9/2017,0.72
13/09/2017,0.72
14/09/2017,0.73
15/09/2017,0.75
18/09/2017,0.76
19/09/2017,0.81
20/09/2017,0.87
21/09/2017,0.87
22/09/2017,0.79
25/09/2017,0.81
26/09/2017,0.79
27/09/2017,0.78
28/09/2017,0.68
29/09/2017,0.65
2/10/2017,0.84
3/10/2017,0.87
4/10/2017,0.85
5/10/2017,0.79
6/10/2017,0.78
9/10/2017,0.8
10/10/2017,0.78
11/10/2017,0.79
12/10/2017,0.72
13/10/2017,0.72
16/10/2017,0.76
17/10/2017,0.71
18/10/2017,0.67
19/10/2017,0.66
20/10/2017,0.64
23/10/2017,0.7
24/10/2017,0.65
25/10/2017,0.68
26/10/2017,0.64
27/10/2017,0.67
30/10/2017,0.78
31/10/2017,0.84
1/11/2017,0.87
2/11/2017,0.88
3/11/2017,0.87
6/11/2017,0.84
7/11/2017,0.87
8/11/2017,0.91
9/11/2017,0.97
10/11/2017,0.97
13/11/2017,1.08
14/11/2017,1.09
15/11/2017,1.12
16/11/2017,1.21
17/11/2017,1.24
20/11/2017,1.48
21/11/2017,1.37
22/11/2017,1.24
23/11/2017,1.1
24/11/2017,0.94
27/11/2017,0.86
28/11/2017,0.67
29/11/2017,0.63
30/11/2017,0.55
1/12/2017,0.88
4/12/2017,0.96
5/12/2017,1.1
6/12/2017,1.19
7/12/2017,1.13
8/12/2017,1.37
11/12/2017,1.01
12/12/2017,0.9
13/12/2017,0.83
15/12/2017,0.69
18/12/2017,0.78
19/12/2017,0.76
20/12/2017,0.77
21/12/2017,0.79
22/12/2017,0.75
25/12/2017,0.87
26/12/2017,0.88
28/12/2017,1.19
29/12/2017,1.73
2/1/2018,1.42
3/1/2018,1.43
4/1/2018,1.44
5/1/2018,1.63
8/1/2018,1.66
9/1/2018,1.82
10/1/2018,2.06
11/1/2018,2.16
12/1/2018,2.2
15/01/2018,2.13
16/01/2018,2.08
17/01/2018,1.86
18/01/2018,1.81
19/01/2018,1.71
22/01/2018,1.88
23/01/2018,1.7
24/01/2018,1.55
25/01/2018,1.59
26/01/2018,1.45
29/01/2018,1.53
30/01/2018,1.55
31/01/2018,1.66
1/2/2018,1.76
2/2/2018,1.64
5/2/2018,1.71
6/2/2018,2.02
7/2/2018,3.1
8/2/2018,3.93
9/2/2018,1.07
12/2/2018,4.01
13/02/2018,4.01
21/02/2018,3.78
22/02/2018,3.23
23/02/2018,2.15
26/02/2018,1.7
27/02/2018,1.28
28/02/2018,0.93
1/3/2018,1.18
2/3/2018,1.08
5/3/2018,1.05
6/3/2018,0.93
7/3/2018,0.98
8/3/2018,1.04
9/3/2018,1.07
12/3/2018,1.04
13/03/2018,0.99
14/03/2018,0.94
15/03/2018,0.95
16/03/2018,0.98
19/03/2018,0.94
20/03/2018,0.91
21/03/2018,0.77
22/03/2018,0.7
23/03/2018,0.72
26/03/2018,0.74
27/03/2018,0.76
28/03/2018,0.68
29/03/2018,0.72
30/03/2018,0.74
2/4/2018,0.84
3/4/2018,0.82
4/4/2018,0.74
5/4/2018,0.72
6/4/2018,0.75
9/4/2018,0.79
10/4/2018,0.83
11/4/2018,0.88
12/4/2018,0.85
13/04/2018,0.92
16/04/2018,0.99
17/04/2018,1.32
18/04/2018,1.32
19/04/2018,1.3
20/04/2018,1.42
23/04/2018,1.54
24/04/2018,1.55
26/04/2018,1.58
27/04/2018,2
2/5/2018,1.74
3/5/2018,1.81
4/5/2018,1.8
7/5/2018,1.74
8/5/2018,1.54
9/5/2018,1.35
10/5/2018,1.31
11/5/2018,1.27
14/05/2018,1.19
15/05/2018,1.16
16/05/2018,1.17
17/05/2018,1.16
18/05/2018,1.2
21/05/2018,1.31
22/05/2018,1.44
23/05/2018,1.59
24/05/2018,1.55
25/05/2018,1.62
28/05/2018,1.6
29/05/2018,1.6
30/05/2018,1.62
1/6/2018,1.6
4/6/2018,1.63
5/6/2018,1.64
6/6/2018,1.63
7/6/2018,1.6
8/6/2018,1.51
11/6/2018,1.51
12/6/2018,1.4
13/06/2018,1.37
14/06/2018,1.2
15/06/2018,1.07
18/06/2018,1
19/06/2018,0.84
20/06/2018,0.77
21/06/2018,0.73
22/06/2018,0.69
25/06/2018,0.76
26/06/2018,0.69
27/06/2018,0.67
28/06/2018,0.67
29/06/2018,0.84
2/7/2018,0.88
3/7/2018,1
4/7/2018,1.01
5/7/2018,1.01
6/7/2018,1.03
9/7/2018,1.08
10/7/2018,1.1
11/7/2018,1.13
12/7/2018,1.16
13/07/2018,1.21
16/07/2018,1.36
17/07/2018,1.63
18/07/2018,1.9
19/07/2018,2.22
20/07/2018,3.18
23/07/2018,4.14
24/07/2018,4.69
25/07/2018,4.73
26/07/2018,4.27
27/07/2018,2.83
30/07/2018,2.24
31/07/2018,1.61
1/8/2018,1.89
2/8/2018,2
3/8/2018,2.14
6/8/2018,2.27
7/8/2018,2.72
8/8/2018,3.37
9/8/2018,4.08
10/8/2018,4.42
13/08/2018,4.24
14/08/2018,4.41
15/08/2018,4.54
16/08/2018,4.62
17/08/2018,4.64
20/08/2018,4.58
21/08/2018,4.6
22/08/2018,4.59
23/08/2018,4.62
24/08/2018,4.59
27/08/2018,4.58
28/08/2018,4.48
29/08/2018,4.26
30/08/2018,4.22
31/08/2018,4.19
4/9/2018,4.49
5/9/2018,4.51
6/9/2018,4.46
7/9/2018,4.45
10/9/2018,4.4
11/9/2018,4.21
12/9/2018,4.04
13/09/2018,3.88
14/09/2018,3.1
17/09/2018,2.61
18/09/2018,2.56
19/09/2018,2.55
20/09/2018,2.34
21/09/2018,2.25
24/09/2018,2.29
25/09/2018,2.22
26/09/2018,2.29
27/09/2018,2.46
28/09/2018,2.89
1/10/2018,3.15
2/10/2018,3.27
3/10/2018,3.3
4/10/2018,3.14
5/10/2018,2.91
8/10/2018,2.83
9/10/2018,2.84
10/10/2018,2.96
11/10/2018,3.02
12/10/2018,3.01
15/10/2018,3.19
16/10/2018,3.26
17/10/2018,3.22
18/10/2018,3.21
19/10/2018,3.23
22/10/2018,3.32
23/10/2018,3.7
24/10/2018,4.44
25/10/2018,4.72
26/10/2018,4.83
29/10/2018,4.94
30/10/2018,4.86
31/10/2018,4.81
1/11/2018,4.69
2/11/2018,4.62
5/11/2018,4.66
6/11/2018,4.79
7/11/2018,4.8
8/11/2018,4.8
9/11/2018,4.76
12/11/2018,4.79
13/11/2018,4.84
14/11/2018,4.84
15/11/2018,4.73
16/11/2018,4.74
19/11/2018,4.72
20/11/2018,4.77
21/11/2018,4.79
22/11/2018,4.8
23/11/2018,4.79
26/11/2018,4.84
27/11/2018,4.8
28/11/2018,4.77
29/11/2018,4.6
30/11/2018,4.44
3/12/2018,4.78
4/12/2018,4.8
5/12/2018,4.83
6/12/2018,4.83
7/12/2018,4.84
10/12/2018,4.86
11/12/2018,4.88
12/12/2018,4.85
13/12/2018,4.82
14/12/2018,4.82
17/12/2018,4.77
18/12/2018,4.78
19/12/2018,4.71
20/12/2018,4.61
21/12/2018,4.55
24/12/2018,4.56
26/12/2018,4.39
27/12/2018,3.87
28/12/2018,3.91
2/1/2019,4.66
3/1/2019,4.64
4/1/2019,4.02
7/1/2019,3.89
8/1/2019,3.85
9/1/2019,4.03
10/1/2019,3.87
11/1/2019,3.66
14/01/2019,3.59
15/01/2019,3.58
16/01/2019,3.55
17/01/2019,3.38
18/01/2019,4.52
21/01/2019,4.68
22/01/2019,4.84
23/01/2019,4.74
24/01/2019,4.86
25/01/2019,4.96
28/01/2019,5.12
29/01/2019,5.23
30/01/2019,5.19
31/01/2019,4.82
1/2/2019,4.82
11/2/2019,4.78
12/2/2019,4.83
13/02/2019,4.72
14/02/2019,4.49
15/02/2019,4.4
18/02/2019,4.32
19/02/2019,4.16
20/02/2019,4.14
21/02/2019,4.05
22/02/2019,4.18
25/02/2019,4.18
26/02/2019,4.29
27/02/2019,4.21
28/02/2019,3.88
1/3/2019,4.12
4/3/2019,4.13
5/3/2019,4.06
6/3/2019,4.04
7/3/2019,3.87
8/3/2019,3.86
11/3/2019,3.83
12/3/2019,3.83
13/03/2019,3.72
14/03/2019,3.41
15/03/2019,3.26
18/03/2019,3.13
19/03/2019,3.07
20/03/2019,3.09
21/03/2019,3.16
22/03/2019,3.32
25/03/2019,3.65
26/03/2019,4.46
27/03/2019,4.56
28/03/2019,4.55
29/03/2019,4.3
1/4/2019,4.31
2/4/2019,4.29
3/4/2019,4.25
4/4/2019,4.07
5/4/2019,4.07
8/4/2019,4.06
9/4/2019,4.31
10/4/2019,4.49
11/4/2019,4.25
12/4/2019,4.26
16/04/2019,4.2
17/04/2019,4.33
18/04/2019,4.08
19/04/2019,3.89
22/04/2019,3.59
23/04/2019,3.24
24/04/2019,2.84
25/04/2019,2.29
26/04/2019,2.74
2/5/2019,3.31
3/5/2019,3.79
4/5/2019,3.97
6/5/2019,3.93
7/5/2019,3.88
8/5/2019,3.72
9/5/2019,3.59
10/5/2019,3.56
13/05/2019,3.56
14/05/2019,3.47
15/05/2019,3.3
16/05/2019,3.12
17/05/2019,3.08
20/05/2019,3.15
21/05/2019,3.14
22/05/2019,3.08
23/05/2019,3.08
24/05/2019,3.1
27/05/2019,3.15
28/05/2019,3.11
29/05/2019,2.85
30/05/2019,2.53
31/05/2019,2.76
3/6/2019,3.29
4/6/2019,3.27
5/6/2019,3.16
6/6/2019,3.1
7/6/2019,3.1
10/6/2019,3.17
11/6/2019,3.26
12/6/2019,3.21
13/06/2019,3.16
14/06/2019,3.09
17/06/2019,3.11
18/06/2019,3.12
19/06/2019,3.12
20/06/2019,3.11
21/06/2019,3.12
24/06/2019,3.32
25/06/2019,3.62
26/06/2019,3.81
27/06/2019,3.94
28/06/2019,4.15
1/7/2019,4.05
2/7/2019,3.88
3/7/2019,3.6
4/7/2019,3.41
5/7/2019,3.25
8/7/2019,3.21
9/7/2019,3.22
10/7/2019,3.19
11/7/2019,3.14
12/7/2019,3.08
15/07/2019,3.09
16/07/2019,3.07
17/07/2019,3.06
18/07/2019,2.93
19/07/2019,2.78
22/07/2019,2.74
23/07/2019,2.8
24/07/2019,2.75
25/07/2019,2.69
26/07/2019,2.7
29/07/2019,2.67
30/07/2019,2.7
31/07/2019,2.74
1/8/2019,2.88
2/8/2019,2.89
5/8/2019,2.93
6/8/2019,3.04
7/8/2019,3.07
8/8/2019,3.01
9/8/2019,3.01
12/8/2019,3.06
13/08/2019,3.03
14/08/2019,2.98
15/08/2019,2.95
16/08/2019,2.95
19/08/2019,3.01
20/08/2019,3.05
21/08/2019,3.1
22/08/2019,3.07
23/08/2019,3.28
26/08/2019,3.99
27/08/2019,5.04
28/08/2019,4.75
29/08/2019,4.04
30/08/2019,5
3/9/2019,4.75
4/9/2019,4.4
5/9/2019,4.08
6/9/2019,3.72
9/9/2019,3.63
10/9/2019,3.35
11/9/2019,3.19
12/9/2019,2.96
13/09/2019,2.84
16/09/2019,2.59
17/09/2019,2.49
18/09/2019,2.39
19/09/2019,2.21
20/09/2019,2.16
23/09/2019,2.08
24/09/2019,2.07
25/09/2019,2.05
26/09/2019,2.08
27/09/2019,2.02
30/09/2019,1.74
1/10/2019,2.2
2/10/2019,2.19
3/10/2019,2.17
4/10/2019,2.1
7/10/2019,2.05
8/10/2019,2.02
9/10/2019,1.98
10/10/2019,1.89
11/10/2019,1.8
14/10/2019,1.76
15/10/2019,1.72
16/10/2019,1.69
17/10/2019,1.69
18/10/2019,1.71
20/10/2019,1.71
21/10/2019,1.7
22/10/2019,1.66
23/10/2019,1.61
24/10/2019,1.61
25/10/2019,1.81
28/10/2019,2.29
29/10/2019,2.11
30/10/2019,1.67
31/10/2019,1.51
1/11/2019,1.74
4/11/2019,1.97
5/11/2019,2.23
6/11/2019,2.11
7/11/2019,2.05
8/11/2019,1.72
11/11/2019,2.02
12/11/2019,1.99
13/11/2019,1.9
14/11/2019,1.82
15/11/2019,1.73
18/11/2019,1.72
19/11/2019,2.1
20/11/2019,2.35
21/11/2019,3.34
22/11/2019,3.81
25/11/2019,3.81
26/11/2019,4.55
27/11/2019,3.82
28/11/2019,3.64
29/11/2019,3.93
2/12/2019,4.28
3/12/2019,4.21
4/12/2019,4.14
5/12/2019,4.16
6/12/2019,4.12
9/12/2019,4.09
10/12/2019,4.15
11/12/2019,4.17
12/12/2019,3.9
13/12/2019,3.65
16/12/2019,3.38
17/12/2019,3.14
18/12/2019,2.8
19/12/2019,2.45
20/12/2019,2.02
23/12/2019,1.82
24/12/2019,1.71
25/12/2019,1.68
26/12/2019,1.54
27/12/2019,1.52
30/12/2019,1.3
31/12/2019,1.43
2/1/2020,2.44
3/1/2020,1.99
7/1/2020,1.31
8/1/2020,1.1
9/1/2020,0.93
10/1/2020,0.79
13/01/2020,0.75
14/01/2020,0.74
15/01/2020,0.71
16/01/2020,0.82
17/01/2020,2.58
20/01/2020,2.89
21/01/2020,3.16
22/01/2020,3.15
30/01/2020,2.85
31/01/2020,3.08
3/2/2020,3.15
4/2/2020,3.1
5/2/2020,2.81
6/2/2020,2.6
7/2/2020,2.33
10/2/2020,2.25
11/2/2020,2.29
12/2/2020,2.21
13/02/2020,2.05
14/02/2020,2
17/02/2020,1.91
18/02/2020,1.88
19/02/2020,1.9
20/02/2020,2.07
21/02/2020,2.09
24/02/2020,2.21
25/02/2020,2.51
26/02/2020,2.39
27/02/2020,2.1
28/02/2020,2.02
2/3/2020,2.05
3/3/2020,2.03
4/3/2020,1.99
5/3/2020,1.96
6/3/2020,2.01
9/3/2020,2.22
10/3/2020,2.37
11/3/2020,2.44
12/3/2020,2.48
13/03/2020,2.33
16/03/2020,2.24
17/03/2020,2.11
18/03/2020,2.02
19/03/2020,1.95
20/03/2020,1.86
23/03/2020,1.89
24/03/2020,1.87
25/03/2020,1.86
26/03/2020,1.9
27/03/2020,2.07
30/03/2020,2.19
31/03/2020,2.44
1/4/2020,3.27
3/4/2020,3.53
6/4/2020,3.56
7/4/2020,3.2
8/4/2020,2.7
9/4/2020,2.33
10/4/2020,1.93
13/04/2020,1.74
14/04/2020,1.7
15/04/2020,1.77
16/04/2020,1.63
17/04/2020,1.59
20/04/2020,1.75
21/04/2020,2.49
22/04/2020,2.55
23/04/2020,2.29
24/04/2020,2.04
27/04/2020,1.92
28/04/2020,1.94
29/04/2020,2.11
4/5/2020,2
5/5/2020,2.24
6/5/2020,2.13
7/5/2020,1.97
8/5/2020,1.75
11/5/2020,1.6
12/5/2020,1.52
13/05/2020,1.38
14/05/2020,1.26
15/05/2020,1.19
18/05/2020,1.02
19/05/2020,0.88
20/05/2020,0.6
21/05/2020,0.47
22/05/2020,0.41
25/05/2020,0.47
26/05/2020,0.4
27/05/2020,0.33
28/05/2020,0.28
29/05/2020,0.3
1/6/2020,0.46
2/6/2020,0.38
3/6/2020,0.33
4/6/2020,0.27
5/6/2020,0.25
8/6/2020,0.23
9/6/2020,0.2
10/6/2020,0.18
11/6/2020,0.16
12/6/2020,0.18
15/06/2020,0.17
16/06/2020,0.17
17/06/2020,0.17
18/06/2020,0.15
19/06/2020,0.13
22/06/2020,0.14
23/06/2020,0.15
24/06/2020,0.15
25/06/2020,0.13
26/06/2020,0.13
29/06/2020,0.12
30/06/2020,0.15
1/7/2020,0.13
2/7/2020,0.12
3/7/2020,0.12
6/7/2020,0.13
7/7/2020,0.13
8/7/2020,0.13
9/7/2020,0.14
10/7/2020,0.15
13/07/2020,0.15
14/07/2020,0.14
15/07/2020,0.14
16/07/2020,0.13
17/07/2020,0.14
20/07/2020,0.15
21/07/2020,0.15
22/07/2020,0.15
23/07/2020,0.14
24/07/2020,0.15
27/07/2020,0.19
28/07/2020,0.24
29/07/2020,0.24
30/07/2020,0.2
31/07/2020,0.21
3/8/2020,0.25
4/8/2020,0.25
5/8/2020,0.25
6/8/2020,0.24
7/8/2020,0.22
10/8/2020,0.22
11/8/2020,0.21
12/8/2020,0.19
13/08/2020,0.18
14/08/2020,0.18
17/08/2020,0.19
18/08/2020,0.2
19/08/2020,0.2
20/08/2020,0.19
21/08/2020,0.19
24/08/2020,0.19
25/08/2020,0.19
26/08/2020,0.19
27/08/2020,0.19
28/08/2020,0.18
31/08/2020,0.16
1/9/2020,0.16
3/9/2020,0.16
4/9/2020,0.16
7/9/2020,0.15
8/9/2020,0.15
9/9/2020,0.15
10/9/2020,0.15
11/9/2020,0.14
14/09/2020,0.14
15/09/2020,0.14
16/09/2020,0.13
17/09/2020,0.11
18/09/2020,0.11
21/09/2020,0.11
22/09/2020,0.11
23/09/2020,0.1
24/09/2020,0.11
25/09/2020,0.11
28/09/2020,0.11
29/09/2020,0.11
30/09/2020,0.13
1/10/2020,0.11
2/10/2020,0.11
5/10/2020,0.11
6/10/2020,0.1
7/10/2020,0.1
8/10/2020,0.1
9/10/2020,0.1
12/10/2020,0.1
13/10/2020,0.1
14/10/2020,0.1
15/10/2020,0.1
16/10/2020,0.1
19/10/2020,0.1
20/10/2020,0.11
21/10/2020,0.1
22/10/2020,0.1
23/10/2020,0.1
26/10/2020,0.11
27/10/2020,0.1
28/10/2020,0.1
29/10/2020,0.1
30/10/2020,0.11
2/11/2020,0.1
3/11/2020,0.1
4/11/2020,0.11
5/11/2020,0.12
6/11/2020,0.12
9/11/2020,0.11
10/11/2020,0.11
11/11/2020,0.11
12/11/2020,0.11
13/11/2020,0.11
16/11/2020,0.11
17/11/2020,0.11
18/11/2020,0.11
19/11/2020,0.11
20/11/2020,0.11
23/11/2020,0.11
24/11/2020,0.1
25/11/2020,0.1
26/11/2020,0.11
27/11/2020,0.1
30/11/2020,0.1
1/12/2020,0.1
2/12/2020,0.1
3/12/2020,0.11
4/12/2020,0.11
7/12/2020,0.11
8/12/2020,0.11
9/12/2020,0.11
10/12/2020,0.1
11/12/2020,0.11
14/12/2020,0.11
15/12/2020,0.1
16/12/2020,0.1
17/12/2020,0.1
18/12/2020,0.11
21/12/2020,0.11
22/12/2020,0.11
23/12/2020,0.11
24/12/2020,0.11
25/12/2020,0.12
28/12/2020,0.12
29/12/2020,0.13
30/12/2020,0.13
31/12/2020,0.15
4/1/2021,0.15
5/1/2021,0.13
6/1/2021,0.11
7/1/2021,0.11
8/1/2021,0.11
11/1/2021,0.11
12/1/2021,0.1
13/01/2021,0.1
14/01/2021,0.1
15/01/2021,0.11
18/01/2021,0.11
19/01/2021,0.1
20/01/2021,0.1
21/01/2021,0.1
22/01/2021,0.1
25/01/2021,0.1
26/01/2021,0.11
27/01/2021,0.11
28/01/2021,0.14
29/01/2021,0.33
1/2/2021,0.6
2/2/2021,1.68
3/2/2021,2.52
4/2/2021,2.08
5/2/2021,2.09
8/2/2021,2.86
9/2/2021,2.3
17/02/2021,2.11
18/02/2021,1.34
19/02/2021,0.66
22/02/2021,0.42
23/02/2021,0.37
24/02/2021,0.33
25/02/2021,0.29
26/02/2021,0.34
1/3/2021,0.4
2/3/2021,0.35
3/3/2021,0.31
4/3/2021,0.29
5/3/2021,0.28
8/3/2021,0.29
9/3/2021,0.29
10/3/2021,0.29
11/3/2021,0.28
12/3/2021,0.28
15/03/2021,0.29
16/03/2021,0.28
17/03/2021,0.28
18/03/2021,0.27
19/03/2021,0.26
22/03/2021,0.27
23/03/2021,0.26
24/03/2021,0.26
25/03/2021,0.25
26/03/2021,0.26
29/03/2021,0.37
30/03/2021,0.24
31/03/2021,0.26
1/4/2021,0.25
2/4/2021,0.26
5/4/2021,0.25
6/4/2021,0.29
7/4/2021,0.29
8/4/2021,0.3
9/4/2021,0.31
12/4/2021,0.4
13/04/2021,0.43
14/04/2021,0.41
15/04/2021,0.41
16/04/2021,0.43
19/04/2021,0.43
20/04/2021,0.44
22/04/2021,0.42
23/04/2021,0.44
26/04/2021,0.77
27/04/2021,1.05
28/04/2021,1.2
29/04/2021,0.9
4/5/2021,0.95
5/5/2021,1.14
6/5/2021,1.29
7/5/2021,1.21
10/5/2021,1.24
11/5/2021,1.25
12/5/2021,1.23
13/05/2021,1.24
14/05/2021,1.22
17/05/2021,1.2
18/05/2021,1.22
19/05/2021,1.22
20/05/2021,1.24
21/05/2021,1.21
24/05/2021,1.25
25/05/2021,1.35
26/05/2021,1.46
27/05/2021,1.46
28/05/2021,1.42
31/05/2021,1.54
1/6/2021,1.54
2/6/2021,1.48
3/6/2021,1.39
4/6/2021,1.29
7/6/2021,1.16
8/6/2021,1.1
9/6/2021,1.07
10/6/2021,1.01
11/6/2021,0.96
14/06/2021,0.96
15/06/2021,0.98
16/06/2021,0.97
17/06/2021,0.95
18/06/2021,0.99
21/06/2021,1.1
22/06/2021,1.08
23/06/2021,1.14
24/06/2021,1.21
25/06/2021,1.23
28/06/2021,1.19
29/06/2021,1.1
30/06/2021,1.13
1/7/2021,1.09
2/7/2021,1.03
5/7/2021,1
6/7/2021,0.95
7/7/2021,0.9
8/7/2021,0.94
9/7/2021,0.95
12/7/2021,0.94
13/07/2021,0.93
14/07/2021,0.92
15/07/2021,0.93
16/07/2021,0.93
19/07/2021,0.95
20/07/2021,0.95
21/07/2021,0.95
22/07/2021,0.97
23/07/2021,0.96
26/07/2021,0.98
27/07/2021,1
28/07/2021,0.98
29/07/2021,0.94
30/07/2021,0.97
2/8/2021,0.96
3/8/2021,0.96
4/8/2021,0.93
5/8/2021,0.93
6/8/2021,0.92
9/8/2021,0.9
10/8/2021,0.87
11/8/2021,0.83
12/8/2021,0.79
13/08/2021,0.77
16/08/2021,0.75
17/08/2021,0.73
18/08/2021,0.71
19/08/2021,0.69
20/08/2021,0.66
23/08/2021,0.65
24/08/2021,0.64
25/08/2021,0.65
26/08/2021,0.65
27/08/2021,0.64
30/08/2021,0.69
31/08/2021,0.63
1/9/2021,0.5
6/9/2021,0.65
7/9/2021,0.64
8/9/2021,0.64
9/9/2021,0.65
10/9/2021,0.63
13/09/2021,0.64
14/09/2021,0.64
15/09/2021,0.66
16/09/2021,0.64
17/09/2021,0.64
20/09/2021,0.64
21/09/2021,0.68
22/09/2021,0.68
23/09/2021,0.69
24/09/2021,0.68
27/09/2021,0.68
28/09/2021,0.68
29/09/2021,0.67
30/09/2021,0.65
1/10/2021,0.66
4/10/2021,0.65
5/10/2021,0.67
6/10/2021,0.66
7/10/2021,0.67
8/10/2021,0.67
11/10/2021,0.66
12/10/2021,0.67
13/10/2021,0.66
14/10/2021,0.65
15/10/2021,0.65
18/10/2021,0.66
19/10/2021,0.64
20/10/2021,0.65
21/10/2021,0.64
22/10/2021,0.65
25/10/2021,0.65
26/10/2021,0.65
27/10/2021,0.65
28/10/2021,0.61
29/10/2021,0.61
1/11/2021,0.6
2/11/2021,0.6
3/11/2021,0.66
4/11/2021,0.62
5/11/2021,0.62
8/11/2021,0.63
9/11/2021,0.63
10/11/2021,0.63
11/11/2021,0.63
12/11/2021,0.65
15/11/2021,0.65
16/11/2021,0.63
17/11/2021,0.65
18/11/2021,0.64
19/11/2021,0.63
22/11/2021,0.63
23/11/2021,0.63
24/11/2021,0.64
25/11/2021,0.63
26/11/2021,0.64
29/11/2021,0.61
30/11/2021,0.65
1/12/2021,0.65
2/12/2021,0.64
3/12/2021,0.65
6/12/2021,0.61
7/12/2021,0.63
8/12/2021,0.64
9/12/2021,0.63
10/12/2021,0.64
13/12/2021,0.65
14/12/2021,0.65
15/12/2021,0.64
16/12/2021,0.75
17/12/2021,0.85
20/12/2021,0.91
21/12/2021,1.05
22/12/2021,1.34
23/12/2021,1.27
24/12/2021,1.12
27/12/2021,1.12
28/12/2021,0.98
29/12/2021,0.81
30/12/2021,0.73
31/12/2021,0.73
4/1/2022,1.8
5/1/2022,1.47
6/1/2022,1.26
7/1/2022,1.17
10/1/2022,1.14
11/1/2022,1.11
12/1/2022,1.09
13/01/2022,1.04
14/01/2022,0.98
17/01/2022,1.02
18/01/2022,1
19/01/2022,0.98
20/01/2022,1
21/01/2022,1.03
24/01/2022,1.48
25/01/2022,2.3
26/01/2022,2.56
27/01/2022,2.42
28/01/2022,2.42
7/2/2022,2.27
8/2/2022,2.59
9/2/2022,3.32
10/2/2022,3.4
11/2/2022,3.08
14/02/2022,2.95
15/02/2022,2.89
16/02/2022,2.9
17/02/2022,2.74
18/02/2022,2.54
21/02/2022,2.52
22/02/2022,2.51
23/02/2022,2.57
24/02/2022,2.56
25/02/2022,2.55
28/02/2022,2.56
1/3/2022,2.54
2/3/2022,2.54
3/3/2022,2.51
4/3/2022,2.47
7/3/2022,2.4
8/3/2022,2.31
9/3/2022,2.24
10/3/2022,2.15
11/3/2022,2.11
14/03/2022,2.13
15/03/2022,2.18
16/03/2022,2.19
17/03/2022,2.19
18/03/2022,2.2
21/03/2022,2.17
22/03/2022,2.18
23/03/2022,2.19
24/03/2022,2.18
25/03/2022,2.13
28/03/2022,2.08
29/03/2022,2.03
30/03/2022,2.01
31/03/2022,2.08
1/4/2022,2.08
4/4/2022,2.09
5/4/2022,2.1
6/4/2022,2.11
7/4/2022,2.11
8/4/2022,2.11
12/4/2022,2.11
13/04/2022,2.12
14/04/2022,2.11
15/04/2022,2.11
18/04/2022,2.11
19/04/2022,2.05
20/04/2022,1.85
21/04/2022,1.51
22/04/2022,1.33
25/04/2022,1.29
26/04/2022,1.43
27/04/2022,1.4
28/04/2022,1.37
29/04/2022,1.37
4/5/2022,1.56
5/5/2022,1.63
6/5/2022,1.7
9/5/2022,1.78
10/5/2022,1.91
11/5/2022,2
12/5/2022,2.07
13/05/2022,2.05
16/05/2022,1.98
17/05/2022,1.91
18/05/2022,1.75
19/05/2022,1.57
20/05/2022,1.32
23/05/2022,1.14
24/05/2022,1.04
25/05/2022,0.93
26/05/2022,0.74
27/05/2022,0.53
30/05/2022,0.38
31/05/2022,0.33
1/6/2022,0.48
2/6/2022,0.45
3/6/2022,0.4
6/6/2022,0.39
7/6/2022,0.42
8/6/2022,0.42
9/6/2022,0.38
10/6/2022,0.38
13/06/2022,0.37
14/06/2022,0.36
15/06/2022,0.37
16/06/2022,0.37
17/06/2022,0.37
20/06/2022,0.38
21/06/2022,0.38
22/06/2022,0.37
23/06/2022,0.44
24/06/2022,0.6
27/06/2022,0.69
28/06/2022,0.68
29/06/2022,0.71
1/7/2022,0.87
4/7/2022,0.88
5/7/2022,0.88
6/7/2022,0.82
7/7/2022,0.69
8/7/2022,0.68
11/7/2022,0.72
12/7/2022,0.71
13/07/2022,0.73
14/07/2022,0.76
15/07/2022,0.83
18/07/2022,0.96
19/07/2022,1.15
20/07/2022,1.4
21/07/2022,2.16
22/07/2022,2.8
25/07/2022,3.67
26/07/2022,5.01
27/07/2022,5.13
28/07/2022,4.68
29/07/2022,4.19
1/8/2022,4.18
2/8/2022,4.03
3/8/2022,4.1
4/8/2022,4.16
5/8/2022,4.36
8/8/2022,4.42
9/8/2022,4.29
10/8/2022,3.98
11/8/2022,3.3
12/8/2022,2.71
15/08/2022,2.27
16/08/2022,1.99
17/08/2022,2.05
18/08/2022,2.43
19/08/2022,2.49
22/08/2022,2.73
23/08/2022,3.77
24/08/2022,3.82
25/08/2022,3.74
26/08/2022,3.58
29/08/2022,3.88
30/08/2022,4.42
31/08/2022,4.42
5/9/2022,5.21
6/9/2022,5.71
7/9/2022,6.88
8/9/2022,5.9
9/9/2022,4.62
12/9/2022,4.29
13/09/2022,4.2
14/09/2022,4.17
15/09/2022,4.21
16/09/2022,4.25
19/09/2022,4.26
20/09/2022,4.61
21/09/2022,4.68
22/09/2022,4.89
23/09/2022,5.08
26/09/2022,5.12
27/09/2022,5.16
28/09/2022,5.06
29/09/2022,4.98
30/09/2022,4.93
3/10/2022,5.26
4/10/2022,7.88
5/10/2022,8.44
6/10/2022,7.86
7/10/2022,6.61
10/10/2022,7.47
11/10/2022,7.02
12/10/2022,6.51
13/10/2022,5.48
14/10/2022,4.92
17/10/2022,4.1
18/10/2022,3.23
19/10/2022,3.03
20/10/2022,4.04
21/10/2022,4.64
24/10/2022,5.46
25/10/2022,7.16
26/10/2022,7.2
27/10/2022,6.07
28/10/2022,4.79
31/10/2022,5.1
1/11/2022,6.61
2/11/2022,7.12
3/11/2022,6.93
4/11/2022,6.21
7/11/2022,6.01
8/11/2022,5.56
9/11/2022,5.1
10/11/2022,4.88
11/11/2022,4.62
14/11/2022,4.31
15/11/2022,4.2
16/11/2022,4.63
17/11/2022,5.18
18/11/2022,5.4
21/11/2022,5.87
22/11/2022,5.92
23/11/2022,6.1
24/11/2022,5.97
25/11/2022,6.01
28/11/2022,5.88
29/11/2022,5.63
30/11/2022,5.32
1/12/2022,5.42
2/12/2022,5.42
5/12/2022,5.31
6/12/2022,5.52
7/12/2022,5.67
8/12/2022,5.64
9/12/2022,5.61
12/12/2022,5.61
13/12/2022,5.62
14/12/2022,5.38
15/12/2022,5.19
16/12/2022,4.62
19/12/2022,4.34
20/12/2022,4.04
21/12/2022,3.94
22/12/2022,3.77
23/12/2022,3.49
26/12/2022,3.25
27/12/2022,3.36
28/12/2022,3.2
29/12/2022,2.81
30/12/2022,4.44
3/1/2023,5.06
4/1/2023,5.17
5/1/2023,5.09
6/1/2023,5.09
9/1/2023,5.18
10/1/2023,5.23
11/1/2023,5.59
12/1/2023,5.95
16/01/2023,6.48
17/01/2023,6.34
18/01/2023,6.09
19/01/2023,6.09
27/01/2023,6.13
30/01/2023,6.17
31/01/2023,6.23
1/2/2023,6.26
2/2/2023,6.26
3/2/2023,6.21
6/2/2023,6.05
7/2/2023,5.96
8/2/2023,5.72
9/2/2023,5.39
10/2/2023,4.91
13/02/2023,4.55
14/02/2023,4.05
15/02/2023,3.64
16/02/2023,4.71
17/02/2023,4.64
20/02/2023,4.54
21/02/2023,4.81
22/02/2023,6.11
23/02/2023,6.15
24/02/2023,6.06
27/02/2023,5.77
28/02/2023,5.24
1/3/2023,5.97
2/3/2023,6.38
3/3/2023,6.4
6/3/2023,6.22
7/3/2023,6.07
8/3/2023,5.98
9/3/2023,6.22
10/3/2023,6.22
13/03/2023,6.17
14/03/2023,5.72
15/03/2023,5.06
16/03/2023,4.14
17/03/2023,3.4
20/03/2023,2.7
21/03/2023,2.05
22/03/2023,1.55
23/03/2023,1.34
24/03/2023,1.14
27/03/2023,1.06
28/03/2023,0.98
29/03/2023,0.96
30/03/2023,0.9
31/03/2023,1.12
3/4/2023,2.12
4/4/2023,2.48
5/4/2023,3.41
6/4/2023,4.44
7/4/2023,5.06
10/4/2023,5.19
11/4/2023,5.22
12/4/2023,5.32
13/04/2023,5.49
14/04/2023,5.54
17/04/2023,5.52
18/04/2023,5.3
19/04/2023,4.48
20/04/2023,3.78
21/04/2023,3.29
24/04/2023,3.84
25/04/2023,6.26
26/04/2023,4.82
27/04/2023,4.12
28/04/2023,4.12
4/5/2023,5
5/5/2023,5.05
8/5/2023,5.08
9/5/2023,5.07
10/5/2023,4.84
11/5/2023,4.83
12/5/2023,4.88
15/05/2023,4.92
16/05/2023,4.94
17/05/2023,4.87
18/05/2023,4.64
19/05/2023,4.49
22/05/2023,4.43
23/05/2023,4.42
24/05/2023,4.35
25/05/2023,4.14
26/05/2023,4.07
29/05/2023,3.96
30/05/2023,3.77
31/05/2023,3.9
1/6/2023,4.07
2/6/2023,4.02
5/6/2023,3.92
6/6/2023,3.75
7/6/2023,3.51
8/6/2023,3.1
9/6/2023,2.69
12/6/2023,2.4
13/06/2023,2.02
14/06/2023,1.65
15/06/2023,1.3
16/06/2023,0.94
19/06/2023,0.73
20/06/2023,0.55
21/06/2023,0.55
22/06/2023,0.91
23/06/2023,1.08
26/06/2023,1.04
27/06/2023,0.89
28/06/2023,0.69
29/06/2023,0.39
30/06/2023,0.44
3/7/2023,0.66
4/7/2023,0.69
5/7/2023,0.64
6/7/2023,0.61
7/7/2023,0.42
10/7/2023,0.34
11/7/2023,0.26
12/7/2023,0.21
13/07/2023,0.16
14/07/2023,0.14
17/07/2023,0.15
18/07/2023,0.46
19/07/2023,0.34
20/07/2023,0.25
21/07/2023,0.19
24/07/2023,0.2
25/07/2023,0.2
26/07/2023,0.21
27/07/2023,0.19
28/07/2023,0.2
31/07/2023,0.19
1/8/2023,0.22
2/8/2023,0.22
3/8/2023,0.22
4/8/2023,0.22
7/8/2023,0.21
8/8/2023,0.21
9/8/2023,0.21
10/8/2023,0.2
11/8/2023,0.2
14/08/2023,0.19
15/08/2023,0.2
16/08/2023,0.21
17/08/2023,0.2
18/08/2023,0.19
21/08/2023,0.19
22/08/2023,0.17
23/08/2023,0.17
24/08/2023,0.17
25/08/2023,0.17
28/08/2023,0.17
29/08/2023,0.16
30/08/2023,0.16
31/08/2023,0.16
5/9/2023,0.19
6/9/2023,0.18
7/9/2023,0.17
8/9/2023,0.17
11/9/2023,0.17
12/9/2023,0.16
13/09/2023,0.16
14/09/2023,0.16
15/09/2023,0.15
18/09/2023,0.15
19/09/2023,0.15
20/09/2023,0.16
21/09/2023,0.14
22/09/2023,0.17
25/09/2023,0.17
26/09/2023,0.16
27/09/2023,0.16
28/09/2023,0.15
29/09/2023,0.19
2/10/2023,0.55
3/10/2023,0.74
4/10/2023,1.13
5/10/2023,1.32
6/10/2023,1.14
9/10/2023,0.95
10/10/2023,0.66
11/10/2023,0.37
12/10/2023,0.22
13/10/2023,0.35
16/10/2023,0.71
17/10/2023,0.76
18/10/2023,0.78
19/10/2023,0.79
20/10/2023,1.47
23/10/2023,2.22
24/10/2023,2.84
25/10/2023,2.74
26/10/2023,1.89
27/10/2023,1.37
30/10/2023,0.96
31/10/2023,0.81
1/11/2023,1.05
2/11/2023,0.99
3/11/2023,0.93
6/11/2023,0.93
7/11/2023,0.95
8/11/2023,0.83
9/11/2023,0.73
10/11/2023,0.62
13/11/2023,0.52
14/11/2023,0.36
15/11/2023,0.26
16/11/2023,0.21
17/11/2023,0.18
20/11/2023,0.16
21/11/2023,0.15
22/11/2023,0.15
23/11/2023,0.15
24/11/2023,0.14
27/11/2023,0.14
28/11/2023,0.14
29/11/2023,0.14
30/11/2023,0.14
1/12/2023,0.17
4/12/2023,0.16
5/12/2023,0.16
6/12/2023,0.15
7/12/2023,0.15
8/12/2023,0.15
11/12/2023,0.15
12/12/2023,0.15
13/12/2023,0.15
14/12/2023,0.16
15/12/2023,0.15
18/12/2023,0.15
19/12/2023,0.16
20/12/2023,0.18
21/12/2023,0.18
22/12/2023,0.25
25/12/2023,0.74
26/12/2023,1.02
27/12/2023,0.79
28/12/2023,0.51
29/12/2023,0.51
2/1/2024,0.95
3/1/2024,0.46
4/1/2024,0.23
5/1/2024,0.19
8/1/2024,0.16
9/1/2024,0.15
10/1/2024,0.15
11/1/2024,0.15
12/1/2024,0.15
15/01/2024,0.15
16/01/2024,0.15
17/01/2024,0.15
18/01/2024,0.14
19/01/2024,0.14
22/01/2024,0.13
23/01/2024,0.12
24/01/2024,0.13
25/01/2024,0.12
26/01/2024,0.12
29/01/2024,0.12
30/01/2024,0.18
31/01/2024,0.97
1/2/2024,1.05
2/2/2024,1.37
5/2/2024,1.76
6/2/2024,2.38
7/2/2024,2.38
15/02/2024,1.31
16/02/2024,1.04
19/02/2024,1.41
20/02/2024,2.15
21/02/2024,4.14
22/02/2024,3.85
23/02/2024,3.66
26/02/2024,3.54
27/02/2024,3.32
28/02/2024,2.4
29/02/2024,1.46
1/3/2024,1.47
4/3/2024,1.48
5/3/2024,1.49
6/3/2024,1.49
7/3/2024,1.17
8/3/2024,0.77
11/3/2024,0.76
12/3/2024,1.47
13/03/2024,1.47
14/03/2024,1.21
15/03/2024,0.79
18/03/2024,0.5
19/03/2024,0.22
20/03/2024,0.16
21/03/2024,0.13
22/03/2024,0.13
25/03/2024,0.27
26/03/2024,0.32
27/03/2024,0.28
28/03/2024,0.31
29/03/2024,2.51
1/4/2024,3.45
2/4/2024,4.36
3/4/2024,4.59
4/4/2024,3.9
5/4/2024,2.69
8/4/2024,2.66
9/4/2024,3.66
10/4/2024,3.93
11/4/2024,3.85
12/4/2024,4.18
15/04/2024,4.7
16/04/2024,4.94
17/04/2024,4.95
19/04/2024,3.93
22/04/2024,3.87
23/04/2024,4.07
24/04/2024,4.22
25/04/2024,4.08
26/04/2024,4.6
2/5/2024,4.48
3/5/2024,4.36
4/5/2024,4.31
6/5/2024,4.28
7/5/2024,4.19
8/5/2024,4.22
9/5/2024,4.22
10/5/2024,4.23
13/05/2024,4.24
14/05/2024,4.22
15/05/2024,4.22
16/05/2024,3.94
17/05/2024,3.9
20/05/2024,4.01
21/05/2024,4.08
22/05/2024,4.55
23/05/2024,5.1
24/05/2024,5.06
27/05/2024,5.06
28/05/2024,4.79
29/05/2024,4.03
30/05/2024,3.37
31/05/2024,2.85
3/6/2024,3.86
4/6/2024,4.01
5/6/2024,3.9
6/6/2024,3.96
7/6/2024,4.01
10/6/2024,4.22
11/6/2024,4.41
12/6/2024,4.53
13/06/2024,4.52
14/06/2024,4.42
17/06/2024,4.36
18/06/2024,4.19
19/06/2024,3.87
20/06/2024,3.46
21/06/2024,3.35
24/06/2024,3.54
25/06/2024,3.45
26/06/2024,2.84
27/06/2024,2.84
28/06/2024,4.39
1/7/2024,4.76
