Date,Price
12/31/2024,4572.00
12/30/2024,4532.00
12/27/2024,4629.00
12/26/2024,4584.00
12/24/2024,4.59
12/23/2024,4588.00
12/20/2024,4529.00
12/19/2024,4565.00
12/18/2024,4518.00
12/17/2024,4394.00
12/16/2024,4402.00
12/13/2024,4394.00
12/12/2024,4335.00
12/11/2024,4274.00
12/10/2024,4227.00
12/9/2024,4.20
12/6/2024,4148.00
12/5/2024,4177.00
12/4/2024,4183.00
12/3/2024,4226.00
12/2/2024,4195.00
11/29/2024,4177.00
11/27/2024,4.26
11/26/2024,4294.00
11/25/2024,4274.00
11/22/2024,4411.00
11/21/2024,4419.00
11/20/2024,4413.00
11/19/2024,4395.00
11/18/2024,4413.00
11/15/2024,4444.00
11/14/2024,4445.00
11/13/2024,4.45
11/12/2024,4429.00
11/8/2024,4305.00
11/7/2024,4325.00
11/6/2024,4431.00
11/5/2024,4.28
11/4/2024,4286.00
11/1/2024,4385.00
10/31/2024,4281.00
10/30/2024,4299.00
10/29/2024,4274.00
10/28/2024,4278.00
10/25/2024,4232.00
10/24/2024,4202.00
10/23/2024,4242.00
10/22/2024,4206.00
10/21/2024,4182.00
10/18/2024,4075.00
10/17/2024,4096.00
10/16/2024,4016.00
10/15/2024,4038.00
10/11/2024,4073.00
10/10/2024,4094.00
10/9/2024,4067.00
10/8/2024,4035.00
10/7/2024,4026.00
10/4/2024,3981.00
10/3/2024,3846.00
10/2/2024,3783.00
10/1/2024,3731.00
9/30/2024,3787.00
9/27/2024,3751.00
9/26/2024,3796.00
9/25/2024,3791.00
9/24/2024,3732.00
9/23/2024,3751.00
9/20/2024,3741.00
9/19/2024,3719.00
9/18/2024,3713.00
9/17/2024,3648.00
9/16/2024,3618.00
9/13/2024,3657.00
9/12/2024,3.68
9/11/2024,3661.00
9/10/2024,3.64
9/9/2024,3702.00
9/6/2024,3716.00
9/5/2024,3725.00
9/4/2024,3757.00
9/3/2024,3831.00
9/2/2024,3926.00
9/1/2024,3907.00
8/30/2024,3909.00
8/29/2024,3863.00
8/28/2024,3839.00
8/27/2024,3829.00
8/26/2024,3.82
8/23/2024,3795.00
8/22/2024,3858.00
8/21/2024,3799.00
8/20/2024,3.81
8/19/2024,3875.00
8/16/2024,3883.00
8/15/2024,3919.00
8/14/2024,3839.00
8/13/2024,3846.00
8/12/2024,3907.00
8/9/2024,3.94
8/8/2024,3.99
8/7/2024,3953.00
8/6/2024,3901.00
8/5/2024,3779.00
8/2/2024,3792.00
8/1/2024,3982.00
7/31/2024,4033.00
7/30/2024,4141.00
7/29/2024,4172.00
7/26/2024,4194.00
7/25/2024,4245.00
7/24/2024,4286.00
7/23/2024,4254.00
7/22/2024,4254.00
7/19/2024,4243.00
7/18/2024,4202.00
7/17/2024,4.16
7/16/2024,4.16
7/15/2024,4231.00
7/12/2024,4187.00
7/11/2024,4212.00
7/10/2024,4282.00
7/9/2024,4298.00
7/8/2024,4.28
7/5/2024,4278.00
7/4/2024,4372.00
7/3/2024,4355.00
7/2/2024,4438.00
7/1/2024,4471.00
6/28/2024,4392.00
6/27/2024,4286.00
6/26/2024,4329.00
6/25/2024,4248.00
6/24/2024,4234.00
6/21/2024,4257.00
6/20/2024,4261.00
6/19/2024,4236.00
6/18/2024,4219.00
6/17/2024,4285.00
6/14/2024,4221.00
6/13/2024,4248.00
6/12/2024,4318.00
6/11/2024,4402.00
6/10/2024,4471.00
6/7/2024,4433.00
6/6/2024,4287.00
6/5/2024,4277.00
6/4/2024,4.33
6/3/2024,4392.00
5/31/2024,4503.00
5/30/2024,4.55
5/29/2024,4616.00
5/28/2024,4548.00
5/27/2024,4461.00
5/24/2024,4467.00
5/23/2024,4479.00
5/22/2024,4426.00
5/21/2024,4412.00
5/20/2024,4447.00
5/17/2024,4422.00
5/16/2024,4377.00
5/15/2024,4344.00
5/14/2024,4445.00
5/13/2024,4.49
5/10/2024,4.50
5/9/2024,4459.00
5/8/2024,4.50
5/7/2024,4461.00
5/6/2024,4487.00
5/3/2024,4497.00
5/2/2024,4589.00
5/1/2024,4641.00
4/30/2024,4682.00
4/29/2024,4611.00
4/26/2024,4663.00
4/25/2024,4704.00
4/24/2024,4648.00
4/23/2024,4607.00
4/22/2024,4.61
4/19/2024,4623.00
4/18/2024,4637.00
4/17/2024,4589.00
4/16/2024,4669.00
4/15/2024,4.61
4/12/2024,4517.00
4/11/2024,4584.00
4/10/2024,4546.00
4/9/2024,4362.00
4/8/2024,4422.00
4/5/2024,4.40
4/4/2024,4307.00
4/3/2024,4351.00
4/2/2024,4353.00
4/1/2024,4317.00
3/29/2024,4.21
3/28/2024,4206.00
3/27/2024,4188.00
3/26/2024,4238.00
3/25/2024,4249.00
3/22/2024,4202.00
3/21/2024,4269.00
3/20/2024,4277.00
3/19/2024,4293.00
3/18/2024,4328.00
3/15/2024,4308.00
3/14/2024,4292.00
3/13/2024,4188.00
3/12/2024,4151.00
3/11/2024,4098.00
3/8/2024,4077.00
3/7/2024,4089.00
3/6/2024,4108.00
3/5/2024,4151.00
3/4/2024,4217.00
3/1/2024,4186.00
2/29/2024,4254.00
2/28/2024,4266.00
2/27/2024,4303.00
2/26/2024,4281.00
2/23/2024,4248.00
2/22/2024,4331.00
2/21/2024,4319.00
2/20/2024,4275.00
2/19/2024,4317.00
2/18/2024,4296.00
2/16/2024,4281.00
2/15/2024,4234.00
2/14/2024,4261.00
2/13/2024,4326.00
2/12/2024,4179.00
2/9/2024,4177.00
2/8/2024,4158.00
2/7/2024,4115.00
2/6/2024,4.09
2/5/2024,4162.00
2/2/2024,4024.00
2/1/2024,3882.00
1/31/2024,3918.00
1/30/2024,4036.00
1/29/2024,4076.00
1/26/2024,4139.00
1/25/2024,4.12
1/24/2024,4.18
1/23/2024,4132.00
1/22/2024,4107.00
1/19/2024,4.13
1/18/2024,4142.00
1/17/2024,4106.00
1/16/2024,4054.00
1/15/2024,3986.00
1/14/2024,3968.00
1/12/2024,3939.00
1/11/2024,3975.00
1/10/2024,4.03
1/9/2024,4015.00
1/8/2024,4027.00
1/5/2024,4051.00
1/4/2024,4003.00
1/3/2024,3.92
1/2/2024,3941.00
1/1/2024,3898.00
12/29/2023,3866.00
12/28/2023,3846.00
12/27/2023,3789.00
12/26/2023,3897.00
12/25/2023,3902.00
12/22/2023,3901.00
12/21/2023,3892.00
12/20/2023,3853.00
12/19/2023,3931.00
12/18/2023,3935.00
12/15/2023,3915.00
12/14/2023,3921.00
12/13/2023,4024.00
12/12/2023,4.21
12/11/2023,4237.00
12/8/2023,4229.00
12/7/2023,4148.00
12/6/2023,4114.00
12/5/2023,4167.00
12/4/2023,4259.00
12/1/2023,4209.00
11/30/2023,4.33
11/29/2023,4259.00
11/28/2023,4325.00
11/27/2023,4.39
11/24/2023,4472.00
11/23/2023,4453.00
11/22/2023,4408.00
11/21/2023,4398.00
11/20/2023,4426.00
11/17/2023,4439.00
11/16/2023,4441.00
11/15/2023,4537.00
11/14/2023,4453.00
11/13/2023,4638.00
11/10/2023,4646.00
11/9/2023,4632.00
11/8/2023,4492.00
11/7/2023,4569.00
11/6/2023,4647.00
11/3/2023,4576.00
11/2/2023,4661.00
11/1/2023,4734.00
10/31/2023,4926.00
10/30/2023,4888.00
10/27/2023,4845.00
10/26/2023,4849.00
10/25/2023,4961.00
10/24/2023,4819.00
10/23/2023,4848.00
10/20/2023,4914.00
10/19/2023,4.99
10/18/2023,4911.00
10/17/2023,4836.00
10/16/2023,4.70
10/13/2023,4616.00
10/12/2023,4697.00
10/11/2023,4558.00
10/10/2023,4657.00
10/9/2023,4628.00
10/8/2023,4725.00
10/6/2023,4795.00
10/5/2023,4721.00
10/4/2023,4735.00
10/3/2023,4795.00
10/2/2023,4685.00
9/29/2023,4579.00
9/28/2023,4579.00
9/27/2023,4608.00
9/26/2023,4.55
9/25/2023,4531.00
9/22/2023,4438.00
9/21/2023,4494.00
9/20/2023,4399.00
9/19/2023,4365.00
9/18/2023,4303.00
9/15/2023,4336.00
9/14/2023,4286.00
9/13/2023,4254.00
9/12/2023,4.28
9/11/2023,4294.00
9/8/2023,4.26
9/7/2023,4.25
9/6/2023,4296.00
9/5/2023,4266.00
9/4/2023,4206.00
9/3/2023,4187.00
9/1/2023,4181.00
8/31/2023,4106.00
8/30/2023,4112.00
8/29/2023,4.12
8/28/2023,4206.00
8/25/2023,4231.00
8/24/2023,4241.00
8/23/2023,4196.00
8/22/2023,4332.00
8/21/2023,4342.00
8/18/2023,4251.00
8/17/2023,4284.00
8/16/2023,4258.00
8/15/2023,4219.00
8/14/2023,4201.00
8/11/2023,4158.00
8/10/2023,4107.00
8/9/2023,4016.00
8/8/2023,4028.00
8/7/2023,4097.00
8/4/2023,4042.00
8/3/2023,4179.00
8/2/2023,4.09
8/1/2023,4037.00
7/31/2023,3967.00
7/28/2023,3957.00
7/27/2023,4002.00
7/26/2023,3873.00
7/25/2023,3.89
7/24/2023,3878.00
7/21/2023,3837.00
7/20/2023,3856.00
7/19/2023,3748.00
7/18/2023,3789.00
7/17/2023,3809.00
7/14/2023,3.83
7/13/2023,3767.00
7/12/2023,3861.00
7/11/2023,3978.00
7/10/2023,4.00
7/7/2023,4066.00
7/6/2023,4031.00
7/5/2023,3934.00
7/4/2023,3839.00
7/3/2023,3858.00
6/30/2023,3841.00
6/29/2023,3842.00
6/28/2023,3714.00
6/27/2023,3772.00
6/26/2023,3723.00
6/23/2023,3737.00
6/22/2023,3797.00
6/21/2023,3727.00
6/20/2023,3719.00
6/19/2023,3822.00
6/16/2023,3767.00
6/15/2023,3.72
6/14/2023,3.79
6/13/2023,3827.00
6/12/2023,3743.00
6/9/2023,3743.00
6/8/2023,3718.00
6/7/2023,3793.00
6/6/2023,3677.00
6/5/2023,3689.00
6/2/2023,3698.00
6/1/2023,3601.00
5/31/2023,3646.00
5/30/2023,3694.00
5/29/2023,3764.00
5/28/2023,3819.00
5/26/2023,3.81
5/25/2023,3823.00
5/24/2023,3744.00
5/23/2023,3698.00
5/22/2023,3719.00
5/19/2023,3682.00
5/18/2023,3651.00
5/17/2023,3572.00
5/16/2023,3541.00
5/15/2023,3507.00
5/12/2023,3463.00
5/11/2023,3386.00
5/10/2023,3439.00
5/9/2023,3522.00
5/8/2023,3507.00
5/5/2023,3435.00
5/4/2023,3377.00
5/3/2023,3364.00
5/2/2023,3433.00
5/1/2023,3.57
4/28/2023,3433.00
4/27/2023,3528.00
4/26/2023,3445.00
4/25/2023,3.40
4/24/2023,3496.00
4/21/2023,3568.00
4/20/2023,3536.00
4/19/2023,3591.00
4/18/2023,3578.00
4/17/2023,3606.00
4/14/2023,3515.00
4/13/2023,3449.00
4/12/2023,3.40
4/11/2023,3432.00
4/10/2023,3415.00
4/7/2023,3413.00
4/6/2023,3303.00
4/5/2023,3309.00
4/4/2023,3339.00
4/3/2023,3415.00
3/31/2023,3473.00
3/30/2023,3547.00
3/29/2023,3566.00
3/28/2023,3572.00
3/27/2023,3539.00
3/24/2023,3372.00
3/23/2023,3414.00
3/22/2023,3451.00
3/21/2023,3608.00
3/20/2023,3483.00
3/17/2023,3438.00
3/16/2023,3579.00
3/15/2023,3462.00
3/14/2023,3685.00
3/13/2023,3545.00
3/10/2023,3704.00
3/9/2023,3907.00
3/8/2023,3989.00
3/7/2023,3.97
3/6/2023,3964.00
3/3/2023,3958.00
3/2/2023,4062.00
3/1/2023,3994.00
2/28/2023,3928.00
2/27/2023,3922.00
2/24/2023,3947.00
2/23/2023,3.89
2/22/2023,3927.00
2/21/2023,3954.00
2/20/2023,3851.00
2/17/2023,3817.00
2/16/2023,3863.00
2/15/2023,3803.00
2/14/2023,3753.00
2/13/2023,3704.00
2/10/2023,3743.00
2/9/2023,3664.00
2/8/2023,3615.00
2/7/2023,3679.00
2/6/2023,3644.00
2/3/2023,3519.00
2/2/2023,3402.00
2/1/2023,3417.00
1/31/2023,3.51
1/30/2023,3542.00
1/27/2023,3507.00
1/26/2023,3506.00
1/25/2023,3451.00
1/24/2023,3455.00
1/23/2023,3521.00
1/20/2023,3482.00
1/19/2023,3399.00
1/18/2023,3373.00
1/17/2023,3549.00
1/16/2023,3529.00
1/13/2023,3498.00
1/12/2023,3444.00
1/11/2023,3543.00
1/10/2023,3615.00
1/9/2023,3527.00
1/6/2023,3.56
1/5/2023,3722.00
1/4/2023,3.69
1/3/2023,3752.00
1/2/2023,3879.00
12/30/2022,3879.00
12/29/2022,3.82
12/28/2022,3886.00
12/27/2022,3849.00
12/26/2022,3743.00
12/23/2022,3751.00
12/22/2022,3686.00
12/21/2022,3673.00
12/20/2022,3692.00
12/19/2022,3.59
12/16/2022,3488.00
12/15/2022,3.45
12/14/2022,3479.00
12/13/2022,3501.00
12/12/2022,3617.00
12/9/2022,3586.00
12/8/2022,3489.00
12/7/2022,3421.00
12/6/2022,3531.00
12/5/2022,3583.00
12/2/2022,3492.00
12/1/2022,3.51
11/30/2022,3611.00
11/29/2022,3.75
11/28/2022,3679.00
11/25/2022,3691.00
11/24/2022,3661.00
11/23/2022,3689.00
11/22/2022,3758.00
11/21/2022,3.84
11/18/2022,3829.00
11/17/2022,3769.00
11/16/2022,3.69
11/15/2022,3777.00
11/14/2022,3863.00
11/10/2022,3811.00
11/9/2022,4099.00
11/8/2022,4128.00
11/7/2022,4218.00
11/4/2022,4163.00
11/3/2022,4149.00
11/2/2022,4096.00
11/1/2022,4048.00
10/31/2022,4.05
10/28/2022,4.01
10/27/2022,3927.00
10/26/2022,4007.00
10/25/2022,4.10
10/24/2022,4247.00
10/21/2022,4219.00
10/20/2022,4233.00
10/19/2022,4138.00
10/18/2022,4007.00
10/17/2022,4012.00
10/14/2022,4023.00
10/13/2022,3.95
10/12/2022,3902.00
10/11/2022,3945.00
10/10/2022,3955.00
10/7/2022,3888.00
10/6/2022,3828.00
10/5/2022,3755.00
10/4/2022,3635.00
10/3/2022,3643.00
9/30/2022,3829.00
9/29/2022,3782.00
9/28/2022,3737.00
9/27/2022,3949.00
9/26/2022,3928.00
9/23/2022,3687.00
9/22/2022,3.71
9/21/2022,3534.00
9/20/2022,3569.00
9/19/2022,3494.00
9/16/2022,3455.00
9/15/2022,3449.00
9/14/2022,3404.00
9/13/2022,3412.00
9/12/2022,3358.00
9/9/2022,3315.00
9/8/2022,3323.00
9/7/2022,3267.00
9/6/2022,3351.00
9/5/2022,3223.00
9/2/2022,3195.00
9/1/2022,3259.00
8/31/2022,3196.00
8/30/2022,3112.00
8/29/2022,3114.00
8/26/2022,3.03
8/25/2022,3031.00
8/24/2022,3109.00
8/23/2022,3057.00
8/22/2022,3024.00
8/19/2022,2976.00
8/18/2022,2886.00
8/17/2022,2902.00
8/16/2022,2808.00
8/15/2022,2793.00
8/12/2022,2842.00
8/11/2022,2889.00
8/10/2022,2785.00
8/9/2022,2779.00
8/8/2022,2.75
8/5/2022,2827.00
8/4/2022,2694.00
8/3/2022,2706.00
8/2/2022,2748.00
8/1/2022,2588.00
7/29/2022,2658.00
7/28/2022,2671.00
7/27/2022,2785.00
7/26/2022,2803.00
7/25/2022,2807.00
7/22/2022,2754.00
7/21/2022,2882.00
7/20/2022,3.03
7/19/2022,3028.00
7/18/2022,2989.00
7/15/2022,2928.00
7/14/2022,2958.00
7/13/2022,2935.00
7/12/2022,2971.00
7/11/2022,2993.00
7/8/2022,3.08
7/7/2022,3.00
7/6/2022,2934.00
7/5/2022,2818.00
7/4/2022,2932.00
7/1/2022,2889.00
6/30/2022,3017.00
6/29/2022,3087.00
6/28/2022,3177.00
6/27/2022,3202.00
6/24/2022,3138.00
6/23/2022,3089.00
6/22/2022,3.16
6/21/2022,3279.00
6/20/2022,3277.00
6/17/2022,3231.00
6/16/2022,3195.00
6/15/2022,3292.00
6/14/2022,3479.00
6/13/2022,3362.00
6/10/2022,3165.00
6/9/2022,3046.00
6/8/2022,3027.00
6/7/2022,2979.00
6/6/2022,3.04
6/3/2022,2941.00
6/2/2022,2913.00
6/1/2022,2911.00
5/31/2022,2849.00
5/30/2022,2812.00
5/27/2022,2743.00
5/26/2022,2742.00
5/25/2022,2751.00
5/24/2022,2754.00
5/23/2022,2861.00
5/20/2022,2788.00
5/19/2022,2837.00
5/18/2022,2884.00
5/17/2022,2995.00
5/16/2022,2886.00
5/13/2022,2928.00
5/12/2022,2855.00
5/11/2022,2925.00
5/10/2022,2989.00
5/9/2022,3034.00
5/6/2022,3142.00
5/5/2022,3035.00
5/4/2022,2946.00
5/3/2022,2979.00
5/2/2022,2977.00
4/29/2022,2938.00
4/28/2022,2832.00
4/27/2022,2826.00
4/26/2022,2728.00
4/25/2022,2818.00
4/22/2022,2905.00
4/21/2022,2908.00
4/20/2022,2834.00
4/19/2022,2.94
4/18/2022,2857.00
4/14/2022,2828.00
4/13/2022,2703.00
4/12/2022,2727.00
4/11/2022,2774.00
4/8/2022,2704.00
4/7/2022,2665.00
4/6/2022,2598.00
4/5/2022,2554.00
4/4/2022,2393.00
4/1/2022,2389.00
3/31/2022,2345.00
3/30/2022,2358.00
3/29/2022,2398.00
3/28/2022,2466.00
3/25/2022,2488.00
3/24/2022,2.37
3/23/2022,2.29
3/22/2022,2381.00
3/21/2022,2297.00
3/18/2022,2153.00
3/17/2022,2167.00
3/16/2022,2192.00
3/15/2022,2149.00
3/14/2022,2142.00
3/11/2022,1997.00
3/10/2022,1993.00
3/9/2022,1951.00
3/8/2022,1.84
3/7/2022,1777.00
3/4/2022,1737.00
3/3/2022,1.84
3/2/2022,1878.00
3/1/2022,1716.00
2/28/2022,1822.00
2/25/2022,1.97
2/24/2022,1.97
2/23/2022,1998.00
2/22/2022,1944.00
2/21/2022,1873.00
2/18/2022,1927.00
2/17/2022,1968.00
2/16/2022,2.04
2/15/2022,2043.00
2/14/2022,1986.00
2/11/2022,1918.00
2/10/2022,2043.00
2/9/2022,1945.00
2/8/2022,1965.00
2/7/2022,1919.00
2/4/2022,1916.00
2/3/2022,1836.00
2/2/2022,1771.00
2/1/2022,1795.00
1/31/2022,1784.00
1/28/2022,1778.00
1/27/2022,1803.00
1/26/2022,1873.00
1/25/2022,1776.00
1/24/2022,1776.00
1/21/2022,1.77
1/20/2022,1811.00
1/19/2022,1854.00
1/18/2022,1875.00
1/17/2022,1809.00
1/14/2022,1793.00
1/13/2022,1701.00
1/12/2022,1752.00
1/11/2022,1746.00
1/10/2022,1755.00
1/7/2022,1765.00
1/6/2022,1728.00
1/5/2022,1.70
1/4/2022,1649.00
1/3/2022,1637.00
12/31/2021,1512.00
12/30/2021,1507.00
12/29/2021,1556.00
12/28/2021,1484.00
12/27/2021,1477.00
12/23/2021,1493.00
12/22/2021,1453.00
12/21/2021,1467.00
12/20/2021,1428.00
12/17/2021,1407.00
12/16/2021,1424.00
12/15/2021,1458.00
12/14/2021,1441.00
12/13/2021,1414.00
12/10/2021,1482.00
12/9/2021,1497.00
12/8/2021,1528.00
12/7/2021,1482.00
12/6/2021,1433.00
12/3/2021,1356.00
12/2/2021,1444.00
12/1/2021,1404.00
11/30/2021,1456.00
11/29/2021,1502.00
11/26/2021,1482.00
11/25/2021,1596.00
11/24/2021,1643.00
11/23/2021,1676.00
11/22/2021,1632.00
11/19/2021,1548.00
11/18/2021,1587.00
11/17/2021,1585.00
11/16/2021,1.64
11/15/2021,1618.00
11/12/2021,1.57
11/11/2021,1578.00
11/10/2021,1.57
11/9/2021,1439.00
11/8/2021,1493.00
11/5/2021,1455.00
11/4/2021,1.53
11/3/2021,1603.00
11/2/2021,1547.00
11/1/2021,1561.00
10/29/2021,1561.00
10/28/2021,1578.00
10/27/2021,1.55
10/26/2021,1.61
10/25/2021,1633.00
10/22/2021,1638.00
10/21/2021,1696.00
10/20/2021,1.66
10/19/2021,1641.00
10/18/2021,1591.00
10/15/2021,1574.00
10/14/2021,1516.00
10/13/2021,1542.00
10/12/2021,1572.00
10/11/2021,1628.00
10/8/2021,1612.00
10/7/2021,1576.00
10/6/2021,1528.00
10/5/2021,1528.00
10/4/2021,1481.00
10/1/2021,1465.00
9/30/2021,1492.00
9/29/2021,1524.00
9/28/2021,1546.00
9/27/2021,1491.00
9/24/2021,1453.00
9/23/2021,1435.00
9/22/2021,1304.00
9/21/2021,1328.00
9/20/2021,1312.00
9/17/2021,1363.00
9/16/2021,1336.00
9/15/2021,1304.00
9/14/2021,1284.00
9/13/2021,1326.00
9/10/2021,1343.00
9/9/2021,1297.00
9/8/2021,1336.00
9/7/2021,1377.00
9/6/2021,1336.00
9/3/2021,1326.00
9/2/2021,1285.00
9/1/2021,1299.00
8/31/2021,1307.00
8/30/2021,1.28
8/27/2021,1.31
8/26/2021,1354.00
8/25/2021,1349.00
8/24/2021,1297.00
8/23/2021,1253.00
8/20/2021,1255.00
8/19/2021,1243.00
8/18/2021,1.26
8/17/2021,1267.00
8/16/2021,1268.00
8/13/2021,1283.00
8/12/2021,1361.00
8/11/2021,1335.00
8/10/2021,1354.00
8/9/2021,1325.00
8/6/2021,1305.00
8/5/2021,1225.00
8/4/2021,1.18
8/3/2021,1174.00
8/2/2021,1179.00
7/30/2021,1226.00
7/29/2021,1266.00
7/28/2021,1238.00
7/27/2021,1239.00
7/26/2021,1295.00
7/23/2021,1281.00
7/22/2021,1277.00
7/21/2021,1292.00
7/20/2021,1222.00
7/19/2021,1199.00
7/16/2021,1.30
7/15/2021,1301.00
7/14/2021,1349.00
7/13/2021,1418.00
7/12/2021,1368.00
7/9/2021,1361.00
7/8/2021,1294.00
7/7/2021,1323.00
7/6/2021,1352.00
7/5/2021,1436.00
7/2/2021,1431.00
7/1/2021,1459.00
6/30/2021,1468.00
6/29/2021,1475.00
6/28/2021,1482.00
6/25/2021,1524.00
6/24/2021,1499.00
6/23/2021,1485.00
6/22/2021,1467.00
6/21/2021,1497.00
6/18/2021,1443.00
6/17/2021,1511.00
6/16/2021,1581.00
6/15/2021,1489.00
6/14/2021,1497.00
6/11/2021,1454.00
6/10/2021,1437.00
6/9/2021,1492.00
6/8/2021,1538.00
6/7/2021,1569.00
6/4/2021,1557.00
6/3/2021,1625.00
6/2/2021,1589.00
6/1/2021,1606.00
5/31/2021,1.61
5/28/2021,1581.00
5/27/2021,1606.00
5/26/2021,1581.00
5/25/2021,1.56
5/24/2021,1603.00
5/21/2021,1623.00
5/20/2021,1628.00
5/19/2021,1676.00
5/18/2021,1.64
5/17/2021,1652.00
5/14/2021,1635.00
5/13/2021,1659.00
5/12/2021,1693.00
5/11/2021,1622.00
5/10/2021,1604.00
5/7/2021,1579.00
5/6/2021,1.57
5/5/2021,1571.00
5/4/2021,1591.00
5/3/2021,1599.00
4/30/2021,1626.00
4/29/2021,1641.00
4/28/2021,1611.00
4/27/2021,1625.00
4/26/2021,1568.00
4/23/2021,1559.00
4/22/2021,1542.00
4/21/2021,1559.00
4/20/2021,1566.00
4/19/2021,1.61
4/16/2021,1.59
4/15/2021,1574.00
4/14/2021,1634.00
4/13/2021,1.62
4/12/2021,1669.00
4/9/2021,1662.00
4/8/2021,1626.00
4/7/2021,1679.00
4/6/2021,1658.00
4/5/2021,1707.00
4/2/2021,1673.00
4/1/2021,1673.00
3/31/2021,1744.00
3/30/2021,1.71
3/29/2021,1717.00
3/26/2021,1674.00
3/25/2021,1633.00
3/24/2021,1614.00
3/23/2021,1622.00
3/22/2021,1695.00
3/19/2021,1.73
3/18/2021,1706.00
3/17/2021,1646.00
3/16/2021,1621.00
3/15/2021,1607.00
3/12/2021,1625.00
3/11/2021,1535.00
3/10/2021,1521.00
3/9/2021,1528.00
3/8/2021,1603.00
3/5/2021,1577.00
3/4/2021,1557.00
3/3/2021,1484.00
3/2/2021,1398.00
3/1/2021,1426.00
2/26/2021,1407.00
2/25/2021,1.53
2/24/2021,1372.00
2/23/2021,1343.00
2/22/2021,1369.00
2/19/2021,1.34
2/18/2021,1297.00
2/17/2021,1282.00
2/16/2021,1311.00
2/15/2021,1.25
2/12/2021,1.21
2/11/2021,1165.00
2/10/2021,1124.00
2/9/2021,1.16
2/8/2021,1176.00
2/5/2021,1169.00
2/4/2021,1136.00
2/3/2021,1139.00
2/2/2021,1095.00
2/1/2021,1079.00
1/29/2021,1071.00
1/28/2021,1052.00
1/27/2021,1013.00
1/26/2021,1033.00
1/25/2021,1033.00
1/22/2021,1086.00
1/21/2021,1109.00
1/20/2021,1077.00
1/19/2021,1092.00
1/18/2021,1.10
1/15/2021,1087.00
1/14/2021,1129.00
1/13/2021,1092.00
1/12/2021,1129.00
1/11/2021,1144.00
1/8/2021,1119.00
1/7/2021,1081.00
1/6/2021,1039.00
1/5/2021,955.00
1/4/2021,918.00
12/31/2020,916.00
12/30/2020,926.00
12/29/2020,0.94
12/28/2020,923.00
12/24/2020,926.00
12/23/2020,945.00
12/22/2020,921.00
12/21/2020,938.00
12/18/2020,945.00
12/17/2020,935.00
12/16/2020,0.92
12/15/2020,911.00
12/14/2020,898.00
12/11/2020,896.00
12/10/2020,906.00
12/9/2020,938.00
12/8/2020,921.00
12/7/2020,928.00
12/4/2020,973.00
12/3/2020,911.00
12/2/2020,938.00
12/1/2020,929.00
11/30/2020,842.00
11/27/2020,842.00
11/26/2020,859.00
11/25/2020,882.00
11/24/2020,885.00
11/23/2020,859.00
11/20/2020,824.00
11/19/2020,842.00
11/18/2020,0.87
11/17/2020,862.00
11/16/2020,911.00
11/13/2020,898.00
11/12/2020,883.00
11/11/2020,977.00
11/10/2020,0.96
11/9/2020,924.00
11/6/2020,0.82
11/5/2020,766.00
11/4/2020,771.00
11/3/2020,896.00
11/2/2020,852.00
10/30/2020,874.00
10/29/2020,831.00
10/28/2020,774.00
10/27/2020,771.00
10/26/2020,803.00
10/23/2020,841.00
10/22/2020,861.00
10/21/2020,821.00
10/20/2020,786.00
10/19/2020,772.00
10/16/2020,749.00
10/15/2020,739.00
10/14/2020,727.00
10/13/2020,729.00
10/12/2020,764.00
10/9/2020,779.00
10/8/2020,779.00
10/7/2020,784.00
10/6/2020,734.00
10/5/2020,778.00
10/2/2020,704.00
10/1/2020,679.00
9/30/2020,686.00
9/29/2020,651.00
9/28/2020,658.00
9/25/2020,656.00
9/24/2020,668.00
9/23/2020,677.00
9/22/2020,671.00
9/21/2020,669.00
9/18/2020,697.00
9/17/2020,689.00
9/16/2020,698.00
9/15/2020,0.68
9/14/2020,676.00
9/11/2020,669.00
9/10/2020,682.00
9/9/2020,698.00
9/8/2020,682.00
9/7/2020,0.72
9/4/2020,721.00
9/3/2020,636.00
9/2/2020,648.00
9/1/2020,672.00
8/31/2020,706.00
8/28/2020,724.00
8/27/2020,754.00
8/26/2020,688.00
8/25/2020,688.00
8/24/2020,654.00
8/21/2020,636.00
8/20/2020,652.00
8/19/2020,685.00
8/18/2020,0.67
8/17/2020,692.00
8/14/2020,709.00
8/13/2020,717.00
8/12/2020,673.00
8/11/2020,643.00
8/10/2020,581.00
8/7/2020,566.00
8/6/2020,538.00
8/5/2020,549.00
8/4/2020,512.00
8/3/2020,554.00
7/31/2020,533.00
7/30/2020,545.00
7/29/2020,577.00
7/28/2020,579.00
7/27/2020,615.00
7/24/2020,587.00
7/23/2020,577.00
7/22/2020,0.60
7/21/2020,605.00
7/20/2020,613.00
7/17/2020,623.00
7/16/2020,618.00
7/15/2020,633.00
7/14/2020,625.00
7/13/2020,618.00
7/10/2020,643.00
7/9/2020,613.00
7/8/2020,666.00
7/7/2020,0.64
7/6/2020,678.00
7/2/2020,669.00
7/1/2020,676.00
6/30/2020,658.00
6/29/2020,627.00
6/26/2020,0.64
6/25/2020,682.00
6/24/2020,679.00
6/23/2020,715.00
6/22/2020,0.71
6/19/2020,694.00
6/18/2020,707.00
6/17/2020,733.00
6/16/2020,741.00
6/15/2020,0.72
6/12/2020,0.71
6/11/2020,666.00
6/10/2020,736.00
6/9/2020,824.00
6/8/2020,878.00
6/5/2020,893.00
6/4/2020,825.00
6/3/2020,746.00
6/2/2020,687.00
6/1/2020,667.00
5/29/2020,653.00
5/28/2020,697.00
5/27/2020,695.00
5/26/2020,695.00
5/25/2020,659.00
5/22/2020,657.00
5/21/2020,0.68
5/20/2020,0.69
5/19/2020,692.00
5/18/2020,726.00
5/15/2020,644.00
5/14/2020,617.00
5/13/2020,654.00
5/12/2020,667.00
5/11/2020,707.00
5/8/2020,685.00
5/7/2020,639.00
5/6/2020,709.00
5/5/2020,662.00
5/4/2020,631.00
5/1/2020,618.00
4/30/2020,646.00
4/29/2020,628.00
4/28/2020,616.00
4/27/2020,664.00
4/24/2020,605.00
4/23/2020,603.00
4/22/2020,618.00
4/21/2020,566.00
4/20/2020,616.00
4/17/2020,642.00
4/16/2020,617.00
4/15/2020,635.00
4/14/2020,0.75
4/13/2020,0.77
4/9/2020,729.00
4/8/2020,771.00
4/7/2020,726.00
4/6/2020,678.00
4/3/2020,599.00
4/2/2020,611.00
4/1/2020,602.00
3/31/2020,668.00
3/30/2020,726.00
3/27/2020,676.00
3/26/2020,848.00
3/25/2020,869.00
3/24/2020,858.00
3/23/2020,763.00
3/20/2020,885.00
3/19/2020,1158.00
3/18/2020,1183.00
3/17/2020,1069.00
3/16/2020,0.74
3/13/2020,983.00
3/12/2020,812.00
3/11/2020,877.00
3/10/2020,0.80
3/9/2020,559.00
3/6/2020,773.00
3/5/2020,917.00
3/4/2020,1055.00
3/3/2020,999.00
3/2/2020,1152.00
2/28/2020,1163.00
2/27/2020,1274.00
2/26/2020,1335.00
2/25/2020,1355.00
2/24/2020,1.37
2/21/2020,1473.00
2/20/2020,1519.00
2/19/2020,1568.00
2/18/2020,1559.00
2/17/2020,1578.00
2/14/2020,1588.00
2/13/2020,1619.00
2/12/2020,1637.00
2/11/2020,1602.00
2/10/2020,1563.00
2/7/2020,1582.00
2/6/2020,1644.00
2/5/2020,1649.00
2/4/2020,1603.00
2/3/2020,1526.00
1/31/2020,1505.00
1/30/2020,1591.00
1/29/2020,1581.00
1/28/2020,1661.00
1/27/2020,1613.00
1/24/2020,1686.00
1/23/2020,1731.00
1/22/2020,1769.00
1/21/2020,1774.00
1/20/2020,1823.00
1/17/2020,1825.00
1/16/2020,1809.00
1/15/2020,1786.00
1/14/2020,1813.00
1/13/2020,1848.00
1/10/2020,1.82
1/9/2020,1855.00
1/8/2020,1874.00
1/7/2020,1811.00
1/6/2020,1809.00
1/3/2020,1793.00
1/2/2020,1877.00
1/1/2020,1921.00
12/31/2019,1919.00
12/30/2019,1886.00
12/27/2019,1877.00
12/26/2019,1894.00
12/25/2019,1907.00
12/24/2019,1903.00
12/23/2019,1928.00
12/20/2019,1919.00
12/19/2019,1922.00
12/18/2019,1922.00
12/17/2019,1875.00
12/16/2019,1873.00
12/13/2019,1824.00
12/12/2019,1896.00
12/11/2019,1793.00
12/10/2019,1842.00
12/9/2019,1821.00
12/6/2019,1843.00
12/5/2019,1809.00
12/4/2019,1778.00
12/3/2019,1717.00
12/2/2019,1822.00
11/29/2019,1774.00
11/28/2019,1778.00
11/27/2019,1767.00
11/26/2019,1741.00
11/25/2019,1752.00
11/22/2019,1771.00
11/21/2019,1776.00
11/20/2019,1747.00
11/19/2019,1786.00
11/18/2019,1815.00
11/15/2019,1836.00
11/14/2019,1822.00
11/13/2019,1891.00
11/12/2019,1928.00
11/11/2019,1923.00
11/8/2019,1945.00
11/7/2019,1929.00
11/6/2019,1.83
11/5/2019,1857.00
11/4/2019,1781.00
11/1/2019,1714.00
10/31/2019,1688.00
10/30/2019,1775.00
10/29/2019,1837.00
10/28/2019,1845.00
10/25/2019,1799.00
10/24/2019,1771.00
10/23/2019,1768.00
10/22/2019,1768.00
10/21/2019,1803.00
10/18/2019,1754.00
10/17/2019,1.75
10/16/2019,1745.00
10/15/2019,1771.00
10/14/2019,1715.00
10/11/2019,1734.00
10/10/2019,1.67
10/9/2019,1587.00
10/8/2019,1532.00
10/7/2019,1565.00
10/4/2019,1529.00
10/3/2019,1534.00
10/2/2019,1601.00
10/1/2019,1635.00
9/30/2019,1668.00
9/27/2019,1687.00
9/26/2019,1697.00
9/25/2019,1737.00
9/24/2019,1652.00
9/23/2019,1723.00
9/20/2019,1722.00
9/19/2019,1787.00
9/18/2019,1.80
9/17/2019,1.81
9/16/2019,1843.00
9/13/2019,1901.00
9/12/2019,1778.00
9/11/2019,1745.00
9/10/2019,1744.00
9/9/2019,1647.00
9/6/2019,1.56
9/5/2019,1565.00
9/4/2019,1471.00
9/3/2019,1462.00
9/2/2019,1506.00
8/30/2019,1499.00
8/29/2019,1496.00
8/28/2019,1468.00
8/27/2019,1474.00
8/26/2019,1538.00
8/23/2019,1533.00
8/22/2019,1613.00
8/21/2019,1591.00
8/20/2019,1552.00
8/19/2019,1608.00
8/16/2019,1562.00
8/15/2019,1502.00
8/14/2019,1583.00
8/13/2019,1702.00
8/12/2019,1.64
8/9/2019,1745.00
8/8/2019,1719.00
8/7/2019,1721.00
8/6/2019,1716.00
8/5/2019,1718.00
8/2/2019,1843.00
8/1/2019,1902.00
7/31/2019,2007.00
7/30/2019,2.06
7/29/2019,2063.00
7/26/2019,2074.00
7/25/2019,2083.00
7/24/2019,2.05
7/23/2019,2078.00
7/22/2019,2.05
7/19/2019,2057.00
7/18/2019,2026.00
7/17/2019,2043.00
7/16/2019,2106.00
7/15/2019,2.09
7/12/2019,2124.00
7/11/2019,2143.00
7/10/2019,2061.00
7/9/2019,2072.00
7/8/2019,2048.00
7/5/2019,2039.00
7/4/2019,1948.00
7/3/2019,1953.00
7/2/2019,1976.00
7/1/2019,2033.00
6/28/2019,2007.00
6/27/2019,2014.00
6/26/2019,2.05
6/25/2019,1988.00
6/24/2019,2018.00
6/21/2019,2059.00
6/20/2019,2023.00
6/19/2019,2029.00
6/18/2019,2058.00
6/17/2019,2091.00
6/14/2019,2084.00
6/13/2019,2093.00
6/12/2019,2122.00
6/11/2019,2145.00
6/10/2019,2.15
6/7/2019,2084.00
6/6/2019,2121.00
6/5/2019,2131.00
6/4/2019,2121.00
6/3/2019,2075.00
5/31/2019,2133.00
5/30/2019,2217.00
5/29/2019,2262.00
5/28/2019,2267.00
5/27/2019,2.31
5/24/2019,2324.00
5/23/2019,2322.00
5/22/2019,2.38
5/21/2019,2428.00
5/20/2019,2419.00
5/17/2019,2393.00
5/16/2019,2394.00
5/15/2019,2377.00
5/14/2019,2414.00
5/13/2019,2403.00
5/10/2019,2473.00
5/9/2019,2453.00
5/8/2019,2485.00
5/7/2019,2448.00
5/6/2019,2.50
5/3/2019,2.53
5/2/2019,2545.00
5/1/2019,2502.00
4/30/2019,2504.00
4/29/2019,2527.00
4/26/2019,2.50
4/25/2019,2534.00
4/24/2019,2518.00
4/23/2019,2569.00
4/22/2019,2587.00
4/18/2019,2.56
4/17/2019,2594.00
4/16/2019,2592.00
4/15/2019,2556.00
4/12/2019,2562.00
4/11/2019,2499.00
4/10/2019,2465.00
4/9/2019,2502.00
4/8/2019,2.52
4/5/2019,2499.00
4/4/2019,2513.00
4/3/2019,2528.00
4/2/2019,2472.00
4/1/2019,2503.00
3/29/2019,2407.00
3/28/2019,2391.00
3/27/2019,2381.00
3/26/2019,2425.00
3/25/2019,2405.00
3/22/2019,2437.00
3/21/2019,2539.00
3/20/2019,2524.00
3/19/2019,2618.00
3/18/2019,2605.00
3/15/2019,2591.00
3/14/2019,2.63
3/13/2019,2625.00
3/12/2019,2.60
3/11/2019,2641.00
3/8/2019,2.63
3/7/2019,2641.00
3/6/2019,2693.00
3/5/2019,2719.00
3/4/2019,2724.00
3/1/2019,2759.00
2/28/2019,2717.00
2/27/2019,2686.00
2/26/2019,2638.00
2/25/2019,2668.00
2/22/2019,2654.00
2/21/2019,2695.00
2/20/2019,2648.00
2/19/2019,2636.00
2/18/2019,2673.00
2/15/2019,2664.00
2/14/2019,2655.00
2/13/2019,2709.00
2/12/2019,2686.00
2/11/2019,2654.00
2/8/2019,2634.00
2/7/2019,2657.00
2/6/2019,2.70
2/5/2019,2704.00
2/4/2019,2725.00
2/1/2019,2684.00
1/31/2019,2633.00
1/30/2019,2678.00
1/29/2019,2.71
1/28/2019,2748.00
1/25/2019,2759.00
1/24/2019,2716.00
1/23/2019,2.75
1/22/2019,2741.00
1/21/2019,2773.00
1/18/2019,2788.00
1/17/2019,2.75
1/16/2019,2727.00
1/15/2019,2718.00
1/14/2019,2706.00
1/11/2019,2699.00
1/10/2019,2746.00
1/9/2019,2712.00
1/8/2019,2.73
1/7/2019,2698.00
1/4/2019,2668.00
1/3/2019,2552.00
1/2/2019,2633.00
1/1/2019,2686.00
12/31/2018,2686.00
12/28/2018,2716.00
12/27/2018,2774.00
12/26/2018,2.81
12/25/2018,2751.00
12/24/2018,2737.00
12/21/2018,2788.00
12/20/2018,2808.00
12/19/2018,2762.00
12/18/2018,2823.00
12/17/2018,2857.00
12/14/2018,2895.00
12/13/2018,2913.00
12/12/2018,2911.00
12/11/2018,2879.00
12/10/2018,2863.00
12/7/2018,2858.00
12/6/2018,2892.00
12/5/2018,2917.00
12/4/2018,2915.00
12/3/2018,2966.00
11/30/2018,2993.00
11/29/2018,3032.00
11/28/2018,3061.00
11/27/2018,3059.00
11/26/2018,3059.00
11/23/2018,3046.00
11/22/2018,3065.00
11/21/2018,3065.00
11/20/2018,3061.00
11/19/2018,3063.00
11/16/2018,3065.00
11/15/2018,3.11
11/14/2018,3127.00
11/13/2018,3141.00
11/12/2018,3151.00
11/9/2018,3186.00
11/8/2018,3239.00
11/7/2018,3237.00
11/6/2018,3231.00
11/5/2018,3201.00
11/2/2018,3.22
11/1/2018,3134.00
10/31/2018,3149.00
10/30/2018,3119.00
10/29/2018,3089.00
10/26/2018,3077.00
10/25/2018,3126.00
10/24/2018,3111.00
10/23/2018,3171.00
10/22/2018,3.20
10/19/2018,3196.00
10/18/2018,3177.00
10/17/2018,3207.00
10/16/2018,3163.00
10/15/2018,3156.00
10/12/2018,3167.00
10/11/2018,3146.00
10/10/2018,3174.00
10/9/2018,3206.00
10/8/2018,3231.00
10/5/2018,3233.00
10/4/2018,3187.00
10/3/2018,3181.00
10/2/2018,3061.00
10/1/2018,3086.00
9/28/2018,3065.00
9/27/2018,3056.00
9/26/2018,3048.00
9/25/2018,3098.00
9/24/2018,3089.00
9/21/2018,3066.00
9/20/2018,3065.00
9/19/2018,3066.00
9/18/2018,3057.00
9/17/2018,2994.00
9/14/2018,3.00
9/13/2018,2974.00
9/12/2018,2964.00
9/11/2018,2981.00
9/10/2018,2935.00
9/7/2018,2939.00
9/6/2018,2878.00
9/5/2018,2904.00
9/4/2018,2898.00
9/3/2018,2862.00
8/31/2018,2.86
8/30/2018,2859.00
8/29/2018,2886.00
8/28/2018,2884.00
8/27/2018,2846.00
8/24/2018,2813.00
8/23/2018,2828.00
8/22/2018,2821.00
8/21/2018,2842.00
8/20/2018,2819.00
8/17/2018,2864.00
8/16/2018,2.87
8/15/2018,2864.00
8/14/2018,2.90
8/13/2018,2877.00
8/10/2018,2873.00
8/9/2018,2929.00
8/8/2018,2964.00
8/7/2018,2977.00
8/6/2018,2945.00
8/3/2018,2951.00
8/2/2018,2986.00
8/1/2018,3004.00
7/31/2018,2962.00
7/30/2018,2975.00
7/27/2018,2958.00
7/26/2018,2982.00
7/25/2018,2973.00
7/24/2018,2.95
7/23/2018,2.96
7/20/2018,2895.00
7/19/2018,2838.00
7/18/2018,2875.00
7/17/2018,2.86
7/16/2018,2856.00
7/13/2018,2829.00
7/12/2018,2849.00
7/11/2018,2.84
7/10/2018,2867.00
7/9/2018,2858.00
7/6/2018,2824.00
7/5/2018,2833.00
7/4/2018,2842.00
7/3/2018,2833.00
7/2/2018,2871.00
6/29/2018,2.86
6/28/2018,2.84
6/27/2018,2827.00
6/26/2018,2877.00
6/25/2018,2882.00
6/22/2018,2895.00
6/21/2018,2899.00
6/20/2018,2937.00
6/19/2018,2897.00
6/18/2018,2917.00
6/15/2018,2922.00
6/14/2018,2935.00
6/13/2018,2974.00
6/12/2018,2964.00
6/11/2018,2952.00
6/8/2018,2948.00
6/7/2018,2922.00
6/6/2018,2974.00
6/5/2018,2926.00
6/4/2018,2944.00
6/1/2018,2902.00
5/31/2018,2.86
5/30/2018,2857.00
5/29/2018,2.79
5/28/2018,2898.00
5/25/2018,2931.00
5/24/2018,2977.00
5/23/2018,2993.00
5/22/2018,3063.00
5/21/2018,3058.00
5/18/2018,3.06
5/17/2018,3115.00
5/16/2018,3104.00
5/15/2018,3072.00
5/14/2018,3002.00
5/11/2018,2.97
5/10/2018,2964.00
5/9/2018,3006.00
5/8/2018,2972.00
5/7/2018,2952.00
5/4/2018,2951.00
5/3/2018,2948.00
5/2/2018,2976.00
5/1/2018,2968.00
4/30/2018,2955.00
4/27/2018,2959.00
4/26/2018,2983.00
4/25/2018,3032.00
4/24/2018,3.00
4/23/2018,2977.00
4/20/2018,2.96
4/19/2018,2914.00
4/18/2018,2875.00
4/17/2018,2.83
4/16/2018,2829.00
4/13/2018,2825.00
4/12/2018,2843.00
4/11/2018,2779.00
4/10/2018,2801.00
4/9/2018,2781.00
4/6/2018,2775.00
4/5/2018,2834.00
4/4/2018,2808.00
4/3/2018,2781.00
4/2/2018,2733.00
3/29/2018,2741.00
3/28/2018,2783.00
3/27/2018,2775.00
3/26/2018,2852.00
3/23/2018,2813.00
3/22/2018,2823.00
3/21/2018,2881.00
3/20/2018,2.90
3/19/2018,2855.00
3/16/2018,2845.00
3/15/2018,2826.00
3/14/2018,2819.00
3/13/2018,2844.00
3/12/2018,2866.00
3/9/2018,2896.00
3/8/2018,2857.00
3/7/2018,2881.00
3/6/2018,2886.00
3/5/2018,2883.00
3/2/2018,2868.00
3/1/2018,2811.00
2/28/2018,2864.00
2/27/2018,2901.00
2/26/2018,2864.00
2/23/2018,2866.00
2/22/2018,2919.00
2/21/2018,2952.00
2/20/2018,2891.00
2/19/2018,2889.00
2/16/2018,2873.00
2/15/2018,2906.00
2/14/2018,2913.00
2/13/2018,2833.00
2/12/2018,2859.00
2/9/2018,2857.00
2/8/2018,2828.00
2/7/2018,2834.00
2/6/2018,2805.00
2/5/2018,2709.00
2/2/2018,2841.00
2/1/2018,2782.00
1/31/2018,2713.00
1/30/2018,2724.00
1/29/2018,2699.00
1/26/2018,2.66
1/25/2018,2624.00
1/24/2018,2648.00
1/23/2018,2617.00
1/22/2018,2656.00
1/19/2018,2661.00
1/18/2018,2624.00
1/17/2018,2587.00
1/16/2018,2539.00
1/15/2018,2552.00
1/12/2018,2.55
1/11/2018,2537.00
1/10/2018,2559.00
1/9/2018,2551.00
1/8/2018,2.48
1/5/2018,2476.00
1/4/2018,2453.00
1/3/2018,2445.00
1/2/2018,2461.00
1/1/2018,2405.00
12/29/2017,2405.00
12/28/2017,2434.00
12/27/2017,2412.00
12/26/2017,2474.00
12/25/2017,2492.00
12/22/2017,2485.00
12/21/2017,2484.00
12/20/2017,2497.00
12/19/2017,2459.00
12/18/2017,2394.00
12/16/2017,2351.00
12/15/2017,2351.00
12/14/2017,2349.00
12/13/2017,2348.00
12/12/2017,2403.00
12/11/2017,2.39
12/8/2017,2378.00
12/7/2017,2362.00
12/6/2017,2.34
12/5/2017,2353.00
12/4/2017,2372.00
12/1/2017,2363.00
11/30/2017,2415.00
11/29/2017,2388.00
11/28/2017,2326.00
11/27/2017,2331.00
11/24/2017,2.34
11/23/2017,2326.00
11/22/2017,2.32
11/21/2017,2358.00
11/20/2017,2368.00
11/17/2017,2345.00
11/16/2017,2375.00
11/15/2017,2326.00
11/14/2017,2375.00
11/13/2017,2407.00
11/10/2017,2402.00
11/9/2017,2.34
11/8/2017,2334.00
11/7/2017,2316.00
11/6/2017,2318.00
11/3/2017,2332.00
11/2/2017,2349.00
11/1/2017,2372.00
10/31/2017,2378.00
10/30/2017,2.37
10/27/2017,2415.00
10/26/2017,2463.00
10/25/2017,2435.00
10/24/2017,2421.00
10/23/2017,2.37
10/20/2017,2383.00
10/19/2017,2318.00
10/18/2017,2345.00
10/17/2017,2302.00
10/16/2017,2305.00
10/13/2017,2275.00
10/12/2017,2321.00
10/11/2017,2353.00
10/10/2017,2355.00
10/9/2017,2361.00
10/6/2017,2361.00
10/5/2017,2348.00
10/4/2017,2323.00
10/3/2017,2325.00
10/2/2017,2341.00
9/29/2017,2339.00
9/28/2017,2309.00
9/27/2017,2.31
9/26/2017,2236.00
9/25/2017,2222.00
9/22/2017,2253.00
9/21/2017,2278.00
9/20/2017,2273.00
9/19/2017,2246.00
9/18/2017,2234.00
9/15/2017,2202.00
9/14/2017,2187.00
9/13/2017,2194.00
9/12/2017,2167.00
9/11/2017,2134.00
9/8/2017,2054.00
9/7/2017,2042.00
9/6/2017,2106.00
9/5/2017,2063.00
9/3/2017,2166.00
9/1/2017,2166.00
8/31/2017,2121.00
8/30/2017,2136.00
8/29/2017,2129.00
8/28/2017,2159.00
8/25/2017,2169.00
8/24/2017,2196.00
8/23/2017,2169.00
8/22/2017,2217.00
8/21/2017,2183.00
8/18/2017,2197.00
8/17/2017,2185.00
8/16/2017,2226.00
8/15/2017,2273.00
8/14/2017,2224.00
8/11/2017,2191.00
8/10/2017,2201.00
8/9/2017,2249.00
8/8/2017,2262.00
8/7/2017,2257.00
8/4/2017,2264.00
8/3/2017,2219.00
8/2/2017,2271.00
8/1/2017,2253.00
7/31/2017,2296.00
7/28/2017,2291.00
7/27/2017,2319.00
7/26/2017,2293.00
7/25/2017,2332.00
7/24/2017,2257.00
7/21/2017,2237.00
7/20/2017,2257.00
7/19/2017,2271.00
7/18/2017,2261.00
7/17/2017,2314.00
7/14/2017,2332.00
7/13/2017,2348.00
7/12/2017,2319.00
7/11/2017,2361.00
7/10/2017,2373.00
7/7/2017,2386.00
7/6/2017,2368.00
7/5/2017,2327.00
7/4/2017,2334.00
7/3/2017,2348.00
7/1/2017,2304.00
6/30/2017,2304.00
6/29/2017,2267.00
6/28/2017,2226.00
6/27/2017,2203.00
6/26/2017,2135.00
6/23/2017,2144.00
6/22/2017,2148.00
6/21/2017,2165.00
6/20/2017,2157.00
6/19/2017,2191.00
6/16/2017,2153.00
6/15/2017,2164.00
6/14/2017,2127.00
6/13/2017,2211.00
6/12/2017,2214.00
6/9/2017,2202.00
6/8/2017,2192.00
6/7/2017,2176.00
6/6/2017,2145.00
6/5/2017,2183.00
6/2/2017,2159.00
6/1/2017,2213.00
5/31/2017,2206.00
5/30/2017,2208.00
5/29/2017,2243.00
5/26/2017,2.25
5/25/2017,2255.00
5/24/2017,2252.00
5/23/2017,2282.00
5/22/2017,2252.00
5/19/2017,2235.00
5/18/2017,2228.00
5/17/2017,2223.00
5/16/2017,2326.00
5/15/2017,2343.00
5/12/2017,2326.00
5/11/2017,2393.00
5/10/2017,2411.00
5/9/2017,2398.00
5/8/2017,2389.00
5/5/2017,2351.00
5/4/2017,2352.00
5/3/2017,2322.00
5/2/2017,2287.00
5/1/2017,2322.00
4/28/2017,2289.00
4/27/2017,2.30
4/26/2017,2303.00
4/25/2017,2334.00
4/24/2017,2273.00
4/22/2017,2246.00
4/21/2017,2246.00
4/20/2017,2236.00
4/19/2017,2216.00
4/18/2017,2172.00
4/17/2017,2248.00
4/13/2017,2232.00
4/12/2017,2244.00
4/11/2017,2298.00
4/10/2017,2366.00
4/7/2017,2382.00
4/6/2017,2341.00
4/5/2017,2339.00
4/4/2017,2364.00
4/3/2017,2323.00
3/31/2017,2389.00
3/30/2017,2421.00
3/29/2017,2.38
3/28/2017,2.42
3/27/2017,2378.00
3/24/2017,2418.00
3/23/2017,2418.00
3/22/2017,2403.00
3/21/2017,2416.00
3/20/2017,2463.00
3/18/2017,2.50
3/17/2017,2.50
3/16/2017,2537.00
3/15/2017,2.50
3/14/2017,2602.00
3/13/2017,2626.00
3/10/2017,2575.00
3/9/2017,2609.00
3/8/2017,2.56
3/7/2017,2518.00
3/6/2017,2494.00
3/3/2017,2482.00
3/2/2017,2481.00
3/1/2017,2458.00
2/28/2017,2397.00
2/27/2017,2367.00
2/24/2017,2315.00
2/23/2017,2375.00
2/22/2017,2415.00
2/21/2017,2431.00
2/20/2017,2436.00
2/17/2017,2.42
2/16/2017,2447.00
2/15/2017,2497.00
2/14/2017,2472.00
2/13/2017,2436.00
2/10/2017,2409.00
2/9/2017,2397.00
2/8/2017,2.34
2/7/2017,2397.00
2/6/2017,2417.00
2/3/2017,2467.00
2/2/2017,2474.00
2/1/2017,2477.00
1/31/2017,2466.00
1/30/2017,2.49
1/27/2017,2486.00
1/26/2017,2512.00
1/25/2017,2515.00
1/24/2017,2465.00
1/23/2017,2401.00
1/20/2017,2467.00
1/19/2017,2.47
1/18/2017,2428.00
1/17/2017,2325.00
1/16/2017,2378.00
1/13/2017,2398.00
1/12/2017,2361.00
1/11/2017,2.37
1/10/2017,2378.00
1/9/2017,2368.00
1/6/2017,2421.00
1/5/2017,2348.00
1/4/2017,2441.00
1/3/2017,2448.00
1/2/2017,2446.00
12/30/2016,2446.00
12/29/2016,2477.00
12/28/2016,2512.00
12/27/2016,2561.00
12/26/2016,2543.00
12/23/2016,2543.00
12/22/2016,2553.00
12/21/2016,2538.00
12/20/2016,2.56
12/19/2016,2544.00
12/16/2016,2599.00
12/15/2016,2606.00
12/14/2016,2567.00
12/13/2016,2473.00
12/12/2016,2477.00
12/9/2016,2466.00
12/8/2016,2409.00
12/7/2016,2344.00
12/6/2016,2392.00
12/5/2016,2401.00
12/2/2016,2392.00
12/1/2016,2454.00
11/30/2016,2.39
11/29/2016,2293.00
11/28/2016,2312.00
11/25/2016,2359.00
11/24/2016,2382.00
11/23/2016,2355.00
11/22/2016,2314.00
11/21/2016,2314.00
11/18/2016,2348.00
11/17/2016,2297.00
11/16/2016,2214.00
11/15/2016,2.23
11/14/2016,2254.00
11/10/2016,2138.00
11/9/2016,2068.00
11/8/2016,1858.00
11/7/2016,1828.00
11/4/2016,1778.00
11/3/2016,1.81
11/2/2016,1801.00
11/1/2016,1827.00
10/31/2016,1826.00
10/28/2016,1849.00
10/27/2016,1.85
10/26/2016,1791.00
10/25/2016,1758.00
10/24/2016,1766.00
10/21/2016,1736.00
10/20/2016,1756.00
10/19/2016,1747.00
10/18/2016,1.74
10/17/2016,1768.00
10/15/2016,1805.00
10/14/2016,1805.00
10/13/2016,1746.00
10/12/2016,1771.00
10/11/2016,1767.00
10/10/2016,1765.00
10/7/2016,1723.00
10/6/2016,1739.00
10/5/2016,1706.00
10/4/2016,1.69
10/3/2016,1627.00
9/30/2016,1598.00
9/29/2016,1558.00
9/28/2016,1572.00
9/27/2016,1.56
9/26/2016,1584.00
9/24/2016,1.62
9/23/2016,1.62
9/22/2016,1618.00
9/21/2016,1655.00
9/20/2016,1693.00
9/19/2016,1707.00
9/17/2016,1694.00
9/16/2016,1694.00
9/15/2016,1698.00
9/14/2016,1698.00
9/13/2016,1729.00
9/12/2016,1666.00
9/9/2016,1675.00
9/8/2016,1601.00
9/7/2016,1536.00
9/6/2016,1536.00
9/5/2016,1609.00
9/2/2016,1607.00
9/1/2016,1568.00
8/31/2016,1578.00
8/30/2016,1.57
8/29/2016,1563.00
8/26/2016,1628.00
8/25/2016,1578.00
8/24/2016,1563.00
8/23/2016,1546.00
8/22/2016,1544.00
8/19/2016,1.58
8/18/2016,1534.00
8/17/2016,1549.00
8/16/2016,1575.00
8/15/2016,1558.00
8/13/2016,1.51
8/12/2016,1.51
8/11/2016,1561.00
8/10/2016,1513.00
8/9/2016,1549.00
8/8/2016,1592.00
8/6/2016,1.59
8/5/2016,1.59
8/4/2016,1503.00
8/3/2016,1545.00
8/2/2016,1554.00
8/1/2016,1.52
7/29/2016,1.45
7/28/2016,1508.00
7/27/2016,1503.00
7/26/2016,1563.00
7/25/2016,1575.00
7/22/2016,1566.00
7/21/2016,1556.00
7/20/2016,1.58
7/19/2016,1558.00
7/18/2016,1582.00
7/15/2016,1558.00
7/14/2016,1537.00
7/13/2016,1473.00
7/12/2016,1507.00
7/11/2016,1.43
7/8/2016,1358.00
7/7/2016,1385.00
7/6/2016,1373.00
7/5/2016,1375.00
7/4/2016,1441.00
7/1/2016,1456.00
6/30/2016,1475.00
6/29/2016,1517.00
6/28/2016,1465.00
6/27/2016,1444.00
6/24/2016,1562.00
6/23/2016,1744.00
6/22/2016,1687.00
6/21/2016,1709.00
6/20/2016,1678.00
6/17/2016,1611.00
6/16/2016,1579.00
6/15/2016,1575.00
6/14/2016,1613.00
6/13/2016,1613.00
6/10/2016,1644.00
6/9/2016,1682.00
6/8/2016,1704.00
6/7/2016,1716.00
6/6/2016,1737.00
6/3/2016,1702.00
6/2/2016,1799.00
6/1/2016,1839.00
5/31/2016,1851.00
5/30/2016,1862.00
5/27/2016,1851.00
5/26/2016,1.83
5/25/2016,1872.00
5/24/2016,1865.00
5/23/2016,1835.00
5/20/2016,1844.00
5/19/2016,1847.00
5/18/2016,1859.00
5/17/2016,1772.00
5/16/2016,1757.00
5/13/2016,1702.00
5/12/2016,1748.00
5/11/2016,1735.00
5/10/2016,1754.00
5/9/2016,1751.00
5/6/2016,1779.00
5/5/2016,1742.00
5/4/2016,1777.00
5/3/2016,1796.00
5/2/2016,1872.00
4/29/2016,1835.00
4/28/2016,1824.00
4/27/2016,1852.00
4/26/2016,1931.00
4/25/2016,1914.00
4/22/2016,1891.00
4/21/2016,1865.00
4/20/2016,1845.00
4/19/2016,1787.00
4/18/2016,1771.00
4/15/2016,1753.00
4/14/2016,1792.00
4/13/2016,1766.00
4/12/2016,1776.00
4/11/2016,1722.00
4/8/2016,1717.00
4/7/2016,1687.00
4/6/2016,1758.00
4/5/2016,1.72
4/4/2016,1762.00
4/1/2016,1774.00
3/31/2016,1.77
3/30/2016,1828.00
3/29/2016,1804.00
3/28/2016,1883.00
3/24/2016,1.90
3/23/2016,1879.00
3/22/2016,1944.00
3/21/2016,1917.00
3/18/2016,1877.00
3/17/2016,1898.00
3/16/2016,1913.00
3/15/2016,1968.00
3/14/2016,1961.00
3/11/2016,1.98
3/10/2016,1936.00
3/9/2016,1.88
3/8/2016,1831.00
3/7/2016,1904.00
3/4/2016,1876.00
3/3/2016,1835.00
3/2/2016,1835.00
3/1/2016,1827.00
2/29/2016,1738.00
2/26/2016,1764.00
2/25/2016,1714.00
2/24/2016,1752.00
2/23/2016,1716.00
2/22/2016,1755.00
2/19/2016,1743.00
2/18/2016,1741.00
2/17/2016,1816.00
2/16/2016,1779.00
2/15/2016,1772.00
2/12/2016,1746.00
2/11/2016,1664.00
2/10/2016,1673.00
2/9/2016,1731.00
2/8/2016,1748.00
2/5/2016,1843.00
2/4/2016,1846.00
2/3/2016,1883.00
2/2/2016,1852.00
2/1/2016,1.95
1/29/2016,1923.00
1/28/2016,1982.00
1/27/2016,2003.00
1/26/2016,2003.00
1/25/2016,2006.00
1/22/2016,2057.00
1/21/2016,2028.00
1/20/2016,1988.00
1/19/2016,2056.00
1/18/2016,2045.00
1/15/2016,2037.00
1/14/2016,2091.00
1/13/2016,2091.00
1/12/2016,2105.00
1/11/2016,2175.00
1/8/2016,2116.00
1/7/2016,2149.00
1/6/2016,2.17
1/5/2016,2239.00
1/4/2016,2243.00
12/31/2015,2269.00
12/30/2015,2294.00
12/29/2015,2308.00
12/28/2015,2232.00
12/24/2015,2245.00
12/23/2015,2259.00
12/22/2015,2237.00
12/21/2015,2195.00
12/18/2015,2204.00
12/17/2015,2225.00
12/16/2015,2298.00
12/15/2015,2268.00
12/14/2015,2225.00
12/11/2015,2132.00
12/10/2015,2234.00
12/9/2015,2211.00
12/8/2015,2222.00
12/7/2015,2236.00
12/4/2015,2273.00
12/3/2015,2321.00
12/2/2015,2178.00
12/1/2015,2145.00
11/30/2015,2208.00
11/27/2015,2222.00
11/26/2015,2224.00
11/25/2015,2234.00
11/24/2015,2239.00
11/23/2015,2243.00
11/20/2015,2264.00
11/19/2015,2247.00
11/18/2015,2273.00
11/17/2015,2268.00
11/16/2015,2271.00
11/13/2015,2275.00
11/12/2015,2315.00
11/11/2015,2331.00
11/10/2015,2336.00
11/9/2015,2349.00
11/6/2015,2325.00
11/5/2015,2236.00
11/4/2015,2227.00
11/3/2015,2218.00
11/2/2015,2176.00
10/30/2015,2146.00
10/29/2015,2172.00
10/28/2015,2101.00
10/27/2015,2037.00
10/26/2015,2058.00
10/23/2015,2087.00
10/22/2015,2028.00
10/21/2015,2028.00
10/20/2015,2069.00
10/19/2015,2023.00
10/16/2015,2035.00
10/15/2015,2019.00
10/14/2015,1975.00
10/13/2015,2042.00
10/12/2015,2.07
10/9/2015,2.09
10/8/2015,2102.00
10/7/2015,2065.00
10/6/2015,2035.00
10/5/2015,2058.00
10/3/2015,1991.00
10/2/2015,1991.00
10/1/2015,2042.00
9/30/2015,2035.00
9/29/2015,2.06
9/28/2015,2098.00
9/25/2015,2166.00
9/24/2015,2128.00
9/23/2015,2151.00
9/22/2015,2132.00
9/21/2015,2199.00
9/18/2015,2134.00
9/17/2015,2192.00
9/16/2015,2296.00
9/15/2015,2292.00
9/14/2015,2183.00
9/11/2015,2187.00
9/10/2015,2227.00
9/9/2015,2195.00
9/8/2015,2186.00
9/7/2015,2151.00
9/4/2015,2131.00
9/3/2015,2163.00
9/2/2015,2188.00
9/1/2015,2159.00
8/31/2015,2214.00
8/28/2015,2184.00
8/27/2015,2191.00
8/26/2015,2.18
8/25/2015,2078.00
8/24/2015,2012.00
8/21/2015,2045.00
8/20/2015,2073.00
8/19/2015,2129.00
8/18/2015,2192.00
8/17/2015,2.17
8/14/2015,2201.00
8/13/2015,2189.00
8/12/2015,2148.00
8/11/2015,2143.00
8/10/2015,2232.00
8/7/2015,2166.00
8/6/2015,2227.00
8/5/2015,2.27
8/4/2015,2223.00
8/3/2015,2.15
7/31/2015,2187.00
7/30/2015,2257.00
7/29/2015,2289.00
7/28/2015,2.25
7/27/2015,2216.00
7/24/2015,2262.00
7/23/2015,2269.00
7/22/2015,2327.00
7/21/2015,2331.00
7/20/2015,2.38
7/18/2015,2347.00
7/17/2015,2347.00
7/16/2015,2356.00
7/15/2015,2356.00
7/14/2015,2397.00
7/13/2015,2446.00
7/10/2015,2401.00
7/9/2015,2317.00
7/8/2015,2197.00
7/7/2015,2255.00
7/6/2015,2.29
7/2/2015,2386.00
7/1/2015,2427.00
6/30/2015,2349.00
6/29/2015,2328.00
6/26/2015,2474.00
6/25/2015,2412.00
6/24/2015,2373.00
6/23/2015,2414.00
6/22/2015,2374.00
6/19/2015,2261.00
6/18/2015,2334.00
6/17/2015,2.32
6/16/2015,2309.00
6/15/2015,2.36
6/12/2015,2.39
6/11/2015,2381.00
6/10/2015,2486.00
6/9/2015,2442.00
6/8/2015,2382.00
6/5/2015,2409.00
6/4/2015,2309.00
6/3/2015,2361.00
6/2/2015,2266.00
6/1/2015,2183.00
5/30/2015,2123.00
5/29/2015,2123.00
5/28/2015,2135.00
5/27/2015,2.13
5/26/2015,2142.00
5/25/2015,2204.00
5/22/2015,2215.00
5/21/2015,2195.00
5/20/2015,2257.00
5/19/2015,2.29
5/18/2015,2234.00
5/15/2015,2148.00
5/14/2015,2235.00
5/13/2015,2295.00
5/12/2015,2247.00
5/11/2015,2287.00
5/8/2015,2142.00
5/7/2015,2178.00
5/6/2015,2252.00
5/5/2015,2182.00
5/4/2015,2146.00
5/1/2015,2112.00
4/30/2015,2035.00
4/29/2015,2046.00
4/28/2015,2003.00
4/27/2015,1926.00
4/24/2015,1914.00
4/23/2015,1954.00
4/22/2015,1982.00
4/21/2015,1911.00
4/20/2015,1886.00
4/17/2015,1865.00
4/16/2015,1895.00
4/15/2015,1.89
4/14/2015,1.90
4/13/2015,1.93
4/10/2015,1949.00
4/9/2015,1963.00
4/8/2015,1906.00
4/7/2015,1887.00
4/6/2015,1899.00
4/3/2015,1842.00
4/2/2015,1913.00
4/1/2015,1859.00
3/31/2015,1927.00
3/30/2015,1953.00
3/27/2015,1.96
3/26/2015,1996.00
3/25/2015,1927.00
3/24/2015,1873.00
3/23/2015,1909.00
3/20/2015,1932.00
3/19/2015,1.97
3/18/2015,1918.00
3/17/2015,2052.00
3/16/2015,2074.00
3/13/2015,2118.00
3/12/2015,2.11
3/11/2015,2109.00
3/10/2015,2121.00
3/9/2015,2192.00
3/6/2015,2247.00
3/5/2015,2117.00
3/4/2015,2119.00
3/3/2015,2122.00
3/2/2015,2089.00
2/27/2015,1996.00
2/26/2015,2031.00
2/25/2015,1972.00
2/24/2015,1972.00
2/23/2015,2061.00
2/20/2015,2115.00
2/19/2015,2122.00
2/18/2015,2085.00
2/17/2015,2145.00
2/16/2015,2019.00
2/13/2015,2047.00
2/12/2015,1988.00
2/11/2015,2021.00
2/10/2015,2004.00
2/9/2015,1978.00
2/6/2015,1958.00
2/5/2015,1817.00
2/4/2015,1747.00
2/3/2015,1798.00
2/2/2015,1674.00
1/30/2015,1639.00
1/29/2015,1756.00
1/28/2015,1719.00
1/27/2015,1828.00
1/26/2015,1828.00
1/23/2015,1789.00
1/22/2015,1872.00
1/21/2015,1875.00
1/20/2015,1791.00
1/19/2015,1.80
1/16/2015,1831.00
1/15/2015,1728.00
1/14/2015,1855.00
1/13/2015,1905.00
1/12/2015,1909.00
1/9/2015,1.95
1/8/2015,2018.00
1/7/2015,1969.00
1/6/2015,1938.00
1/5/2015,2034.00
1/2/2015,2114.00
1/1/2015,2.17
12/31/2014,2.17
12/30/2014,2192.00
12/29/2014,2204.00
12/26/2014,2252.00
12/25/2014,2255.00
12/24/2014,2264.00
12/23/2014,2269.00
12/22/2014,2156.00
12/19/2014,2.16
12/18/2014,2208.00
12/17/2014,2136.00
12/16/2014,2061.00
12/15/2014,2115.00
12/12/2014,2083.00
12/11/2014,2169.00
12/10/2014,2173.00
12/9/2014,2213.00
12/8/2014,2259.00
12/5/2014,2307.00
12/4/2014,2236.00
12/3/2014,2282.00
12/2/2014,2294.00
12/1/2014,2236.00
11/28/2014,2173.00
11/27/2014,2215.00
11/26/2014,2245.00
11/25/2014,2259.00
11/24/2014,2305.00
11/21/2014,2312.00
11/20/2014,2338.00
11/19/2014,2358.00
11/18/2014,2317.00
11/17/2014,2.34
11/14/2014,2319.00
11/13/2014,2345.00
11/12/2014,2373.00
11/11/2014,2371.00
11/10/2014,2.36
11/7/2014,2301.00
11/6/2014,2382.00
11/5/2014,2346.00
11/4/2014,2335.00
11/3/2014,2346.00
10/31/2014,2335.00
10/30/2014,2308.00
10/29/2014,2321.00
10/28/2014,2.30
10/27/2014,2259.00
10/24/2014,2266.00
10/23/2014,2277.00
10/22/2014,2.22
10/21/2014,2227.00
10/20/2014,2193.00
10/17/2014,2199.00
10/16/2014,2151.00
10/15/2014,2129.00
10/14/2014,2197.00
10/13/2014,2238.00
10/10/2014,2286.00
10/9/2014,2327.00
10/8/2014,2318.00
10/7/2014,2341.00
10/6/2014,2.42
10/3/2014,2436.00
10/2/2014,2436.00
10/1/2014,2389.00
9/30/2014,2495.00
9/29/2014,2479.00
9/27/2014,2528.00
9/26/2014,2528.00
9/25/2014,2504.00
9/24/2014,2566.00
9/23/2014,2527.00
9/22/2014,2566.00
9/19/2014,2578.00
9/18/2014,2618.00
9/17/2014,2622.00
9/16/2014,2594.00
9/15/2014,2591.00
9/13/2014,2609.00
9/12/2014,2609.00
9/11/2014,2.55
9/10/2014,2543.00
9/9/2014,2502.00
9/8/2014,2471.00
9/5/2014,2459.00
9/4/2014,2453.00
9/3/2014,2398.00
9/2/2014,2423.00
9/1/2014,2359.00
8/29/2014,2345.00
8/28/2014,2338.00
8/27/2014,2361.00
8/26/2014,2398.00
8/25/2014,2384.00
8/22/2014,2403.00
8/21/2014,2409.00
8/20/2014,2428.00
8/19/2014,2403.00
8/18/2014,2394.00
8/15/2014,2341.00
8/14/2014,2403.00
8/13/2014,2.42
8/12/2014,2449.00
8/11/2014,2429.00
8/8/2014,2422.00
8/7/2014,2409.00
8/6/2014,2469.00
8/5/2014,2489.00
8/4/2014,2485.00
8/2/2014,2494.00
8/1/2014,2494.00
7/31/2014,2562.00
7/30/2014,2.56
7/29/2014,2462.00
7/28/2014,2487.00
7/25/2014,2467.00
7/24/2014,2502.00
7/23/2014,2469.00
7/22/2014,2466.00
7/21/2014,2469.00
7/18/2014,2482.00
7/17/2014,2442.00
7/16/2014,2.53
7/15/2014,2552.00
7/14/2014,2547.00
7/12/2014,2516.00
7/11/2014,2516.00
7/10/2014,2538.00
7/9/2014,2556.00
7/8/2014,2559.00
7/7/2014,2614.00
7/3/2014,2641.00
7/2/2014,2628.00
7/1/2014,2567.00
6/30/2014,2532.00
6/27/2014,2536.00
6/26/2014,2532.00
6/25/2014,2561.00
6/24/2014,2577.00
6/23/2014,2626.00
6/20/2014,2608.00
6/19/2014,2621.00
6/18/2014,2.59
6/17/2014,2653.00
6/16/2014,2597.00
6/13/2014,2608.00
6/12/2014,2597.00
6/11/2014,2.64
6/10/2014,2.64
6/9/2014,2608.00
6/6/2014,2597.00
6/5/2014,2584.00
6/4/2014,2606.00
6/3/2014,2599.00
6/2/2014,2527.00
5/30/2014,2475.00
5/29/2014,2.47
5/28/2014,2445.00
5/27/2014,2518.00
5/26/2014,2541.00
5/23/2014,2536.00
5/22/2014,2554.00
5/21/2014,2534.00
5/20/2014,2514.00
5/19/2014,2545.00
5/16/2014,2523.00
5/15/2014,2496.00
5/14/2014,2548.00
5/13/2014,2611.00
5/12/2014,2661.00
5/9/2014,2623.00
5/8/2014,2611.00
5/7/2014,2.59
5/6/2014,2593.00
5/5/2014,2606.00
5/2/2014,2586.00
5/1/2014,2613.00
4/30/2014,2646.00
4/29/2014,2697.00
4/28/2014,2708.00
4/25/2014,2666.00
4/24/2014,2682.00
4/23/2014,2693.00
4/22/2014,2711.00
4/21/2014,2715.00
4/17/2014,2721.00
4/16/2014,2635.00
4/15/2014,2.63
4/14/2014,2.65
4/11/2014,2628.00
4/10/2014,2647.00
4/9/2014,2693.00
4/8/2014,2683.00
4/7/2014,2701.00
4/4/2014,2726.00
4/3/2014,2801.00
4/2/2014,2806.00
4/1/2014,2755.00
3/31/2014,2719.00
3/28/2014,2723.00
3/27/2014,2683.00
3/26/2014,2694.00
3/25/2014,2.75
3/24/2014,2.73
3/21/2014,2746.00
3/20/2014,2773.00
3/19/2014,2773.00
3/18/2014,2674.00
3/17/2014,2694.00
3/14/2014,2656.00
3/13/2014,2645.00
3/12/2014,2732.00
3/11/2014,2.77
3/10/2014,2779.00
3/7/2014,2.79
3/6/2014,2739.00
3/5/2014,2708.00
3/4/2014,2701.00
3/3/2014,2603.00
2/28/2014,2649.00
2/27/2014,2639.00
2/26/2014,2666.00
2/25/2014,2703.00
2/24/2014,2741.00
2/21/2014,2732.00
2/20/2014,2752.00
2/19/2014,2739.00
2/18/2014,2709.00
2/17/2014,2748.00
2/14/2014,2745.00
2/13/2014,2734.00
2/12/2014,2763.00
2/11/2014,2726.00
2/10/2014,2669.00
2/7/2014,2684.00
2/6/2014,2702.00
2/5/2014,2669.00
2/4/2014,2631.00
2/3/2014,2577.00
1/31/2014,2644.00
1/30/2014,2697.00
1/29/2014,2679.00
1/28/2014,2752.00
1/27/2014,2.75
1/24/2014,2719.00
1/23/2014,2779.00
1/22/2014,2867.00
1/21/2014,2832.00
1/20/2014,2829.00
1/17/2014,2821.00
1/16/2014,2841.00
1/15/2014,2893.00
1/14/2014,2873.00
1/13/2014,2829.00
1/10/2014,2.86
1/9/2014,2969.00
1/8/2014,2991.00
1/7/2014,2941.00
1/6/2014,2958.00
1/3/2014,2998.00
1/2/2014,2991.00
1/1/2014,3026.00
12/31/2013,3026.00
12/30/2013,2972.00
12/27/2013,3002.00
12/26/2013,2992.00
12/25/2013,3.00
12/24/2013,2981.00
12/23/2013,2931.00
12/20/2013,2.89
12/19/2013,2929.00
12/18/2013,2896.00
12/17/2013,2837.00
12/16/2013,2879.00
12/13/2013,2866.00
12/12/2013,2879.00
12/11/2013,2855.00
12/10/2013,2803.00
12/9/2013,2841.00
12/6/2013,2857.00
12/5/2013,2873.00
12/4/2013,2837.00
12/3/2013,2784.00
12/2/2013,2797.00
11/29/2013,2746.00
11/28/2013,2748.00
11/27/2013,2739.00
11/26/2013,2.71
11/25/2013,2.73
11/22/2013,2744.00
11/21/2013,2788.00
11/20/2013,2804.00
11/19/2013,2712.00
11/18/2013,2666.00
11/15/2013,2703.00
11/14/2013,2693.00
11/13/2013,2716.00
11/12/2013,2774.00
11/11/2013,2768.00
11/8/2013,2751.00
11/7/2013,2602.00
11/6/2013,2644.00
11/5/2013,2.67
11/4/2013,2603.00
11/1/2013,2.62
10/31/2013,2552.00
10/30/2013,2538.00
10/29/2013,2503.00
10/28/2013,2523.00
10/25/2013,2511.00
10/24/2013,2.52
10/23/2013,2498.00
10/22/2013,2511.00
10/21/2013,2601.00
10/18/2013,2583.00
10/17/2013,2592.00
10/16/2013,2667.00
10/15/2013,2728.00
10/14/2013,2.74
10/11/2013,2691.00
10/10/2013,2683.00
10/9/2013,2661.00
10/8/2013,2638.00
10/7/2013,2.63
10/4/2013,2645.00
10/3/2013,2605.00
10/2/2013,2619.00
10/1/2013,2.65
9/30/2013,2615.00
9/27/2013,2628.00
9/26/2013,2648.00
9/25/2013,2626.00
9/24/2013,2655.00
9/23/2013,2701.00
9/20/2013,2736.00
9/19/2013,2752.00
9/18/2013,2692.00
9/17/2013,2849.00
9/16/2013,2862.00
9/13/2013,2.89
9/12/2013,2905.00
9/11/2013,2912.00
9/10/2013,2966.00
9/9/2013,2914.00
9/7/2013,2934.00
9/6/2013,2934.00
9/5/2013,2996.00
9/4/2013,2897.00
9/3/2013,2863.00
9/2/2013,2835.00
8/30/2013,2789.00
8/29/2013,2762.00
8/28/2013,2765.00
8/27/2013,2709.00
8/26/2013,2787.00
8/23/2013,2818.00
8/22/2013,2892.00
8/21/2013,2892.00
8/20/2013,2818.00
8/19/2013,2882.00
8/16/2013,2825.00
8/15/2013,2764.00
8/14/2013,2712.00
8/13/2013,2721.00
8/12/2013,2622.00
8/10/2013,2.58
8/9/2013,2.58
8/8/2013,2587.00
8/7/2013,2599.00
8/6/2013,2642.00
8/5/2013,2.64
8/3/2013,2598.00
8/2/2013,2598.00
8/1/2013,2708.00
7/31/2013,2588.00
7/30/2013,2606.00
7/29/2013,2599.00
7/27/2013,2564.00
7/26/2013,2564.00
7/25/2013,2577.00
7/24/2013,2584.00
7/23/2013,2507.00
7/22/2013,2484.00
7/20/2013,2482.00
7/19/2013,2482.00
7/18/2013,2534.00
7/17/2013,2491.00
7/16/2013,2532.00
7/15/2013,2543.00
7/13/2013,2592.00
7/12/2013,2592.00
7/11/2013,2572.00
7/10/2013,2674.00
7/9/2013,2.64
7/8/2013,2638.00
7/6/2013,2736.00
7/5/2013,2736.00
7/4/2013,2503.00
7/3/2013,2503.00
7/2/2013,2471.00
7/1/2013,2477.00
6/29/2013,2487.00
6/28/2013,2487.00
6/27/2013,2474.00
6/26/2013,2541.00
6/25/2013,2612.00
6/24/2013,2544.00
6/22/2013,2542.00
6/21/2013,2542.00
6/20/2013,2421.00
6/19/2013,2354.00
6/18/2013,2185.00
6/17/2013,2178.00
6/15/2013,2129.00
6/14/2013,2.13
6/13/2013,2149.00
6/12/2013,2228.00
6/11/2013,2.19
6/10/2013,2213.00
6/8/2013,2179.00
6/7/2013,2179.00
6/6/2013,2079.00
6/5/2013,2091.00
6/4/2013,2.15
6/3/2013,2128.00
6/1/2013,2132.00
5/31/2013,2132.00
5/30/2013,2119.00
5/29/2013,2119.00
5/28/2013,2167.00
5/25/2013,2011.00
5/24/2013,2011.00
5/23/2013,2016.00
5/22/2013,2037.00
5/21/2013,1.93
5/20/2013,1965.00
5/18/2013,1954.00
5/17/2013,1954.00
5/16/2013,1879.00
5/15/2013,1.94
5/14/2013,1982.00
5/13/2013,1917.00
5/11/2013,1.90
5/10/2013,1.90
5/9/2013,1813.00
5/8/2013,1767.00
5/7/2013,1.78
5/6/2013,1764.00
5/3/2013,1.74
5/2/2013,1624.00
5/1/2013,1632.00
4/30/2013,1673.00
4/29/2013,1667.00
4/26/2013,1665.00
4/25/2013,1.71
4/24/2013,1703.00
4/23/2013,1706.00
4/22/2013,1695.00
4/19/2013,1705.00
4/18/2013,1686.00
4/17/2013,1698.00
4/16/2013,1722.00
4/15/2013,1688.00
4/12/2013,1721.00
4/11/2013,1791.00
4/10/2013,1805.00
4/9/2013,1752.00
4/8/2013,1745.00
4/5/2013,1714.00
4/4/2013,1766.00
4/3/2013,1816.00
4/2/2013,1862.00
4/1/2013,1835.00
3/28/2013,1852.00
3/27/2013,1845.00
3/26/2013,1911.00
3/25/2013,1.92
3/22/2013,1927.00
3/21/2013,1915.00
3/20/2013,1958.00
3/19/2013,1904.00
3/18/2013,1955.00
3/15/2013,1991.00
3/14/2013,2037.00
3/13/2013,2023.00
3/12/2013,2019.00
3/11/2013,2061.00
3/8/2013,2049.00
3/7/2013,1995.00
3/6/2013,1939.00
3/5/2013,1898.00
3/4/2013,1879.00
3/1/2013,1845.00
2/28/2013,1881.00
2/27/2013,1.90
2/26/2013,1886.00
2/25/2013,1865.00
2/22/2013,1962.00
2/21/2013,1974.00
2/20/2013,2.01
2/19/2013,2028.00
2/15/2013,2005.00
2/14/2013,1998.00
2/13/2013,2028.00
2/12/2013,1979.00
2/11/2013,1964.00
2/8/2013,1.95
2/7/2013,1959.00
2/6/2013,1964.00
2/5/2013,2005.00
2/4/2013,1957.00
2/1/2013,2025.00
1/31/2013,1985.00
1/30/2013,1992.00
1/29/2013,1999.00
1/28/2013,1965.00
1/25/2013,1949.00
1/24/2013,1852.00
1/23/2013,1828.00
1/22/2013,1843.00
1/18/2013,1.84
1/17/2013,1884.00
1/16/2013,1819.00
1/15/2013,1836.00
1/14/2013,1848.00
1/11/2013,1866.00
1/10/2013,1899.00
1/9/2013,1.86
1/8/2013,1864.00
1/7/2013,1901.00
1/4/2013,1903.00
1/3/2013,1911.00
1/2/2013,1835.00
12/31/2012,1756.00
12/28/2012,1701.00
12/27/2012,1734.00
12/26/2012,1749.00
12/24/2012,1776.00
12/21/2012,1.77
12/20/2012,1.80
12/19/2012,1807.00
12/18/2012,1821.00
12/17/2012,1773.00
12/14/2012,1704.00
12/13/2012,1732.00
12/12/2012,1702.00
12/11/2012,1656.00
12/10/2012,1618.00
12/7/2012,1623.00
12/6/2012,1586.00
12/5/2012,1591.00
12/4/2012,1605.00
12/3/2012,1622.00
11/30/2012,1616.00
11/29/2012,1.62
11/28/2012,1633.00
11/27/2012,1639.00
11/26/2012,1666.00
11/23/2012,1693.00
11/21/2012,1.68
11/20/2012,1668.00
11/19/2012,1613.00
11/16/2012,1584.00
11/15/2012,1595.00
11/14/2012,1589.00
11/13/2012,1595.00
11/9/2012,1613.00
11/8/2012,1618.00
11/7/2012,1644.00
11/6/2012,1751.00
11/5/2012,1679.00
11/2/2012,1717.00
11/1/2012,1.73
10/31/2012,1694.00
10/29/2012,1721.00
10/26/2012,1749.00
10/25/2012,1812.00
10/24/2012,1794.00
10/23/2012,1761.00
10/22/2012,1815.00
10/19/2012,1766.00
10/18/2012,1831.00
10/17/2012,1822.00
10/16/2012,1722.00
10/15/2012,1668.00
10/12/2012,1656.00
10/11/2012,1668.00
10/10/2012,1.68
10/9/2012,1713.00
10/5/2012,1732.00
10/4/2012,1673.00
10/3/2012,1616.00
10/2/2012,1.62
10/1/2012,1618.00
9/28/2012,1633.00
9/27/2012,1656.00
9/26/2012,1609.00
9/25/2012,1671.00
9/24/2012,1715.00
9/21/2012,1754.00
9/20/2012,1765.00
9/19/2012,1774.00
9/18/2012,1812.00
9/17/2012,1843.00
9/14/2012,1869.00
9/13/2012,1721.00
9/12/2012,1758.00
9/11/2012,1.70
9/10/2012,1654.00
9/7/2012,1668.00
9/6/2012,1676.00
9/5/2012,1596.00
9/4/2012,1574.00
8/31/2012,1548.00
8/30/2012,1628.00
8/29/2012,1652.00
8/28/2012,1637.00
8/27/2012,1652.00
8/24/2012,1687.00
8/23/2012,1675.00
8/22/2012,1695.00
8/21/2012,1802.00
8/20/2012,1.81
8/17/2012,1814.00
8/16/2012,1835.00
8/15/2012,1817.00
8/14/2012,1733.00
8/13/2012,1666.00
8/10/2012,1659.00
8/9/2012,1695.00
8/8/2012,1651.00
8/7/2012,1628.00
8/6/2012,1565.00
8/3/2012,1568.00
8/2/2012,1478.00
8/1/2012,1524.00
7/31/2012,1.47
7/30/2012,1.50
7/27/2012,1545.00
7/26/2012,1438.00
7/25/2012,1397.00
7/24/2012,1391.00
7/23/2012,1438.00
7/20/2012,1458.00
7/19/2012,1511.00
7/18/2012,1494.00
7/17/2012,1508.00
7/16/2012,1471.00
7/13/2012,1491.00
7/12/2012,1478.00
7/11/2012,1515.00
7/10/2012,1502.00
7/9/2012,1513.00
7/6/2012,1549.00
7/5/2012,1599.00
7/3/2012,1628.00
7/2/2012,1587.00
6/29/2012,1643.00
6/28/2012,1584.00
6/27/2012,1621.00
6/26/2012,1628.00
6/25/2012,1604.00
6/22/2012,1676.00
6/21/2012,1.62
6/20/2012,1.65
6/19/2012,1.62
6/18/2012,1574.00
6/15/2012,1586.00
6/14/2012,1642.00
6/13/2012,1599.00
6/12/2012,1664.00
6/11/2012,1586.00
6/8/2012,1632.00
6/7/2012,1644.00
6/6/2012,1661.00
6/5/2012,1573.00
6/4/2012,1524.00
6/1/2012,1459.00
5/31/2012,1563.00
5/30/2012,1619.00
5/29/2012,1748.00
5/28/2012,1745.00
5/25/2012,1746.00
5/24/2012,1783.00
5/23/2012,1733.00
5/22/2012,1777.00
5/21/2012,1743.00
5/18/2012,1723.00
5/17/2012,1.69
5/16/2012,1759.00
5/15/2012,1.77
5/14/2012,1769.00
5/11/2012,1841.00
5/10/2012,1874.00
5/9/2012,1826.00
5/8/2012,1842.00
5/7/2012,1873.00
5/4/2012,1879.00
5/3/2012,1933.00
5/2/2012,1928.00
5/1/2012,1945.00
4/30/2012,1919.00
4/27/2012,1937.00
4/26/2012,1947.00
4/25/2012,1988.00
4/24/2012,1974.00
4/23/2012,1.94
4/20/2012,1959.00
4/19/2012,1968.00
4/18/2012,1975.00
4/17/2012,1996.00
4/16/2012,1982.00
4/13/2012,1989.00
4/12/2012,2056.00
4/11/2012,2037.00
4/10/2012,1986.00
4/9/2012,2047.00
4/6/2012,2047.00
4/5/2012,2.18
4/4/2012,2223.00
4/3/2012,2293.00
4/2/2012,2.18
3/30/2012,2214.00
3/29/2012,2159.00
3/28/2012,2201.00
3/27/2012,2187.00
3/26/2012,2253.00
3/23/2012,2233.00
3/22/2012,2282.00
3/21/2012,2296.00
3/20/2012,2363.00
3/19/2012,2375.00
3/16/2012,2298.00
3/15/2012,2279.00
3/14/2012,2274.00
3/13/2012,2126.00
3/12/2012,2037.00
3/9/2012,2.03
3/8/2012,2016.00
3/7/2012,1972.00
3/6/2012,1.95
3/5/2012,2007.00
3/2/2012,1979.00
3/1/2012,2.03
2/29/2012,1974.00
2/28/2012,1941.00
2/27/2012,1925.00
2/24/2012,1977.00
2/23/2012,1996.00
2/22/2012,2002.00
2/21/2012,2061.00
2/20/2012,2038.00
2/17/2012,2.00
2/16/2012,1984.00
2/15/2012,1933.00
2/14/2012,1938.00
2/13/2012,1978.00
2/10/2012,1984.00
2/9/2012,2036.00
2/8/2012,1982.00
2/7/2012,1977.00
2/6/2012,1901.00
2/3/2012,1924.00
2/2/2012,1823.00
2/1/2012,1.83
1/31/2012,1795.00
1/30/2012,1846.00
1/27/2012,1891.00
1/26/2012,1.94
1/25/2012,2002.00
1/24/2012,2063.00
1/23/2012,2058.00
1/20/2012,2025.00
1/19/2012,1982.00
1/18/2012,1898.00
1/17/2012,1858.00
1/16/2012,1.86
1/13/2012,1871.00
1/12/2012,1926.00
1/11/2012,1905.00
1/10/2012,1963.00
1/9/2012,1956.00
1/6/2012,1958.00
1/5/2012,1996.00
1/4/2012,1984.00
1/3/2012,1956.00
1/2/2012,1873.00
12/30/2011,1876.00
12/29/2011,1899.00
12/28/2011,1921.00
12/27/2011,2002.00
12/26/2011,2026.00
12/23/2011,2021.00
12/22/2011,1953.00
12/21/2011,1.97
12/20/2011,1927.00
12/19/2011,1.81
12/16/2011,1851.00
12/15/2011,1911.00
12/14/2011,1904.00
12/13/2011,1963.00
12/12/2011,2017.00
12/9/2011,2063.00
12/8/2011,1.97
12/7/2011,2033.00
12/6/2011,2086.00
12/5/2011,2033.00
12/2/2011,2033.00
12/1/2011,2086.00
11/30/2011,2071.00
11/29/2011,1988.00
11/28/2011,1.97
11/25/2011,1965.00
11/24/2011,1894.00
11/23/2011,1888.00
11/22/2011,1922.00
11/21/2011,1965.00
11/18/2011,2005.00
11/17/2011,1965.00
11/16/2011,2.00
11/15/2011,2049.00
11/14/2011,2045.00
11/11/2011,2057.00
11/10/2011,2057.00
11/9/2011,1966.00
11/8/2011,2079.00
11/7/2011,2.02
11/4/2011,2038.00
11/3/2011,2073.00
11/2/2011,1989.00
11/1/2011,1991.00
10/31/2011,2116.00
10/28/2011,2324.00
10/27/2011,2385.00
10/26/2011,2207.00
10/25/2011,2114.00
10/24/2011,2234.00
10/21/2011,2216.00
10/20/2011,2187.00
10/19/2011,2157.00
10/18/2011,2175.00
10/17/2011,2155.00
10/14/2011,2251.00
10/13/2011,2182.00
10/12/2011,2212.00
10/11/2011,2159.00
10/10/2011,2.07
10/7/2011,2075.00
10/6/2011,1992.00
10/5/2011,1891.00
10/4/2011,1817.00
10/3/2011,1749.00
9/30/2011,1917.00
9/29/2011,2002.00
9/28/2011,1987.00
9/27/2011,1.98
9/26/2011,1904.00
9/23/2011,1.83
9/22/2011,1.72
9/21/2011,1856.00
9/20/2011,1937.00
9/19/2011,1956.00
9/16/2011,2057.00
9/15/2011,2083.00
9/14/2011,1992.00
9/13/2011,1992.00
9/12/2011,1948.00
9/9/2011,1915.00
9/8/2011,1977.00
9/7/2011,2041.00
9/6/2011,1982.00
9/5/2011,1988.00
9/2/2011,1994.00
9/1/2011,2132.00
8/31/2011,2234.00
8/30/2011,2176.00
8/29/2011,2264.00
8/26/2011,2.19
8/25/2011,2234.00
8/24/2011,2294.00
8/23/2011,2158.00
8/22/2011,2109.00
8/19/2011,2067.00
8/18/2011,2068.00
8/17/2011,2167.00
8/16/2011,2225.00
8/15/2011,2308.00
8/12/2011,2.26
8/11/2011,2333.00
8/10/2011,2095.00
8/9/2011,2275.00
8/8/2011,2316.00
8/5/2011,2563.00
8/4/2011,2407.00
8/3/2011,2615.00
8/2/2011,2613.00
8/1/2011,2753.00
7/29/2011,2792.00
7/28/2011,2955.00
7/27/2011,2982.00
7/26/2011,2955.00
7/25/2011,3004.00
7/22/2011,2964.00
7/21/2011,3014.00
7/20/2011,2931.00
7/19/2011,2878.00
7/18/2011,2.92
7/15/2011,2908.00
7/14/2011,2953.00
7/13/2011,2884.00
7/12/2011,2877.00
7/11/2011,2924.00
7/8/2011,3.03
7/7/2011,3138.00
7/6/2011,3.11
7/5/2011,3119.00
7/4/2011,3.20
7/1/2011,3182.00
6/30/2011,3.16
6/29/2011,3121.00
6/28/2011,3034.00
6/27/2011,2932.00
6/24/2011,2871.00
6/23/2011,2914.00
6/22/2011,2.98
6/21/2011,2.98
6/20/2011,2956.00
6/17/2011,2944.00
6/16/2011,2926.00
6/15/2011,2967.00
6/14/2011,3099.00
6/13/2011,2984.00
6/10/2011,2973.00
6/9/2011,2997.00
6/8/2011,2946.00
6/7/2011,3.00
6/6/2011,2997.00
6/3/2011,2991.00
6/2/2011,3031.00
6/1/2011,2944.00
5/31/2011,3059.00
5/30/2011,3062.00
5/27/2011,3072.00
5/26/2011,3059.00
5/25/2011,3132.00
5/24/2011,3116.00
5/23/2011,3129.00
5/20/2011,3147.00
5/19/2011,3173.00
5/18/2011,3184.00
5/17/2011,3114.00
5/16/2011,3147.00
5/13/2011,3169.00
5/12/2011,3226.00
5/11/2011,3156.00
5/10/2011,3213.00
5/9/2011,3157.00
5/6/2011,3.15
5/5/2011,3152.00
5/4/2011,3221.00
5/3/2011,3251.00
5/2/2011,3281.00
4/29/2011,3.29
4/28/2011,3316.00
4/27/2011,3357.00
4/26/2011,3309.00
4/25/2011,3366.00
4/22/2011,3394.00
4/21/2011,3394.00
4/20/2011,3408.00
4/19/2011,3365.00
4/18/2011,3.38
4/15/2011,3413.00
4/14/2011,3496.00
4/13/2011,3458.00
4/12/2011,3492.00
4/11/2011,3587.00
4/8/2011,3583.00
4/7/2011,3549.00
4/6/2011,3549.00
4/5/2011,3487.00
4/4/2011,3425.00
4/1/2011,3.45
3/31/2011,3.47
3/30/2011,3444.00
3/29/2011,3491.00
3/28/2011,3441.00
3/25/2011,3442.00
3/24/2011,3407.00
3/23/2011,3354.00
3/22/2011,3328.00
3/21/2011,3332.00
3/18/2011,3268.00
3/17/2011,3257.00
3/16/2011,3192.00
3/15/2011,3307.00
3/14/2011,3365.00
3/11/2011,3402.00
3/10/2011,3362.00
3/9/2011,3469.00
3/8/2011,3551.00
3/7/2011,3516.00
3/4/2011,3492.00
3/3/2011,3559.00
3/2/2011,3471.00
3/1/2011,3403.00
2/28/2011,3422.00
2/25/2011,3416.00
2/24/2011,3.45
2/23/2011,3483.00
2/22/2011,3459.00
2/21/2011,3576.00
2/18/2011,3582.00
2/17/2011,3576.00
2/16/2011,3623.00
2/15/2011,3604.00
2/14/2011,3625.00
2/11/2011,3638.00
2/10/2011,3702.00
2/9/2011,3652.00
2/8/2011,3737.00
2/7/2011,3.64
2/4/2011,3638.00
2/3/2011,3547.00
2/2/2011,3479.00
2/1/2011,3435.00
1/31/2011,3374.00
1/28/2011,3329.00
1/27/2011,3389.00
1/26/2011,3421.00
1/25/2011,3.33
1/24/2011,3406.00
1/21/2011,3408.00
1/20/2011,3451.00
1/19/2011,3337.00
1/18/2011,3.37
1/17/2011,3315.00
1/14/2011,3331.00
1/13/2011,3299.00
1/12/2011,3367.00
1/11/2011,3.34
1/10/2011,3287.00
1/7/2011,3328.00
1/6/2011,3399.00
1/5/2011,3463.00
1/4/2011,3338.00
1/3/2011,3334.00
