Date,Price
03/01/2011,17940000
04/01/2011,17340000
05/01/2011,17810000
06/01/2011,16800000
07/01/2011,17310000
10/01/2011,18350000
11/01/2011,16610000
12/01/2011,16260000
13/01/2011,16510000
14/01/2011,16670000
18/01/2011,16190000
19/01/2011,15890000
20/01/2011,17810000
21/01/2011,17030000
24/01/2011,18780000
25/01/2011,18220000
26/01/2011,17000000
27/01/2011,16840000
28/01/2011,15940000
31/01/2011,19610000
01/02/2011,18590000
02/02/2011,17820000
03/02/2011,17530000
04/02/2011,16640000
07/02/2011,16140000
08/02/2011,16290000
09/02/2011,16270000
10/02/2011,16740000
11/02/2011,16530000
14/02/2011,16070000
15/02/2011,16300000
16/02/2011,16310000
17/02/2011,17010000
18/02/2011,16590000
22/02/2011,19460000
23/02/2011,20840000
24/02/2011,22280000
25/02/2011,20410000
28/02/2011,19120000
01/03/2011,17630000
02/03/2011,20730000
03/03/2011,19270000
04/03/2011,18560000
07/03/2011,19370000
08/03/2011,20580000
09/03/2011,20050000
10/03/2011,21370000
11/03/2011,21720000
14/03/2011,21790000
15/03/2011,25660000
16/03/2011,24650000
17/03/2011,26940000
18/03/2011,23900000
21/03/2011,22100000
22/03/2011,20530000
23/03/2011,20590000
24/03/2011,18450000
25/03/2011,17870000
28/03/2011,18310000
29/03/2011,19170000
30/03/2011,17820000
31/03/2011,17900000
01/04/2011,16680000
04/04/2011,17630000
05/04/2011,17870000
06/04/2011,16750000
07/04/2011,16920000
08/04/2011,16510000
11/04/2011,16740000
12/04/2011,17580000
13/04/2011,16330000
14/04/2011,17770000
15/04/2011,15970000
18/04/2011,18300000
19/04/2011,16620000
20/04/2011,14310000
21/04/2011,14710000
25/04/2011,15640000
26/04/2011,15360000
27/04/2011,15370000
28/04/2011,15540000
29/04/2011,14560000
02/05/2011,15070000
03/05/2011,16350000
04/05/2011,16840000
05/05/2011,17680000
06/05/2011,17170000
09/05/2011,18590000
10/05/2011,16840000
11/05/2011,16270000
12/05/2011,17270000
13/05/2011,16020000
16/05/2011,17860000
17/05/2011,18540000
18/05/2011,17560000
19/05/2011,15900000
20/05/2011,15880000
23/05/2011,20030000
24/05/2011,18070000
25/05/2011,18260000
26/05/2011,17170000
27/05/2011,16110000
31/05/2011,15850000
01/06/2011,15950000
02/06/2011,17920000
03/06/2011,18230000
06/06/2011,18420000
07/06/2011,18130000
08/06/2011,18150000
09/06/2011,18200000
10/06/2011,17930000
13/06/2011,19100000
14/06/2011,18560000
15/06/2011,19310000
16/06/2011,21370000
17/06/2011,21560000
20/06/2011,22990000
21/06/2011,19460000
22/06/2011,18860000
23/06/2011,20230000
24/06/2011,19200000
27/06/2011,21600000
28/06/2011,20300000
29/06/2011,18620000
30/06/2011,16670000
01/07/2011,16060000
05/07/2011,16320000
06/07/2011,16460000
07/07/2011,15300000
08/07/2011,17140000
11/07/2011,17440000
12/07/2011,19550000
13/07/2011,19080000
14/07/2011,20080000
15/07/2011,20250000
18/07/2011,21250000
19/07/2011,20140000
20/07/2011,18810000
21/07/2011,18610000
22/07/2011,17220000
25/07/2011,19260000
26/07/2011,19750000
27/07/2011,20870000
28/07/2011,22830000
29/07/2011,25280000
01/08/2011,22630000
02/08/2011,24220000
03/08/2011,23580000
04/08/2011,24570000
05/08/2011,28480000
08/08/2011,36900000
09/08/2011,42120000
10/08/2011,39330000
11/08/2011,41940000
12/08/2011,37080000
15/08/2011,34730000
16/08/2011,33360000
17/08/2011,32090000
18/08/2011,36770000
19/08/2011,45340000
22/08/2011,38800000
23/08/2011,41890000
24/08/2011,37120000
25/08/2011,34430000
26/08/2011,41180000
29/08/2011,33810000
30/08/2011,32970000
31/08/2011,31200000
01/09/2011,31910000
02/09/2011,34290000
06/09/2011,39840000
07/09/2011,34240000
08/09/2011,34410000
09/09/2011,35530000
12/09/2011,42560000
13/09/2011,38680000
14/09/2011,36590000
15/09/2011,33430000
16/09/2011,31810000
19/09/2011,34800000
20/09/2011,32420000
21/09/2011,33000000
22/09/2011,41000000
23/09/2011,42170000
26/09/2011,40990000
27/09/2011,36590000
28/09/2011,37700000
29/09/2011,38620000
30/09/2011,40930000
03/10/2011,44250000
04/10/2011,46180000
05/10/2011,40730000
06/10/2011,38240000
07/10/2011,35670000
10/10/2011,35450000
11/10/2011,33950000
12/10/2011,31570000
13/10/2011,31990000
14/10/2011,29070000
17/10/2011,30350000
18/10/2011,33370000
19/10/2011,32920000
20/10/2011,34440000
21/10/2011,32760000
24/10/2011,31670000
25/10/2011,30680000
26/10/2011,30440000
27/10/2011,24720000
28/10/2011,26020000
31/10/2011,27090000
01/11/2011,36030000
02/11/2011,33530000
03/11/2011,31380000
04/11/2011,31460000
07/11/2011,31400000
08/11/2011,29340000
09/11/2011,31320000
10/11/2011,33090000
11/11/2011,29910000
14/11/2011,31420000
15/11/2011,31740000
16/11/2011,32660000
17/11/2011,33150000
18/11/2011,33160000
21/11/2011,34590000
22/11/2011,33120000
23/11/2011,32910000
25/11/2011,34610000
28/11/2011,31930000
29/11/2011,31760000
30/11/2011,27720000
01/12/2011,27630000
02/12/2011,26260000
05/12/2011,26740000
06/12/2011,27910000
07/12/2011,28610000
08/12/2011,29630000
09/12/2011,29610000
12/12/2011,26780000
13/12/2011,24720000
14/12/2011,26160000
15/12/2011,24380000
16/12/2011,24160000
19/12/2011,25140000
20/12/2011,23560000
21/12/2011,22520000
22/12/2011,21080000
23/12/2011,21100000
27/12/2011,22580000
28/12/2011,22120000
29/12/2011,23520000
30/12/2011,22860000
03/01/2012,22950000
04/01/2012,23440000
05/01/2012,22750000
06/01/2012,21240000
09/01/2012,21670000
10/01/2012,20140000
11/01/2012,21180000
12/01/2012,21010000
13/01/2012,21410000
17/01/2012,20900000
18/01/2012,23200000
19/01/2012,20490000
20/01/2012,19910000
23/01/2012,19220000
24/01/2012,19760000
25/01/2012,19350000
26/01/2012,17960000
27/01/2012,19160000
30/01/2012,20330000
31/01/2012,19070000
01/02/2012,18680000
02/02/2012,18380000
03/02/2012,16840000
06/02/2012,17980000
07/02/2012,17930000
08/02/2012,17790000
09/02/2012,18120000
10/02/2012,20100000
13/02/2012,19640000
14/02/2012,19450000
15/02/2012,19740000
16/02/2012,21590000
17/02/2012,18730000
21/02/2012,18410000
22/02/2012,18850000
23/02/2012,18730000
24/02/2012,16680000
27/02/2012,19100000
28/02/2012,18670000
29/02/2012,17800000
01/03/2012,18020000
02/03/2012,17650000
05/03/2012,18270000
06/03/2012,20570000
07/03/2012,20430000
08/03/2012,18080000
09/03/2012,17160000
12/03/2012,15790000
13/03/2012,14000000
14/03/2012,14420000
15/03/2012,15320000
16/03/2012,14430000
19/03/2012,15420000
20/03/2012,15820000
21/03/2012,14720000
22/03/2012,16040000
23/03/2012,15650000
26/03/2012,14510000
27/03/2012,14520000
28/03/2012,15580000
29/03/2012,16840000
30/03/2012,14880000
02/04/2012,16350000
03/04/2012,15610000
04/04/2012,17070000
05/04/2012,17020000
09/04/2012,18940000
10/04/2012,19100000
11/04/2012,19220000
12/04/2012,19630000
13/04/2012,17950000
16/04/2012,18870000
17/04/2012,18660000
18/04/2012,19020000
19/04/2012,18510000
20/04/2012,17920000
23/04/2012,20220000
24/04/2012,19220000
25/04/2012,17050000
26/04/2012,16970000
27/04/2012,15830000
30/04/2012,17040000
01/05/2012,17270000
02/05/2012,17250000
03/05/2012,16900000
04/05/2012,18030000
07/05/2012,19800000
08/05/2012,19440000
09/05/2012,20650000
10/05/2012,19250000
11/05/2012,19930000
14/05/2012,21470000
15/05/2012,21430000
16/05/2012,21540000
17/05/2012,21990000
18/05/2012,23270000
21/05/2012,24880000
22/05/2012,21760000
23/05/2012,23320000
24/05/2012,22000000
25/05/2012,22050000
29/05/2012,21700000
30/05/2012,22680000
31/05/2012,23830000
01/06/2012,25870000
04/06/2012,26350000
05/06/2012,25900000
06/06/2012,23760000
07/06/2012,21000000
08/06/2012,22540000
11/06/2012,19870000
12/06/2012,23150000
13/06/2012,22930000
14/06/2012,24190000
15/06/2012,22470000
18/06/2012,21760000
19/06/2012,17660000
20/06/2012,17960000
21/06/2012,16890000
22/06/2012,18650000
25/06/2012,20470000
26/06/2012,20010000
27/06/2012,19550000
28/06/2012,20330000
29/06/2012,17520000
02/07/2012,17620000
03/07/2012,16670000
05/07/2012,17610000
06/07/2012,18200000
09/07/2012,18170000
10/07/2012,17510000
11/07/2012,17980000
12/07/2012,18820000
13/07/2012,17780000
16/07/2012,17310000
17/07/2012,16720000
18/07/2012,16810000
19/07/2012,16060000
20/07/2012,16650000
23/07/2012,20410000
24/07/2012,18380000
25/07/2012,19790000
26/07/2012,17680000
27/07/2012,17110000
30/07/2012,17550000
31/07/2012,18400000
01/08/2012,18800000
02/08/2012,19050000
03/08/2012,16050000
06/08/2012,15850000
07/08/2012,15550000
08/08/2012,16460000
09/08/2012,15390000
10/08/2012,15340000
13/08/2012,14090000
14/08/2012,13910000
15/08/2012,14820000
16/08/2012,14880000
17/08/2012,14230000
20/08/2012,14110000
21/08/2012,14100000
22/08/2012,15320000
23/08/2012,15000000
24/08/2012,15990000
27/08/2012,16150000
28/08/2012,16320000
29/08/2012,16610000
30/08/2012,17480000
31/08/2012,17250000
04/09/2012,18650000
05/09/2012,17380000
06/09/2012,17300000
07/09/2012,15600000
10/09/2012,14270000
11/09/2012,16110000
12/09/2012,15590000
13/09/2012,15600000
14/09/2012,13820000
17/09/2012,14670000
18/09/2012,14510000
19/09/2012,13950000
20/09/2012,14630000
21/09/2012,13940000
24/09/2012,15060000
25/09/2012,14190000
26/09/2012,15830000
27/09/2012,16380000
28/09/2012,15230000
01/10/2012,16030000
02/10/2012,15850000
03/10/2012,15630000
04/10/2012,15230000
05/10/2012,13680000
08/10/2012,15190000
09/10/2012,15280000
10/10/2012,16520000
11/10/2012,15330000
12/10/2012,15410000
15/10/2012,16050000
16/10/2012,14840000
17/10/2012,15430000
18/10/2012,15250000
19/10/2012,14910000
22/10/2012,17440000
23/10/2012,18230000
24/10/2012,18220000
25/10/2012,17560000
26/10/2012,18030000
31/10/2012,17680000
01/11/2012,17770000
02/11/2012,16060000
05/11/2012,18330000
06/11/2012,18160000
07/11/2012,17720000
08/11/2012,18690000
09/11/2012,18800000
12/11/2012,18150000
13/11/2012,17360000
14/11/2012,16320000
15/11/2012,17740000
16/11/2012,17650000
19/11/2012,15880000
20/11/2012,15110000
21/11/2012,14960000
23/11/2012,15000000
26/11/2012,15630000
27/11/2012,15300000
28/11/2012,16430000
29/11/2012,15210000
30/11/2012,15260000
03/12/2012,15810000
04/12/2012,16660000
05/12/2012,16950000
06/12/2012,16590000
07/12/2012,16120000
10/12/2012,16470000
11/12/2012,15940000
12/12/2012,15600000
13/12/2012,15870000
14/12/2012,16680000
17/12/2012,17200000
18/12/2012,16390000
19/12/2012,16050000
20/12/2012,17260000
21/12/2012,19850000
24/12/2012,18460000
26/12/2012,18710000
27/12/2012,19390000
28/12/2012,20320000
31/12/2012,22140000
02/01/2013,15240000
03/01/2013,14770000
04/01/2013,14230000
07/01/2013,14530000
08/01/2013,13880000
09/01/2013,13320000
10/01/2013,13330000
11/01/2013,13550000
14/01/2013,13660000
15/01/2013,13970000
16/01/2013,13700000
17/01/2013,13450000
18/01/2013,13520000
22/01/2013,13280000
23/01/2013,12670000
24/01/2013,12730000
25/01/2013,12630000
28/01/2013,13290000
29/01/2013,13870000
30/01/2013,13640000
31/01/2013,14430000
01/02/2013,13370000
04/02/2013,14000000
05/02/2013,14210000
06/02/2013,14060000
07/02/2013,13470000
08/02/2013,13200000
11/02/2013,13370000
12/02/2013,12820000
13/02/2013,12880000
14/02/2013,13300000
15/02/2013,12470000
19/02/2013,12810000
20/02/2013,12320000
21/02/2013,14680000
22/02/2013,14600000
25/02/2013,13690000
26/02/2013,17500000
27/02/2013,16570000
28/02/2013,15000000
01/03/2013,16100000
04/03/2013,16160000
05/03/2013,13440000
06/03/2013,13180000
07/03/2013,13450000
08/03/2013,12670000
11/03/2013,12310000
12/03/2013,11790000
13/03/2013,12180000
14/03/2013,11700000
15/03/2013,11520000
18/03/2013,13470000
19/03/2013,13030000
20/03/2013,13180000
21/03/2013,13070000
22/03/2013,13340000
25/03/2013,12850000
26/03/2013,12950000
27/03/2013,13720000
28/03/2013,12910000
01/04/2013,13460000
02/04/2013,13110000
03/04/2013,12650000
04/04/2013,14100000
05/04/2013,15640000
08/04/2013,14040000
09/04/2013,13110000
10/04/2013,12660000
11/04/2013,12550000
12/04/2013,12610000
15/04/2013,13120000
16/04/2013,14720000
17/04/2013,15350000
18/04/2013,16340000
19/04/2013,16670000
22/04/2013,15080000
23/04/2013,13810000
24/04/2013,13570000
25/04/2013,13610000
26/04/2013,13940000
29/04/2013,13720000
30/04/2013,13710000
01/05/2013,13880000
02/05/2013,14480000
03/05/2013,12920000
06/05/2013,13060000
07/05/2013,12630000
08/05/2013,12870000
09/05/2013,12910000
10/05/2013,13080000
13/05/2013,12570000
14/05/2013,12610000
15/05/2013,12980000
16/05/2013,13070000
17/05/2013,12730000
20/05/2013,13280000
21/05/2013,13080000
22/05/2013,13450000
23/05/2013,14940000
24/05/2013,14590000
28/05/2013,13670000
29/05/2013,15300000
30/05/2013,14900000
31/05/2013,15020000
03/06/2013,16400000
04/06/2013,16160000
05/06/2013,16860000
06/06/2013,17700000
07/06/2013,15900000
10/06/2013,15160000
11/06/2013,16910000
12/06/2013,16510000
13/06/2013,18380000
14/06/2013,16630000
17/06/2013,16530000
18/06/2013,16810000
19/06/2013,16890000
20/06/2013,18400000
21/06/2013,18970000
24/06/2013,20870000
25/06/2013,18650000
26/06/2013,17230000
27/06/2013,16600000
28/06/2013,17250000
01/07/2013,16900000
02/07/2013,16490000
03/07/2013,17220000
05/07/2013,15590000
08/07/2013,14660000
09/07/2013,14330000
10/07/2013,14460000
11/07/2013,13570000
12/07/2013,13900000
15/07/2013,13980000
16/07/2013,13780000
17/07/2013,14200000
18/07/2013,13630000
19/07/2013,13890000
22/07/2013,13230000
23/07/2013,12150000
24/07/2013,12690000
25/07/2013,13470000
26/07/2013,13410000
29/07/2013,13540000
30/07/2013,13450000
31/07/2013,13550000
01/08/2013,12890000
02/08/2013,12660000
05/08/2013,12290000
06/08/2013,12190000
07/08/2013,13170000
08/08/2013,12500000
09/08/2013,12880000
12/08/2013,13520000
13/08/2013,12860000
14/08/2013,12480000
15/08/2013,14140000
16/08/2013,14560000
19/08/2013,14940000
20/08/2013,15220000
21/08/2013,16000000
22/08/2013,15260000
23/08/2013,14290000
26/08/2013,14370000
27/08/2013,16560000
28/08/2013,16960000
29/08/2013,16790000
30/08/2013,16750000
03/09/2013,16470000
04/09/2013,16880000
05/09/2013,16120000
06/09/2013,15350000
09/09/2013,15860000
10/09/2013,14890000
11/09/2013,14740000
12/09/2013,13930000
13/09/2013,14270000
16/09/2013,14100000
17/09/2013,14440000
18/09/2013,14680000
19/09/2013,13020000
20/09/2013,13300000
23/09/2013,14040000
24/09/2013,14170000
25/09/2013,14240000
26/09/2013,13800000
27/09/2013,14620000
30/09/2013,17490000
01/10/2013,16310000
02/10/2013,16400000
03/10/2013,16630000
04/10/2013,17720000
07/10/2013,18760000
08/10/2013,19010000
09/10/2013,20190000
10/10/2013,17660000
11/10/2013,16310000
14/10/2013,17080000
15/10/2013,16410000
16/10/2013,17140000
17/10/2013,14520000
18/10/2013,12860000
21/10/2013,13340000
22/10/2013,12990000
23/10/2013,13710000
24/10/2013,13500000
25/10/2013,13160000
28/10/2013,13620000
29/10/2013,13250000
30/10/2013,13720000
31/10/2013,13830000
01/11/2013,13460000
04/11/2013,13350000
05/11/2013,13220000
06/11/2013,13010000
07/11/2013,12990000
08/11/2013,13760000
11/11/2013,12850000
12/11/2013,12800000
13/11/2013,13350000
14/11/2013,12800000
15/11/2013,12120000
18/11/2013,12410000
19/11/2013,13030000
20/11/2013,13560000
21/11/2013,13090000
22/11/2013,12690000
25/11/2013,12550000
26/11/2013,12840000
27/11/2013,12810000
29/11/2013,13060000
02/12/2013,13910000
03/12/2013,14740000
04/12/2013,15030000
05/12/2013,14820000
06/12/2013,13970000
09/12/2013,13970000
10/12/2013,14140000
11/12/2013,13980000
12/12/2013,15440000
13/12/2013,15170000
16/12/2013,15640000
17/12/2013,16040000
18/12/2013,15950000
19/12/2013,13590000
20/12/2013,13610000
23/12/2013,13370000
24/12/2013,12850000
26/12/2013,12480000
27/12/2013,12210000
30/12/2013,12870000
31/12/2013,13430000
02/01/2014,14320000
03/01/2014,14060000
06/01/2014,13410000
07/01/2014,12380000
08/01/2014,13040000
09/01/2014,12830000
10/01/2014,12600000
13/01/2014,12180000
14/01/2014,12890000
15/01/2014,12150000
16/01/2014,12320000
17/01/2014,12340000
21/01/2014,12630000
22/01/2014,12570000
23/01/2014,13670000
24/01/2014,14950000
27/01/2014,17290000
28/01/2014,17270000
29/01/2014,17950000
30/01/2014,16370000
31/01/2014,18710000
03/02/2014,18570000
04/02/2014,19990000
05/02/2014,19590000
06/02/2014,19090000
07/02/2014,16150000
10/02/2014,15630000
11/02/2014,15290000
12/02/2014,14310000
13/02/2014,15240000
14/02/2014,14210000
18/02/2014,13950000
19/02/2014,14850000
20/02/2014,15280000
21/02/2014,14740000
24/02/2014,14830000
25/02/2014,14170000
26/02/2014,13830000
27/02/2014,14560000
28/02/2014,14220000
03/03/2014,16470000
04/03/2014,14530000
05/03/2014,14130000
06/03/2014,13820000
07/03/2014,13510000
10/03/2014,14760000
11/03/2014,14220000
12/03/2014,15370000
13/03/2014,14280000
14/03/2014,16740000
17/03/2014,16390000
18/03/2014,15420000
19/03/2014,14560000
20/03/2014,15580000
21/03/2014,13960000
24/03/2014,14700000
25/03/2014,14160000
26/03/2014,13640000
27/03/2014,15000000
28/03/2014,14150000
31/03/2014,13880000
01/04/2014,13430000
02/04/2014,13170000
03/04/2014,13020000
04/04/2014,12880000
07/04/2014,14960000
08/04/2014,15590000
09/04/2014,14580000
10/04/2014,13980000
11/04/2014,16660000
14/04/2014,16140000
15/04/2014,16140000
16/04/2014,14890000
17/04/2014,14090000
21/04/2014,14100000
22/04/2014,13130000
23/04/2014,13350000
24/04/2014,13360000
25/04/2014,13930000
28/04/2014,14270000
29/04/2014,13880000
30/04/2014,14050000
01/05/2014,13640000
02/05/2014,13150000
05/05/2014,13950000
06/05/2014,13650000
07/05/2014,13640000
08/05/2014,13690000
09/05/2014,13550000
12/05/2014,12460000
13/05/2014,12360000
14/05/2014,12420000
15/05/2014,12730000
16/05/2014,13310000
19/05/2014,13170000
20/05/2014,12690000
21/05/2014,12380000
22/05/2014,11930000
23/05/2014,11960000
27/05/2014,11690000
28/05/2014,11600000
29/05/2014,11580000
30/05/2014,11660000
02/06/2014,11690000
03/06/2014,12030000
04/06/2014,12150000
05/06/2014,12090000
06/06/2014,11320000
09/06/2014,11230000
10/06/2014,11300000
11/06/2014,11420000
12/06/2014,11810000
13/06/2014,12450000
16/06/2014,12650000
17/06/2014,12810000
18/06/2014,11800000
19/06/2014,10530000
20/06/2014,10400000
23/06/2014,11260000
24/06/2014,11020000
25/06/2014,12310000
26/06/2014,11510000
27/06/2014,11720000
30/06/2014,11750000
01/07/2014,11280000
02/07/2014,11180000
03/07/2014,10470000
07/07/2014,11150000
08/07/2014,11720000
09/07/2014,11740000
10/07/2014,13220000
11/07/2014,12500000
14/07/2014,11600000
15/07/2014,11530000
16/07/2014,10810000
17/07/2014,11350000
18/07/2014,13340000
21/07/2014,12850000
22/07/2014,11970000
23/07/2014,11540000
24/07/2014,11430000
25/07/2014,12030000
28/07/2014,12930000
29/07/2014,12350000
30/07/2014,12630000
31/07/2014,14350000
01/08/2014,16670000
04/08/2014,16640000
05/08/2014,15540000
06/08/2014,17220000
07/08/2014,15500000
08/08/2014,16430000
11/08/2014,15160000
12/08/2014,14420000
13/08/2014,13570000
14/08/2014,13050000
15/08/2014,11910000
18/08/2014,12850000
19/08/2014,12140000
20/08/2014,12230000
21/08/2014,11930000
22/08/2014,11880000
25/08/2014,11580000
26/08/2014,11330000
27/08/2014,11690000
28/08/2014,12380000
29/08/2014,11860000
02/09/2014,12320000
03/09/2014,12030000
04/09/2014,12400000
05/09/2014,12370000
08/09/2014,12640000
09/09/2014,12700000
10/09/2014,13360000
11/09/2014,13530000
12/09/2014,12850000
15/09/2014,13540000
16/09/2014,14480000
17/09/2014,13060000
18/09/2014,12550000
19/09/2014,11730000
22/09/2014,13140000
23/09/2014,14820000
24/09/2014,14620000
25/09/2014,14110000
26/09/2014,15770000
29/09/2014,16960000
30/09/2014,15490000
01/10/2014,16440000
02/10/2014,16700000
03/10/2014,15160000
06/10/2014,14460000
07/10/2014,16180000
08/10/2014,17350000
09/10/2014,15640000
10/10/2014,19110000
13/10/2014,21160000
14/10/2014,23770000
15/10/2014,26360000
16/10/2014,29260000
17/10/2014,21680000
20/10/2014,22110000
21/10/2014,17720000
22/10/2014,16060000
23/10/2014,16070000
24/10/2014,16430000
27/10/2014,17240000
28/10/2014,15690000
29/10/2014,14610000
30/10/2014,15310000
31/10/2014,13840000
03/11/2014,14410000
04/11/2014,15050000
05/11/2014,14150000
06/11/2014,14460000
07/11/2014,13710000
10/11/2014,13160000
11/11/2014,12710000
12/11/2014,13760000
13/11/2014,13330000
14/11/2014,13790000
17/11/2014,14700000
18/11/2014,13860000
19/11/2014,14010000
20/11/2014,14660000
21/11/2014,13160000
24/11/2014,12920000
25/11/2014,12550000
26/11/2014,12270000
28/11/2014,12640000
01/12/2014,14160000
02/12/2014,14100000
03/12/2014,12750000
04/12/2014,12700000
05/12/2014,12080000
08/12/2014,13050000
09/12/2014,16230000
10/12/2014,15560000
11/12/2014,17680000
12/12/2014,20510000
15/12/2014,19590000
16/12/2014,23550000
17/12/2014,23900000
18/12/2014,17140000
19/12/2014,16570000
22/12/2014,16320000
23/12/2014,14470000
24/12/2014,14520000
26/12/2014,14600000
29/12/2014,16040000
30/12/2014,15900000
31/12/2014,15910000
02/01/2015,17760000
05/01/2015,19190000
06/01/2015,20330000
07/01/2015,20150000
08/01/2015,17930000
09/01/2015,16440000
12/01/2015,18020000
13/01/2015,18210000
14/01/2015,22870000
15/01/2015,21230000
16/01/2015,22800000
20/01/2015,20070000
21/01/2015,20920000
22/01/2015,17980000
23/01/2015,16790000
26/01/2015,16960000
27/01/2015,17600000
28/01/2015,16970000
29/01/2015,20460000
30/01/2015,20230000
02/02/2015,20890000
03/02/2015,18410000
04/02/2015,17820000
05/02/2015,17290000
06/02/2015,16290000
09/02/2015,19160000
10/02/2015,17720000
11/02/2015,17430000
12/02/2015,16390000
13/02/2015,15110000
17/02/2015,15860000
18/02/2015,16740000
19/02/2015,16110000
20/02/2015,15730000
23/02/2015,15050000
24/02/2015,14500000
25/02/2015,13640000
26/02/2015,13550000
27/02/2015,14070000
02/03/2015,13900000
03/03/2015,13350000
04/03/2015,14310000
05/03/2015,14010000
06/03/2015,14610000
09/03/2015,15720000
10/03/2015,16470000
11/03/2015,16440000
12/03/2015,16450000
13/03/2015,15470000
16/03/2015,15780000
17/03/2015,16310000
18/03/2015,14600000
19/03/2015,14680000
20/03/2015,13520000
23/03/2015,13520000
24/03/2015,13360000
25/03/2015,13260000
26/03/2015,16640000
27/03/2015,15730000
30/03/2015,14760000
31/03/2015,14970000
01/04/2015,15320000
02/04/2015,15300000
06/04/2015,15750000
07/04/2015,14570000
08/04/2015,14590000
09/04/2015,14140000
10/04/2015,13200000
13/04/2015,13170000
14/04/2015,14340000
15/04/2015,13580000
16/04/2015,13270000
17/04/2015,13970000
20/04/2015,13670000
21/04/2015,12750000
22/04/2015,12970000
23/04/2015,12960000
24/04/2015,12210000
27/04/2015,12340000
28/04/2015,13260000
29/04/2015,13440000
30/04/2015,13890000
01/05/2015,13980000
04/05/2015,13120000
05/05/2015,13210000
06/05/2015,13930000
07/05/2015,15480000
08/05/2015,13360000
11/05/2015,13350000
12/05/2015,14730000
13/05/2015,13630000
14/05/2015,13140000
15/05/2015,12460000
18/05/2015,13080000
19/05/2015,12950000
20/05/2015,12900000
21/05/2015,13030000
22/05/2015,12370000
26/05/2015,13450000
27/05/2015,14160000
28/05/2015,13490000
29/05/2015,13590000
01/06/2015,13920000
02/06/2015,14720000
03/06/2015,13730000
04/06/2015,14570000
05/06/2015,15010000
08/06/2015,14840000
09/06/2015,15180000
10/06/2015,14240000
11/06/2015,13040000
12/06/2015,13310000
15/06/2015,15480000
16/06/2015,15620000
17/06/2015,14660000
18/06/2015,14030000
19/06/2015,13350000
22/06/2015,13420000
23/06/2015,12500000
24/06/2015,12570000
25/06/2015,12960000
26/06/2015,14130000
29/06/2015,16700000
30/06/2015,17600000
01/07/2015,16630000
02/07/2015,15430000
06/07/2015,18650000
07/07/2015,17220000
08/07/2015,17380000
09/07/2015,17460000
10/07/2015,17450000
13/07/2015,15290000
14/07/2015,13910000
15/07/2015,13350000
16/07/2015,12590000
17/07/2015,11770000
20/07/2015,12250000
21/07/2015,12420000
22/07/2015,12770000
23/07/2015,12060000
24/07/2015,12870000
27/07/2015,15600000
28/07/2015,14870000
29/07/2015,13570000
30/07/2015,12720000
31/07/2015,12030000
03/08/2015,12850000
04/08/2015,12660000
05/08/2015,12020000
06/08/2015,12200000
07/08/2015,13570000
10/08/2015,12730000
11/08/2015,13240000
12/08/2015,15190000
13/08/2015,13870000
14/08/2015,13690000
17/08/2015,14320000
18/08/2015,13410000
19/08/2015,14840000
20/08/2015,16550000
21/08/2015,22550000
24/08/2015,28030000
25/08/2015,31130000
26/08/2015,31130000
27/08/2015,27110000
28/08/2015,26690000
31/08/2015,27030000
01/09/2015,31910000
02/09/2015,29140000
03/09/2015,25210000
04/09/2015,27430000
08/09/2015,25050000
09/09/2015,22390000
10/09/2015,26870000
11/09/2015,25380000
14/09/2015,24030000
15/09/2015,23280000
16/09/2015,22570000
17/09/2015,21540000
18/09/2015,23070000
21/09/2015,21970000
22/09/2015,22970000
23/09/2015,22090000
24/09/2015,23530000
25/09/2015,21120000
28/09/2015,25020000
29/09/2015,26570000
30/09/2015,24640000
01/10/2015,23140000
02/10/2015,23990000
05/10/2015,20310000
06/10/2015,19540000
07/10/2015,18960000
08/10/2015,18620000
09/10/2015,17150000
12/10/2015,17680000
13/10/2015,17080000
14/10/2015,17670000
15/10/2015,17620000
16/10/2015,15640000
19/10/2015,15680000
20/10/2015,15170000
21/10/2015,14980000
22/10/2015,15020000
23/10/2015,13460000
26/10/2015,14760000
27/10/2015,15750000
28/10/2015,15140000
29/10/2015,14800000
30/10/2015,14600000
02/11/2015,15410000
03/11/2015,14330000
04/11/2015,14040000
05/11/2015,15390000
06/11/2015,14910000
09/11/2015,15340000
10/11/2015,16690000
11/11/2015,15070000
12/11/2015,17060000
13/11/2015,18680000
16/11/2015,20510000
17/11/2015,17820000
18/11/2015,19010000
19/11/2015,16250000
20/11/2015,16130000
23/11/2015,16150000
24/11/2015,16530000
25/11/2015,15550000
27/11/2015,15310000
30/11/2015,15550000
01/12/2015,15610000
02/12/2015,15040000
03/12/2015,15870000
04/12/2015,17430000
07/12/2015,15650000
08/12/2015,17690000
09/12/2015,18050000
10/12/2015,19250000
11/12/2015,21360000
14/12/2015,24700000
15/12/2015,20760000
16/12/2015,19250000
17/12/2015,16180000
18/12/2015,19340000
21/12/2015,19640000
22/12/2015,17610000
23/12/2015,15860000
24/12/2015,15440000
28/12/2015,17650000
29/12/2015,15910000
30/12/2015,16500000
31/12/2015,17970000
04/01/2016,22480000
05/01/2016,20750000
06/01/2016,21670000
07/01/2016,23220000
08/01/2016,22960000
11/01/2016,25580000
12/01/2016,22970000
13/01/2016,21720000
14/01/2016,24750000
15/01/2016,28960000
19/01/2016,25400000
20/01/2016,27780000
21/01/2016,27790000
22/01/2016,24210000
25/01/2016,23300000
26/01/2016,23750000
27/01/2016,22880000
28/01/2016,22150000
29/01/2016,21590000
01/02/2016,21320000
02/02/2016,21340000
03/02/2016,21490000
04/02/2016,22290000
05/02/2016,22090000
08/02/2016,25890000
09/02/2016,28300000
10/02/2016,25750000
11/02/2016,29010000
12/02/2016,27160000
16/02/2016,24960000
17/02/2016,23400000
18/02/2016,22160000
19/02/2016,22390000
22/02/2016,20140000
23/02/2016,19750000
24/02/2016,22280000
25/02/2016,20540000
26/02/2016,18890000
29/02/2016,20490000
01/03/2016,19840000
02/03/2016,17980000
03/03/2016,17250000
04/03/2016,16480000
07/03/2016,17980000
08/03/2016,18380000
09/03/2016,18560000
10/03/2016,18170000
11/03/2016,17090000
14/03/2016,17010000
15/03/2016,17600000
16/03/2016,15960000
17/03/2016,15340000
18/03/2016,14050000
21/03/2016,14570000
22/03/2016,14570000
23/03/2016,14570000
24/03/2016,16300000
28/03/2016,15650000
29/03/2016,15740000
30/03/2016,13690000
31/03/2016,13730000
01/04/2016,15230000
04/04/2016,13880000
05/04/2016,15390000
06/04/2016,15610000
07/04/2016,15140000
08/04/2016,15340000
11/04/2016,15340000
12/04/2016,15980000
13/04/2016,14490000
14/04/2016,13900000
15/04/2016,13770000
18/04/2016,14870000
19/04/2016,13180000
20/04/2016,13390000
21/04/2016,13200000
22/04/2016,13700000
25/04/2016,14070000
26/04/2016,14010000
27/04/2016,14150000
28/04/2016,14530000
29/04/2016,15210000
02/05/2016,16330000
03/05/2016,14920000
04/05/2016,15470000
05/05/2016,15540000
06/05/2016,16200000
09/05/2016,15200000
10/05/2016,13980000
11/05/2016,13920000
12/05/2016,14550000
13/05/2016,15150000
16/05/2016,15720000
17/05/2016,14570000
18/05/2016,15720000
19/05/2016,16370000
20/05/2016,16130000
23/05/2016,16330000
24/05/2016,16030000
25/05/2016,14190000
26/05/2016,13800000
27/05/2016,13490000
31/05/2016,13940000
01/06/2016,14450000
02/06/2016,14420000
03/06/2016,13780000
06/06/2016,13840000
07/06/2016,12770000
08/06/2016,13840000
09/06/2016,14010000
10/06/2016,14890000
13/06/2016,18240000
14/06/2016,21280000
15/06/2016,20250000
16/06/2016,20800000
17/06/2016,19420000
20/06/2016,17420000
21/06/2016,17670000
22/06/2016,18260000
23/06/2016,19540000
24/06/2016,26060000
27/06/2016,24380000
28/06/2016,21760000
29/06/2016,18120000
30/06/2016,16910000
01/07/2016,15590000
05/07/2016,16050000
06/07/2016,15870000
07/07/2016,14800000
08/07/2016,14640000
11/07/2016,13250000
12/07/2016,12930000
13/07/2016,13320000
14/07/2016,12500000
15/07/2016,13120000
18/07/2016,12750000
19/07/2016,12530000
20/07/2016,11940000
21/07/2016,11800000
22/07/2016,12800000
25/07/2016,12640000
26/07/2016,12880000
27/07/2016,12610000
28/07/2016,12510000
29/07/2016,12850000
01/08/2016,11890000
02/08/2016,12390000
03/08/2016,13530000
04/08/2016,12730000
05/08/2016,12080000
08/08/2016,11660000
09/08/2016,11400000
10/08/2016,11550000
11/08/2016,11930000
12/08/2016,11610000
15/08/2016,11810000
16/08/2016,12040000
17/08/2016,12570000
18/08/2016,12200000
19/08/2016,11670000
22/08/2016,12530000
23/08/2016,12150000
24/08/2016,12700000
25/08/2016,13620000
26/08/2016,13540000
29/08/2016,14090000
30/08/2016,12940000
31/08/2016,13140000
01/09/2016,13070000
02/09/2016,13470000
06/09/2016,12420000
07/09/2016,11890000
08/09/2016,11740000
09/09/2016,12520000
12/09/2016,20130000
13/09/2016,15980000
14/09/2016,17630000
15/09/2016,17970000
16/09/2016,16410000
19/09/2016,15140000
20/09/2016,14980000
21/09/2016,15070000
22/09/2016,13390000
23/09/2016,12000000
26/09/2016,13260000
27/09/2016,13360000
28/09/2016,12900000
29/09/2016,12530000
30/09/2016,14910000
03/10/2016,13750000
04/10/2016,13400000
05/10/2016,13560000
06/10/2016,13110000
07/10/2016,13520000
10/10/2016,14190000
11/10/2016,13710000
12/10/2016,15530000
13/10/2016,16880000
14/10/2016,16490000
17/10/2016,17010000
18/10/2016,15820000
19/10/2016,15450000
20/10/2016,14430000
21/10/2016,14040000
24/10/2016,13190000
25/10/2016,12910000
26/10/2016,13660000
27/10/2016,14370000
28/10/2016,15670000
31/10/2016,16310000
01/11/2016,16540000
02/11/2016,19090000
03/11/2016,19850000
04/11/2016,21860000
07/11/2016,19780000
08/11/2016,18920000
09/11/2016,20700000
10/11/2016,14010000
11/11/2016,14830000
14/11/2016,14690000
15/11/2016,14160000
16/11/2016,13510000
17/11/2016,13370000
18/11/2016,13560000
21/11/2016,13270000
22/11/2016,12260000
23/11/2016,12340000
25/11/2016,12520000
28/11/2016,13400000
29/11/2016,13070000
30/11/2016,12600000
01/12/2016,13400000
02/12/2016,14160000
05/12/2016,13750000
06/12/2016,12190000
07/12/2016,11590000
08/12/2016,12100000
09/12/2016,12590000
12/12/2016,12230000
13/12/2016,12460000
14/12/2016,12880000
15/12/2016,13070000
16/12/2016,12880000
19/12/2016,12500000
20/12/2016,11650000
21/12/2016,11440000
22/12/2016,11320000
23/12/2016,11380000
27/12/2016,12260000
28/12/2016,11890000
29/12/2016,13150000
30/12/2016,13200000
03/01/2017,14070000
04/01/2017,12780000
05/01/2017,11960000
06/01/2017,11700000
09/01/2017,11710000
10/01/2017,11590000
11/01/2017,11560000
12/01/2017,11480000
13/01/2017,11450000
17/01/2017,12200000
18/01/2017,11790000
19/01/2017,12580000
20/01/2017,12580000
23/01/2017,12300000
24/01/2017,11820000
25/01/2017,10790000
26/01/2017,10610000
27/01/2017,10570000
30/01/2017,11100000
31/01/2017,12290000
01/02/2017,11790000
02/02/2017,12370000
03/02/2017,11840000
06/02/2017,11370000
07/02/2017,11390000
08/02/2017,11190000
09/02/2017,11440000
10/02/2017,10850000
13/02/2017,11360000
14/02/2017,11170000
15/02/2017,10840000
16/02/2017,12020000
17/02/2017,11840000
21/02/2017,12050000
22/02/2017,11480000
23/02/2017,11660000
24/02/2017,11810000
27/02/2017,11780000
28/02/2017,12190000
01/03/2017,12310000
02/03/2017,12430000
03/03/2017,11960000
06/03/2017,11590000
07/03/2017,11270000
08/03/2017,11490000
09/03/2017,11750000
10/03/2017,11970000
13/03/2017,12160000
14/03/2017,11390000
15/03/2017,12120000
16/03/2017,11290000
17/03/2017,11380000
20/03/2017,11710000
21/03/2017,11150000
22/03/2017,12950000
23/03/2017,12650000
24/03/2017,12860000
27/03/2017,14780000
28/03/2017,12440000
29/03/2017,11540000
30/03/2017,11370000
31/03/2017,11610000
03/04/2017,12590000
04/04/2017,12710000
05/04/2017,11890000
06/04/2017,13110000
07/04/2017,13170000
10/04/2017,13240000
11/04/2017,14320000
12/04/2017,15160000
13/04/2017,15890000
17/04/2017,16190000
18/04/2017,14500000
19/04/2017,14000000
20/04/2017,14590000
21/04/2017,13850000
24/04/2017,11560000
25/04/2017,10810000
26/04/2017,10610000
27/04/2017,10720000
28/04/2017,10390000
01/05/2017,10920000
02/05/2017,10150000
03/05/2017,10560000
04/05/2017,10710000
05/05/2017,10510000
08/05/2017,10530000
09/05/2017,9870000
10/05/2017,9750000
11/05/2017,10340000
12/05/2017,10720000
15/05/2017,10540000
16/05/2017,10460000
17/05/2017,11890000
18/05/2017,14060000
19/05/2017,14230000
22/05/2017,12290000
23/05/2017,11000000
24/05/2017,10610000
25/05/2017,9820000
26/05/2017,9930000
30/05/2017,10610000
31/05/2017,10100000
01/06/2017,10420000
02/06/2017,10080000
05/06/2017,10080000
06/06/2017,10190000
07/06/2017,10480000
08/06/2017,10270000
09/06/2017,9930000
12/06/2017,11190000
13/06/2017,11120000
14/06/2017,10330000
15/06/2017,11060000
16/06/2017,10630000
19/06/2017,10570000
20/06/2017,10280000
21/06/2017,11030000
22/06/2017,10810000
23/06/2017,10250000
26/06/2017,10130000
27/06/2017,10040000
28/06/2017,11170000
29/06/2017,9790000
30/06/2017,11740000
03/07/2017,11070000
05/07/2017,11200000
06/07/2017,11200000
07/07/2017,12480000
10/07/2017,11260000
11/07/2017,10790000
12/07/2017,10850000
13/07/2017,10070000
14/07/2017,10090000
17/07/2017,9770000
18/07/2017,9860000
19/07/2017,9690000
20/07/2017,9660000
21/07/2017,9520000
24/07/2017,9940000
25/07/2017,9400000
26/07/2017,9250000
27/07/2017,9330000
28/07/2017,10620000
31/07/2017,10530000
01/08/2017,10190000
02/08/2017,10080000
03/08/2017,10470000
04/08/2017,10480000
07/08/2017,10190000
08/08/2017,10040000
09/08/2017,11490000
10/08/2017,11570000
11/08/2017,16170000
14/08/2017,14050000
15/08/2017,11780000
16/08/2017,11590000
17/08/2017,11810000
18/08/2017,15380000
21/08/2017,14590000
22/08/2017,12600000
23/08/2017,11510000
24/08/2017,12060000
25/08/2017,12200000
28/08/2017,12090000
29/08/2017,13330000
30/08/2017,11400000
31/08/2017,11070000
01/09/2017,10330000
05/09/2017,11750000
06/09/2017,12270000
07/09/2017,11930000
08/09/2017,11870000
11/09/2017,11380000
12/09/2017,10660000
13/09/2017,10720000
14/09/2017,10570000
15/09/2017,10510000
18/09/2017,10180000
19/09/2017,10160000
20/09/2017,10040000
21/09/2017,9740000
22/09/2017,9900000
25/09/2017,10080000
26/09/2017,10420000
27/09/2017,9900000
28/09/2017,9740000
29/09/2017,9590000
02/10/2017,9590000
03/10/2017,9300000
04/10/2017,9530000
05/10/2017,9480000
06/10/2017,9230000
09/10/2017,9920000
10/10/2017,10150000
11/10/2017,9950000
12/10/2017,9940000
13/10/2017,9950000
16/10/2017,9950000
17/10/2017,9850000
18/10/2017,10340000
19/10/2017,10220000
20/10/2017,9920000
23/10/2017,10250000
24/10/2017,10890000
25/10/2017,11340000
26/10/2017,11170000
27/10/2017,11120000
30/10/2017,10280000
31/10/2017,10340000
01/11/2017,9790000
02/11/2017,10440000
03/11/2017,9830000
06/11/2017,9630000
07/11/2017,9310000
08/11/2017,9790000
09/11/2017,9940000
10/11/2017,10780000
13/11/2017,11430000
14/11/2017,11530000
15/11/2017,12520000
16/11/2017,12470000
17/11/2017,11750000
20/11/2017,11960000
21/11/2017,10740000
22/11/2017,9600000
24/11/2017,9820000
27/11/2017,10070000
28/11/2017,9720000
29/11/2017,9910000
30/11/2017,10490000
01/12/2017,11190000
04/12/2017,11050000
05/12/2017,11380000
06/12/2017,11630000
07/12/2017,10900000
08/12/2017,10000000
11/12/2017,9740000
12/12/2017,9360000
13/12/2017,9780000
14/12/2017,9980000
15/12/2017,10120000
18/12/2017,9460000
19/12/2017,9400000
20/12/2017,9690000
21/12/2017,9590000
22/12/2017,9370000
26/12/2017,10190000
27/12/2017,10040000
28/12/2017,10290000
29/12/2017,10030000
02/01/2018,10950000
03/01/2018,9560000
04/01/2018,9010000
05/01/2018,9100000
08/01/2018,9610000
09/01/2018,9410000
10/01/2018,10110000
11/01/2018,9690000
12/01/2018,9740000
16/01/2018,10420000
17/01/2018,11350000
18/01/2018,12010000
19/01/2018,12300000
22/01/2018,11590000
23/01/2018,10770000
24/01/2018,11000000
25/01/2018,11270000
26/01/2018,11400000
29/01/2018,11710000
30/01/2018,13930000
31/01/2018,14230000
01/02/2018,13050000
02/02/2018,13640000
05/02/2018,18440000
06/02/2018,37320000
07/02/2018,31380000
08/02/2018,27290000
09/02/2018,32180000
12/02/2018,27250000
13/02/2018,26940000
14/02/2018,23480000
15/02/2018,18390000
16/02/2018,18740000
20/02/2018,20530000
21/02/2018,20760000
22/02/2018,20570000
23/02/2018,17960000
26/02/2018,16530000
27/02/2018,15830000
28/02/2018,18080000
01/03/2018,19960000
02/03/2018,22470000
05/03/2018,21550000
06/03/2018,18250000
07/03/2018,20110000
08/03/2018,17560000
09/03/2018,16410000
12/03/2018,15280000
13/03/2018,15700000
14/03/2018,16590000
15/03/2018,16990000
16/03/2018,16600000
19/03/2018,16630000
20/03/2018,18380000
21/03/2018,17760000
22/03/2018,18130000
23/03/2018,24020000
26/03/2018,23410000
27/03/2018,20330000
28/03/2018,22520000
29/03/2018,22870000
02/04/2018,21070000
03/04/2018,23030000
04/04/2018,21680000
05/04/2018,19760000
06/04/2018,20330000
09/04/2018,21270000
10/04/2018,20510000
11/04/2018,20950000
12/04/2018,19830000
13/04/2018,18270000
16/04/2018,17590000
17/04/2018,16160000
18/04/2018,15300000
19/04/2018,15550000
20/04/2018,16160000
23/04/2018,17290000
24/04/2018,16160000
25/04/2018,18140000
26/04/2018,18070000
27/04/2018,16220000
30/04/2018,15390000
01/05/2018,15780000
02/05/2018,15480000
03/05/2018,15780000
04/05/2018,15940000
07/05/2018,15320000
08/05/2018,14530000
09/05/2018,14540000
10/05/2018,13360000
11/05/2018,13220000
14/05/2018,12950000
15/05/2018,13130000
16/05/2018,14380000
17/05/2018,13540000
18/05/2018,13180000
21/05/2018,13440000
22/05/2018,13030000
23/05/2018,13500000
24/05/2018,12730000
25/05/2018,12440000
29/05/2018,14390000
30/05/2018,16600000
31/05/2018,14930000
01/06/2018,14920000
04/06/2018,13910000
05/06/2018,12910000
06/06/2018,12100000
07/06/2018,11660000
08/06/2018,12540000
11/06/2018,12520000
12/06/2018,12290000
13/06/2018,12130000
14/06/2018,12980000
15/06/2018,12190000
18/06/2018,12790000
19/06/2018,14610000
20/06/2018,12900000
21/06/2018,12540000
22/06/2018,14600000
25/06/2018,15070000
26/06/2018,16710000
27/06/2018,16520000
28/06/2018,17540000
29/06/2018,15730000
02/07/2018,17700000
03/07/2018,15370000
05/07/2018,15620000
06/07/2018,14990000
09/07/2018,13420000
10/07/2018,12520000
11/07/2018,14050000
12/07/2018,13070000
13/07/2018,12390000
16/07/2018,12460000
17/07/2018,12910000
18/07/2018,11870000
19/07/2018,12200000
20/07/2018,13000000
23/07/2018,13470000
24/07/2018,12610000
25/07/2018,12370000
26/07/2018,12450000
27/07/2018,12170000
30/07/2018,13630000
31/07/2018,13980000
01/08/2018,13090000
02/08/2018,13570000
03/08/2018,12430000
06/08/2018,11910000
07/08/2018,11120000
08/08/2018,10930000
09/08/2018,10940000
10/08/2018,11820000
13/08/2018,14500000
14/08/2018,13930000
15/08/2018,13520000
16/08/2018,14180000
17/08/2018,13180000
20/08/2018,12570000
21/08/2018,12470000
22/08/2018,13090000
23/08/2018,12030000
24/08/2018,12130000
27/08/2018,12370000
28/08/2018,12010000
29/08/2018,12340000
30/08/2018,12250000
31/08/2018,13540000
04/09/2018,13130000
05/09/2018,13690000
06/09/2018,14210000
07/09/2018,14720000
10/09/2018,15090000
11/09/2018,13960000
12/09/2018,13070000
13/09/2018,12910000
14/09/2018,12130000
17/09/2018,12720000
18/09/2018,13480000
19/09/2018,12610000
20/09/2018,11820000
21/09/2018,11760000
24/09/2018,12460000
25/09/2018,12280000
26/09/2018,12210000
27/09/2018,12770000
28/09/2018,12590000
01/10/2018,11990000
02/10/2018,12470000
03/10/2018,11660000
04/10/2018,12840000
05/10/2018,14290000
08/10/2018,16050000
09/10/2018,16120000
10/10/2018,16030000
11/10/2018,23070000
12/10/2018,21630000
15/10/2018,21970000
16/10/2018,20280000
17/10/2018,17060000
18/10/2018,18020000
19/10/2018,19240000
22/10/2018,19380000
23/10/2018,22180000
24/10/2018,21600000
25/10/2018,24780000
26/10/2018,24510000
29/10/2018,24480000
30/10/2018,23940000
31/10/2018,22720000
01/11/2018,20960000
02/11/2018,18520000
05/11/2018,20580000
06/11/2018,19840000
07/11/2018,18030000
08/11/2018,16180000
09/11/2018,16870000
12/11/2018,17260000
13/11/2018,19450000
14/11/2018,20520000
15/11/2018,20410000
16/11/2018,20040000
19/11/2018,18780000
20/11/2018,20760000
21/11/2018,21660000
23/11/2018,21230000
26/11/2018,20780000
27/11/2018,19410000
28/11/2018,18870000
29/11/2018,18650000
30/11/2018,19180000
03/12/2018,16040000
04/12/2018,16840000
06/12/2018,23530000
07/12/2018,22420000
10/12/2018,23950000
11/12/2018,22960000
12/12/2018,21910000
13/12/2018,21000000
14/12/2018,21570000
17/12/2018,22360000
18/12/2018,24680000
19/12/2018,25150000
20/12/2018,26090000
21/12/2018,28240000
24/12/2018,29290000
26/12/2018,35500000
27/12/2018,31200000
28/12/2018,29970000
31/12/2018,27590000
02/01/2019,27540000
03/01/2019,25680000
04/01/2019,24360000
07/01/2019,22060000
08/01/2019,20960000
09/01/2019,20440000
10/01/2019,20980000
11/01/2019,19680000
14/01/2019,19840000
15/01/2019,18530000
16/01/2019,18080000
17/01/2019,19510000
18/01/2019,17800000
22/01/2019,18530000
23/01/2019,20850000
24/01/2019,19690000
25/01/2019,18430000
28/01/2019,18560000
29/01/2019,19450000
30/01/2019,19150000
31/01/2019,17390000
01/02/2019,16630000
04/02/2019,16720000
05/02/2019,15790000
06/02/2019,15440000
07/02/2019,15660000
08/02/2019,16810000
11/02/2019,16170000
12/02/2019,15230000
13/02/2019,15460000
14/02/2019,15610000
15/02/2019,16820000
19/02/2019,15650000
20/02/2019,14920000
21/02/2019,14000000
22/02/2019,14460000
25/02/2019,13910000
26/02/2019,15160000
27/02/2019,15530000
28/02/2019,15170000
01/03/2019,14570000
04/03/2019,13770000
05/03/2019,14520000
06/03/2019,14910000
07/03/2019,16330000
08/03/2019,17380000
11/03/2019,16280000
12/03/2019,13970000
13/03/2019,14000000
14/03/2019,13350000
15/03/2019,13210000
18/03/2019,13130000
19/03/2019,12890000
20/03/2019,13540000
21/03/2019,14110000
22/03/2019,13770000
25/03/2019,17760000
26/03/2019,16220000
27/03/2019,14520000
28/03/2019,15380000
29/03/2019,14190000
01/04/2019,13900000
02/04/2019,13620000
03/04/2019,13060000
04/04/2019,13840000
05/04/2019,13460000
08/04/2019,13550000
09/04/2019,13460000
10/04/2019,14090000
11/04/2019,13370000
12/04/2019,12960000
15/04/2019,12460000
16/04/2019,12260000
17/04/2019,12120000
18/04/2019,12800000
22/04/2019,13210000
23/04/2019,12660000
24/04/2019,12530000
25/04/2019,13290000
26/04/2019,13440000
29/04/2019,13040000
30/04/2019,13110000
01/05/2019,12860000
02/05/2019,14350000
03/05/2019,14110000
06/05/2019,12890000
07/05/2019,15900000
08/05/2019,18950000
09/05/2019,21400000
10/05/2019,18790000
13/05/2019,18620000
14/05/2019,19400000
15/05/2019,17570000
16/05/2019,16690000
17/05/2019,15890000
20/05/2019,15880000
21/05/2019,15860000
22/05/2019,15060000
23/05/2019,15930000
24/05/2019,16340000
28/05/2019,16550000
29/05/2019,18550000
30/05/2019,17470000
31/05/2019,19050000
03/06/2019,19410000
04/06/2019,18740000
05/06/2019,17060000
06/06/2019,16250000
07/06/2019,15650000
10/06/2019,16300000
11/06/2019,15840000
12/06/2019,16260000
13/06/2019,16160000
14/06/2019,16000000
17/06/2019,15650000
18/06/2019,14890000
19/06/2019,15050000
20/06/2019,14040000
21/06/2019,14740000
24/06/2019,15460000
25/06/2019,15430000
26/06/2019,16100000
27/06/2019,15660000
28/06/2019,15700000
01/07/2019,13850000
02/07/2019,14160000
03/07/2019,13180000
05/07/2019,13000000
08/07/2019,13730000
09/07/2019,14470000
10/07/2019,14380000
11/07/2019,13010000
12/07/2019,12760000
15/07/2019,12580000
16/07/2019,12610000
17/07/2019,12620000
18/07/2019,14450000
19/07/2019,13310000
22/07/2019,14550000
23/07/2019,13420000
24/07/2019,12800000
25/07/2019,12240000
26/07/2019,12580000
29/07/2019,12150000
30/07/2019,12870000
31/07/2019,13830000
01/08/2019,15410000
02/08/2019,17690000
05/08/2019,19960000
06/08/2019,22290000
07/08/2019,20700000
08/08/2019,19360000
09/08/2019,18140000
12/08/2019,17870000
13/08/2019,21280000
14/08/2019,17810000
15/08/2019,21580000
16/08/2019,20480000
19/08/2019,17930000
20/08/2019,16780000
21/08/2019,17010000
22/08/2019,16120000
23/08/2019,16150000
26/08/2019,20340000
27/08/2019,20180000
28/08/2019,20550000
29/08/2019,19020000
30/08/2019,17940000
03/09/2019,20960000
04/09/2019,18230000
05/09/2019,16920000
06/09/2019,15920000
09/09/2019,15260000
10/09/2019,15530000
11/09/2019,15330000
12/09/2019,14690000
13/09/2019,14160000
16/09/2019,14890000
17/09/2019,14920000
18/09/2019,14610000
19/09/2019,14660000
20/09/2019,13940000
23/09/2019,15350000
24/09/2019,14770000
25/09/2019,17050000
26/09/2019,16230000
27/09/2019,15770000
30/09/2019,17230000
01/10/2019,16020000
02/10/2019,18750000
03/10/2019,20110000
04/10/2019,19420000
07/10/2019,18270000
08/10/2019,17610000
09/10/2019,19940000
10/10/2019,19280000
11/10/2019,17350000
14/10/2019,15660000
15/10/2019,13940000
16/10/2019,13940000
17/10/2019,13790000
18/10/2019,14200000
21/10/2019,14240000
22/10/2019,13990000
23/10/2019,14830000
24/10/2019,13980000
25/10/2019,13530000
28/10/2019,13010000
29/10/2019,13160000
30/10/2019,13230000
31/10/2019,12210000
01/11/2019,12990000
04/11/2019,12680000
05/11/2019,12850000
06/11/2019,13180000
07/11/2019,12590000
08/11/2019,12980000
11/11/2019,13150000
12/11/2019,12640000
13/11/2019,12910000
14/11/2019,13160000
15/11/2019,12950000
18/11/2019,12390000
19/11/2019,12330000
20/11/2019,13420000
21/11/2019,13350000
22/11/2019,12820000
25/11/2019,12510000
26/11/2019,11880000
27/11/2019,11550000
29/11/2019,12500000
02/12/2019,12690000
03/12/2019,14680000
04/12/2019,16380000
05/12/2019,14460000
06/12/2019,14370000
09/12/2019,14250000
10/12/2019,15800000
11/12/2019,15570000
12/12/2019,14940000
13/12/2019,13180000
16/12/2019,12470000
17/12/2019,12230000
18/12/2019,12240000
19/12/2019,12550000
20/12/2019,12550000
23/12/2019,12810000
24/12/2019,12650000
26/12/2019,12740000
27/12/2019,12610000
30/12/2019,13740000
31/12/2019,14840000
02/01/2020,13460000
03/01/2020,15010000
06/01/2020,15450000
07/01/2020,13840000
08/01/2020,15160000
09/01/2020,12950000
10/01/2020,12420000
13/01/2020,12840000
14/01/2020,12720000
15/01/2020,12790000
16/01/2020,12200000
17/01/2020,12210000
21/01/2020,13230000
22/01/2020,12450000
23/01/2020,13260000
24/01/2020,12750000
27/01/2020,17420000
28/01/2020,16940000
29/01/2020,15680000
30/01/2020,17820000
31/01/2020,16250000
03/02/2020,18640000
04/02/2020,16450000
05/02/2020,16290000
06/02/2020,15130000
07/02/2020,15070000
10/02/2020,15880000
11/02/2020,14910000
12/02/2020,14860000
13/02/2020,14430000
14/02/2020,14120000
18/02/2020,14980000
19/02/2020,14660000
20/02/2020,14540000
21/02/2020,17330000
24/02/2020,22250000
25/02/2020,22190000
26/02/2020,26630000
27/02/2020,28950000
28/02/2020,42020000
02/03/2020,34860000
03/03/2020,33640000
04/03/2020,34440000
05/03/2020,33610000
06/03/2020,41460000
09/03/2020,41940000
10/03/2020,49680000
11/03/2020,52240000
12/03/2020,61460000
13/03/2020,71310000
16/03/2020,57830000
17/03/2020,82690000
18/03/2020,69370000
19/03/2020,80620000
20/03/2020,67860000
23/03/2020,74080000
24/03/2020,58760000
25/03/2020,61440000
26/03/2020,65670000
27/03/2020,64950000
30/03/2020,66300000
31/03/2020,56690000
01/04/2020,57380000
02/04/2020,54460000
03/04/2020,51110000
06/04/2020,44170000
07/04/2020,44830000
08/04/2020,45900000
09/04/2020,43000000
13/04/2020,44600000
14/04/2020,40240000
15/04/2020,39400000
16/04/2020,41920000
17/04/2020,39500000
20/04/2020,40680000
21/04/2020,44280000
22/04/2020,44910000
23/04/2020,41300000
24/04/2020,41910000
27/04/2020,36290000
28/04/2020,33210000
29/04/2020,32480000
30/04/2020,30990000
01/05/2020,38170000
04/05/2020,39130000
05/05/2020,34820000
06/05/2020,32690000
07/05/2020,32120000
08/05/2020,30140000
11/05/2020,28460000
12/05/2020,28470000
13/05/2020,32740000
14/05/2020,35160000
15/05/2020,32500000
18/05/2020,30710000
19/05/2020,28730000
20/05/2020,29520000
21/05/2020,28970000
22/05/2020,31360000
26/05/2020,27720000
27/05/2020,27620000
28/05/2020,27820000
29/05/2020,29300000
01/06/2020,28940000
02/06/2020,28400000
03/06/2020,26750000
04/06/2020,26230000
05/06/2020,24790000
08/06/2020,25560000
09/06/2020,25930000
10/06/2020,26730000
11/06/2020,30450000
12/06/2020,37680000
15/06/2020,44090000
16/06/2020,34280000
17/06/2020,33280000
18/06/2020,33830000
19/06/2020,32070000
22/06/2020,35220000
23/06/2020,31710000
24/06/2020,31050000
25/06/2020,36590000
26/06/2020,33010000
29/06/2020,35050000
30/06/2020,32540000
01/07/2020,30960000
02/07/2020,28330000
06/07/2020,27760000
07/07/2020,28770000
08/07/2020,28950000
09/07/2020,28180000
10/07/2020,30860000
13/07/2020,27850000
14/07/2020,31140000
15/07/2020,29150000
16/07/2020,28410000
17/07/2020,27150000
20/07/2020,26940000
21/07/2020,24080000
22/07/2020,24560000
23/07/2020,23970000
24/07/2020,27960000
27/07/2020,26600000
28/07/2020,24860000
29/07/2020,25160000
30/07/2020,25040000
31/07/2020,24790000
03/08/2020,25750000
04/08/2020,24010000
05/08/2020,23440000
06/08/2020,23030000
07/08/2020,23450000
10/08/2020,22880000
11/08/2020,21850000
12/08/2020,22820000
13/08/2020,22200000
14/08/2020,22270000
17/08/2020,22520000
18/08/2020,21690000
19/08/2020,21600000
20/08/2020,24100000
21/08/2020,22580000
24/08/2020,22870000
25/08/2020,22160000
26/08/2020,22140000
27/08/2020,23420000
28/08/2020,24590000
31/08/2020,23910000
01/09/2020,25860000
02/09/2020,26010000
03/09/2020,26280000
04/09/2020,34620000
08/09/2020,30610000
09/09/2020,31680000
10/09/2020,28670000
11/09/2020,28630000
14/09/2020,25860000
15/09/2020,25920000
16/09/2020,25310000
17/09/2020,28220000
18/09/2020,26650000
21/09/2020,28040000
22/09/2020,28610000
23/09/2020,27020000
24/09/2020,29540000
25/09/2020,28170000
28/09/2020,27150000
29/09/2020,26810000
30/09/2020,26690000
01/10/2020,25780000
02/10/2020,28870000
05/10/2020,29520000
06/10/2020,28050000
07/10/2020,29260000
08/10/2020,27650000
09/10/2020,26200000
12/10/2020,25650000
13/10/2020,25670000
14/10/2020,25720000
15/10/2020,27100000
16/10/2020,27160000
19/10/2020,27360000
20/10/2020,28810000
21/10/2020,29120000
22/10/2020,30100000
23/10/2020,28470000
26/10/2020,29380000
27/10/2020,32040000
28/10/2020,34690000
29/10/2020,38800000
30/10/2020,40810000
02/11/2020,38570000
03/11/2020,36440000
04/11/2020,36790000
05/11/2020,27560000
06/11/2020,27870000
09/11/2020,24800000
10/11/2020,25360000
11/11/2020,25010000
12/11/2020,24390000
13/11/2020,24940000
16/11/2020,23660000
17/11/2020,22840000
18/11/2020,22860000
19/11/2020,23620000
20/11/2020,23430000
23/11/2020,23660000
24/11/2020,22040000
25/11/2020,21650000
27/11/2020,21520000
30/11/2020,22640000
01/12/2020,20210000
02/12/2020,21000000
03/12/2020,21240000
04/12/2020,21050000
07/12/2020,22040000
08/12/2020,21650000
09/12/2020,20660000
10/12/2020,22120000
11/12/2020,22490000
14/12/2020,22670000
15/12/2020,24000000
16/12/2020,22510000
17/12/2020,21980000
18/12/2020,22150000
21/12/2020,24250000
22/12/2020,25240000
23/12/2020,23490000
24/12/2020,22470000
28/12/2020,22110000
29/12/2020,21610000
30/12/2020,22580000
31/12/2020,22990000
04/01/2021,23040000
05/01/2021,26940000
06/01/2021,25480000
07/01/2021,23670000
08/01/2021,22430000
11/01/2021,23310000
12/01/2021,23490000
13/01/2021,23070000
14/01/2021,22220000
15/01/2021,23520000
19/01/2021,23030000
20/01/2021,22820000
21/01/2021,21340000
22/01/2021,22240000
25/01/2021,22310000
26/01/2021,23910000
27/01/2021,23820000
28/01/2021,33250000
29/01/2021,35160000
01/02/2021,31450000
02/02/2021,28010000
03/02/2021,24590000
04/02/2021,23440000
05/02/2021,21990000
08/02/2021,21890000
09/02/2021,21570000
10/02/2021,21640000
11/02/2021,22090000
12/02/2021,21600000
16/02/2021,21130000
17/02/2021,22020000
18/02/2021,21980000
19/02/2021,23100000
22/02/2021,24460000
23/02/2021,22820000
24/02/2021,23760000
25/02/2021,21730000
26/02/2021,28730000
01/03/2021,25200000
02/03/2021,23580000
03/03/2021,22800000
04/03/2021,26520000
05/03/2021,29480000
08/03/2021,27610000
09/03/2021,25110000
10/03/2021,23760000
11/03/2021,22500000
12/03/2021,22570000
15/03/2021,21840000
16/03/2021,20140000
17/03/2021,20100000
18/03/2021,18950000
19/03/2021,21430000
22/03/2021,21910000
23/03/2021,19460000
24/03/2021,20640000
25/03/2021,20800000
26/03/2021,19320000
29/03/2021,20400000
30/03/2021,20760000
31/03/2021,19800000
01/04/2021,18600000
05/04/2021,18160000
06/04/2021,18070000
07/04/2021,17990000
08/04/2021,16920000
09/04/2021,17050000
12/04/2021,17430000
13/04/2021,16990000
14/04/2021,16710000
15/04/2021,16780000
16/04/2021,16650000
19/04/2021,17040000
20/04/2021,17360000
21/04/2021,18480000
22/04/2021,17280000
23/04/2021,18560000
26/04/2021,17940000
27/04/2021,17620000
28/04/2021,17470000
29/04/2021,16880000
30/04/2021,17670000
03/05/2021,18650000
04/05/2021,18160000
05/05/2021,18840000
06/05/2021,18410000
07/05/2021,18450000
10/05/2021,17340000
11/05/2021,21170000
12/05/2021,22420000
13/05/2021,26030000
14/05/2021,21770000
17/05/2021,19890000
18/05/2021,18890000
19/05/2021,22460000
20/05/2021,22330000
21/05/2021,20420000
24/05/2021,20500000
25/05/2021,18350000
26/05/2021,18370000
27/05/2021,18030000
28/05/2021,16800000
01/06/2021,17240000
02/06/2021,17860000
03/06/2021,17730000
04/06/2021,18090000
07/06/2021,17340000
08/06/2021,16580000
09/06/2021,17180000
10/06/2021,18180000
11/06/2021,16180000
14/06/2021,16040000
15/06/2021,16270000
16/06/2021,16990000
17/06/2021,18490000
18/06/2021,16960000
21/06/2021,21740000
22/06/2021,17910000
23/06/2021,16250000
24/06/2021,15990000
25/06/2021,16040000
28/06/2021,16070000
29/06/2021,15690000
30/06/2021,16180000
01/07/2021,15620000
02/07/2021,15530000
06/07/2021,15770000
07/07/2021,16430000
08/07/2021,17740000
09/07/2021,17880000
12/07/2021,16850000
13/07/2021,16390000
14/07/2021,17340000
15/07/2021,16700000
16/07/2021,16800000
19/07/2021,19610000
20/07/2021,20890000
21/07/2021,19730000
22/07/2021,17590000
23/07/2021,16980000
26/07/2021,18670000
27/07/2021,18620000
28/07/2021,19410000
29/07/2021,17910000
30/07/2021,19690000
02/08/2021,18160000
03/08/2021,19170000
04/08/2021,18230000
05/08/2021,17730000
06/08/2021,17460000
09/08/2021,17120000
10/08/2021,16820000
11/08/2021,16810000
12/08/2021,16330000
13/08/2021,15680000
16/08/2021,17050000
17/08/2021,17310000
18/08/2021,17560000
19/08/2021,23120000
20/08/2021,22740000
23/08/2021,18830000
24/08/2021,16960000
25/08/2021,17420000
26/08/2021,17460000
27/08/2021,17950000
30/08/2021,16770000
31/08/2021,15980000
01/09/2021,16060000
02/09/2021,16270000
03/09/2021,16270000
07/09/2021,16940000
08/09/2021,18970000
09/09/2021,19440000
10/09/2021,17940000
13/09/2021,19640000
14/09/2021,19580000
15/09/2021,19300000
16/09/2021,18410000
17/09/2021,18370000
20/09/2021,24250000
21/09/2021,23410000
22/09/2021,22720000
23/09/2021,19910000
24/09/2021,19330000
27/09/2021,17780000
28/09/2021,19740000
29/09/2021,22070000
30/09/2021,21480000
01/10/2021,24780000
04/10/2021,22900000
05/10/2021,22920000
06/10/2021,22950000
07/10/2021,20540000
08/10/2021,19460000
11/10/2021,19930000
12/10/2021,20620000
13/10/2021,20140000
14/10/2021,18010000
15/10/2021,16640000
18/10/2021,17290000
19/10/2021,16090000
20/10/2021,15820000
21/10/2021,16060000
22/10/2021,15350000
25/10/2021,16140000
26/10/2021,15020000
27/10/2021,15790000
28/10/2021,17060000
29/10/2021,17400000
01/11/2021,16850000
02/11/2021,16540000
03/11/2021,16110000
04/11/2021,15060000
05/11/2021,15590000
08/11/2021,17230000
09/11/2021,17430000
10/11/2021,17740000
11/11/2021,18340000
12/11/2021,17490000
15/11/2021,17030000
16/11/2021,16860000
17/11/2021,16360000
18/11/2021,16810000
19/11/2021,17360000
22/11/2021,18200000
23/11/2021,20240000
24/11/2021,19170000
26/11/2021,26620000
29/11/2021,25310000
30/11/2021,26230000
01/12/2021,24920000
02/12/2021,29440000
03/12/2021,26950000
06/12/2021,28990000
07/12/2021,24580000
08/12/2021,21740000
09/12/2021,20310000
10/12/2021,21270000
13/12/2021,19290000
14/12/2021,19670000
15/12/2021,21600000
16/12/2021,18560000
17/12/2021,20700000
20/12/2021,25890000
21/12/2021,22280000
22/12/2021,21040000
23/12/2021,18810000
27/12/2021,19370000
28/12/2021,17780000
29/12/2021,17630000
30/12/2021,17300000
31/12/2021,17630000
03/01/2022,17600000
04/01/2022,16570000
05/01/2022,17070000
06/01/2022,20290000
07/01/2022,19850000
10/01/2022,19580000
11/01/2022,19620000
12/01/2022,18170000
13/01/2022,18060000
14/01/2022,20110000
18/01/2022,21180000
19/01/2022,23120000
20/01/2022,23460000
21/01/2022,25380000
24/01/2022,28200000
25/01/2022,32290000
26/01/2022,29350000
27/01/2022,32190000
28/01/2022,30270000
31/01/2022,28360000
01/02/2022,24570000
02/02/2022,21560000
03/02/2022,22630000
04/02/2022,23770000
07/02/2022,24090000
08/02/2022,23090000
09/02/2022,21270000
10/02/2022,20370000
11/02/2022,24390000
14/02/2022,29170000
15/02/2022,28090000
16/02/2022,25190000
17/02/2022,24830000
18/02/2022,26660000
22/02/2022,31800000
23/02/2022,28040000
24/02/2022,37500000
25/02/2022,31680000
28/02/2022,32440000
01/03/2022,29450000
02/03/2022,34200000
03/03/2022,30520000
04/03/2022,31900000
07/03/2022,35880000
08/03/2022,36190000
09/03/2022,33740000
10/03/2022,33030000
11/03/2022,30430000
14/03/2022,31030000
15/03/2022,33130000
16/03/2022,29020000
17/03/2022,26510000
18/03/2022,26360000
21/03/2022,25140000
22/03/2022,24020000
23/03/2022,23040000
24/03/2022,23610000
25/03/2022,21870000
28/03/2022,22140000
29/03/2022,19700000
30/03/2022,19380000
31/03/2022,19680000
01/04/2022,20620000
04/04/2022,20750000
05/04/2022,18790000
06/04/2022,21270000
07/04/2022,21970000
08/04/2022,21250000
11/04/2022,23090000
12/04/2022,24940000
13/04/2022,23520000
14/04/2022,21720000
18/04/2022,24520000
19/04/2022,22550000
20/04/2022,21130000
21/04/2022,20240000
22/04/2022,22710000
25/04/2022,30040000
26/04/2022,27380000
27/04/2022,31110000
28/04/2022,29910000
29/04/2022,28970000
02/05/2022,33350000
03/05/2022,31760000
04/05/2022,29120000
05/05/2022,25970000
06/05/2022,32230000
09/05/2022,31900000
10/05/2022,33660000
11/05/2022,32870000
12/05/2022,33740000
13/05/2022,31090000
16/05/2022,30010000
17/05/2022,27070000
18/05/2022,26740000
19/05/2022,31240000
20/05/2022,28780000
23/05/2022,28980000
24/05/2022,29430000
25/05/2022,29330000
26/05/2022,28420000
27/05/2022,27500000
30/05/2022,26160000
31/05/2022,27470000
01/06/2022,26050000
02/06/2022,25730000
03/06/2022,24910000
06/06/2022,25370000
07/06/2022,25540000
08/06/2022,24370000
09/06/2022,24290000
10/06/2022,26260000
13/06/2022,31370000
14/06/2022,33010000
15/06/2022,32390000
16/06/2022,30350000
17/06/2022,32840000
20/06/2022,32060000
21/06/2022,30630000
22/06/2022,31450000
23/06/2022,29290000
24/06/2022,29070000
27/06/2022,28300000
28/06/2022,26900000
29/06/2022,28800000
30/06/2022,29420000
01/07/2022,29530000
04/07/2022,27960000
05/07/2022,27370000
06/07/2022,27840000
07/07/2022,26730000
08/07/2022,26410000
11/07/2022,26420000
12/07/2022,27140000
13/07/2022,27350000
14/07/2022,27470000
15/07/2022,26720000
18/07/2022,24830000
19/07/2022,25120000
20/07/2022,24230000
21/07/2022,24070000
22/07/2022,23300000
25/07/2022,24330000
26/07/2022,23950000
27/07/2022,24270000
28/07/2022,23330000
29/07/2022,22130000
01/08/2022,22410000
02/08/2022,24080000
03/08/2022,23860000
04/08/2022,22060000
05/08/2022,21500000
08/08/2022,21740000
09/08/2022,21410000
10/08/2022,22280000
11/08/2022,19840000
12/08/2022,20340000
15/08/2022,20740000
16/08/2022,20230000
17/08/2022,19740000
18/08/2022,20510000
19/08/2022,20160000
22/08/2022,22410000
23/08/2022,24130000
24/08/2022,24370000
25/08/2022,22410000
26/08/2022,22070000
29/08/2022,26860000
30/08/2022,25750000
31/08/2022,25860000
01/09/2022,26880000
02/09/2022,25510000
05/09/2022,26510000
06/09/2022,25460000
07/09/2022,26930000
08/09/2022,24700000
09/09/2022,23490000
12/09/2022,23580000
13/09/2022,23670000
14/09/2022,26730000
15/09/2022,26100000
16/09/2022,27470000
19/09/2022,27690000
20/09/2022,25650000
21/09/2022,28030000
22/09/2022,28160000
23/09/2022,27680000
26/09/2022,31740000
27/09/2022,31200000
28/09/2022,34500000
29/09/2022,31670000
30/09/2022,31610000
03/10/2022,33000000
04/10/2022,29520000
05/10/2022,29360000
06/10/2022,28600000
07/10/2022,30370000
10/10/2022,32930000
11/10/2022,33560000
12/10/2022,33540000
13/10/2022,33600000
14/10/2022,31890000
17/10/2022,32270000
18/10/2022,31100000
19/10/2022,30940000
20/10/2022,31300000
21/10/2022,30210000
24/10/2022,30650000
25/10/2022,29800000
26/10/2022,28440000
27/10/2022,27510000
28/10/2022,27430000
31/10/2022,26910000
01/11/2022,25960000
02/11/2022,26040000
03/11/2022,25980000
04/11/2022,25630000
07/11/2022,25670000
08/11/2022,24710000
09/11/2022,25340000
10/11/2022,26510000
11/11/2022,23890000
14/11/2022,23990000
15/11/2022,23770000
16/11/2022,24290000
17/11/2022,24050000
18/11/2022,24030000
21/11/2022,24050000
22/11/2022,22590000
23/11/2022,21490000
24/11/2022,20500000
25/11/2022,20610000
28/11/2022,22090000
29/11/2022,22090000
30/11/2022,21700000
01/12/2022,20830000
02/12/2022,20420000
05/12/2022,20300000
06/12/2022,20690000
07/12/2022,22320000
08/12/2022,22810000
09/12/2022,22550000
12/12/2022,24400000
13/12/2022,25240000
14/12/2022,22830000
15/12/2022,21520000
16/12/2022,23260000
19/12/2022,22630000
20/12/2022,23170000
21/12/2022,21250000
22/12/2022,20080000
23/12/2022,22170000
27/12/2022,21670000
28/12/2022,21470000
29/12/2022,22250000
30/12/2022,21830000
03/01/2023,23090000
04/01/2023,22930000
05/01/2023,22200000
06/01/2023,22690000
09/01/2023,21750000
10/01/2023,22220000
11/01/2023,20800000
12/01/2023,21560000
13/01/2023,19000000
16/01/2023,19440000
17/01/2023,19890000
18/01/2023,19280000
19/01/2023,20430000
20/01/2023,20280000
23/01/2023,20210000
24/01/2023,19890000
25/01/2023,19560000
26/01/2023,19050000
27/01/2023,18900000
30/01/2023,19760000
31/01/2023,20120000
01/02/2023,19620000
02/02/2023,17740000
03/02/2023,18570000
06/02/2023,19230000
07/02/2023,19540000
08/02/2023,18880000
09/02/2023,19240000
10/02/2023,20740000
13/02/2023,21660000
14/02/2023,20720000
15/02/2023,19370000
16/02/2023,18260000
17/02/2023,20940000
20/02/2023,21060000
21/02/2023,21800000
22/02/2023,23030000
23/02/2023,21960000
24/02/2023,21350000
27/02/2023,21990000
28/02/2023,21300000
01/03/2023,20390000
02/03/2023,21410000
03/03/2023,19760000
06/03/2023,19050000
07/03/2023,18640000
08/03/2023,19710000
09/03/2023,19330000
10/03/2023,23340000
13/03/2023,24050000
14/03/2023,26850000
15/03/2023,23210000
16/03/2023,26190000
17/03/2023,22920000
20/03/2023,27770000
21/03/2023,24160000
22/03/2023,21800000
23/03/2023,21540000
24/03/2023,22110000
27/03/2023,22050000
28/03/2023,20530000
29/03/2023,19390000
30/03/2023,19120000
31/03/2023,19210000
03/04/2023,19790000
04/04/2023,18790000
05/04/2023,19420000
06/04/2023,19300000
10/04/2023,19390000
11/04/2023,19080000
12/04/2023,19380000
13/04/2023,18830000
14/04/2023,17940000
17/04/2023,17580000
18/04/2023,16940000
19/04/2023,17300000
20/04/2023,16850000
21/04/2023,17510000
24/04/2023,18220000
25/04/2023,17620000
26/04/2023,18660000
27/04/2023,18430000
28/04/2023,17210000
01/05/2023,16410000
02/05/2023,16270000
03/05/2023,17820000
04/05/2023,19170000
05/05/2023,19500000
08/05/2023,17730000
09/05/2023,17290000
10/05/2023,17580000
11/05/2023,16800000
12/05/2023,16830000
15/05/2023,17440000
16/05/2023,17540000
17/05/2023,17960000
18/05/2023,16920000
19/05/2023,16130000
22/05/2023,17450000
23/05/2023,17350000
24/05/2023,18800000
25/05/2023,19540000
26/05/2023,19070000
29/05/2023,17530000
30/05/2023,17560000
31/05/2023,18040000
01/06/2023,17240000
02/06/2023,15650000
05/06/2023,15280000
06/06/2023,14910000
07/06/2023,14140000
08/06/2023,14140000
09/06/2023,13780000
12/06/2023,14440000
13/06/2023,14990000
14/06/2023,14480000
15/06/2023,14090000
16/06/2023,14490000
19/06/2023,14090000
20/06/2023,14360000
21/06/2023,13880000
22/06/2023,13880000
23/06/2023,13240000
26/06/2023,14430000
27/06/2023,14110000
28/06/2023,13900000
29/06/2023,13640000
30/06/2023,13510000
03/07/2023,13850000
04/07/2023,13540000
05/07/2023,14190000
06/07/2023,14850000
07/07/2023,15970000
10/07/2023,16080000
11/07/2023,15020000
12/07/2023,14820000
13/07/2023,13440000
14/07/2023,13720000
17/07/2023,13780000
18/07/2023,13610000
19/07/2023,13320000
20/07/2023,13960000
21/07/2023,13870000
24/07/2023,14290000
25/07/2023,14020000
26/07/2023,13860000
27/07/2023,13140000
28/07/2023,14030000
31/07/2023,13980000
01/08/2023,13750000
02/08/2023,15700000
03/08/2023,16770000
04/08/2023,16010000
07/08/2023,16900000
08/08/2023,16280000
09/08/2023,15810000
10/08/2023,15580000
11/08/2023,15530000
14/08/2023,15880000
15/08/2023,14950000
16/08/2023,16540000
17/08/2023,16960000
18/08/2023,17800000
21/08/2023,18030000
22/08/2023,16960000
23/08/2023,16640000
24/08/2023,15570000
25/08/2023,17210000
28/08/2023,16240000
29/08/2023,15080000
30/08/2023,14530000
31/08/2023,13980000
01/09/2023,13560000
04/09/2023,13620000
05/09/2023,14150000
06/09/2023,14270000
07/09/2023,14810000
08/09/2023,14220000
11/09/2023,14170000
12/09/2023,14020000
13/09/2023,14420000
14/09/2023,13390000
15/09/2023,12700000
18/09/2023,14400000
19/09/2023,14110000
20/09/2023,14180000
21/09/2023,15490000
22/09/2023,17310000
25/09/2023,17250000
26/09/2023,18030000
27/09/2023,18290000
28/09/2023,18220000
29/09/2023,16870000
02/10/2023,17310000
03/10/2023,17810000
04/10/2023,20720000
05/10/2023,18670000
06/10/2023,18730000
09/10/2023,19540000
10/10/2023,17700000
11/10/2023,16950000
12/10/2023,16080000
13/10/2023,16530000
16/10/2023,19100000
17/10/2023,17410000
18/10/2023,18360000
19/10/2023,19730000
20/10/2023,21590000
23/10/2023,21830000
24/10/2023,20030000
25/10/2023,19390000
26/10/2023,21780000
27/10/2023,20390000
30/10/2023,21130000
31/10/2023,19860000
01/11/2023,18020000
02/11/2023,16590000
03/11/2023,15700000
06/11/2023,15390000
07/11/2023,15100000
08/11/2023,14910000
09/11/2023,14610000
10/11/2023,15090000
13/11/2023,15160000
14/11/2023,14830000
15/11/2023,14210000
16/11/2023,14120000
17/11/2023,14180000
20/11/2023,14260000
21/11/2023,13450000
22/11/2023,13080000
23/11/2023,12840000
24/11/2023,13030000
27/11/2023,13140000
28/11/2023,12780000
29/11/2023,12710000
30/11/2023,13070000
01/12/2023,12940000
04/12/2023,13280000
05/12/2023,13260000
06/12/2023,12780000
07/12/2023,13170000
08/12/2023,13140000
11/12/2023,13050000
12/12/2023,12690000
13/12/2023,12200000
14/12/2023,11960000
15/12/2023,12120000
18/12/2023,12620000
19/12/2023,12600000
20/12/2023,12630000
21/12/2023,13400000
22/12/2023,13720000
26/12/2023,13770000
27/12/2023,13020000
28/12/2023,12440000
29/12/2023,12550000
02/01/2024,13220000
03/01/2024,13350000
04/01/2024,13930000
05/01/2024,14240000
08/01/2024,14000000
09/01/2024,13200000
10/01/2024,12860000
11/01/2024,12640000
12/01/2024,12660000
15/01/2024,13230000
16/01/2024,14120000
17/01/2024,14590000
18/01/2024,14850000
19/01/2024,13800000
22/01/2024,13770000
23/01/2024,13200000
24/01/2024,12660000
25/01/2024,13180000
26/01/2024,13730000
29/01/2024,13980000
30/01/2024,13690000
31/01/2024,13420000
01/02/2024,14210000
02/02/2024,13950000
05/02/2024,14370000
06/02/2024,13570000
07/02/2024,13060000
08/02/2024,12950000
09/02/2024,12790000
12/02/2024,13480000
13/02/2024,13960000
14/02/2024,15380000
15/02/2024,14270000
16/02/2024,13940000
19/02/2024,14720000
20/02/2024,15090000
21/02/2024,15540000
22/02/2024,14280000
23/02/2024,14310000
26/02/2024,14170000
27/02/2024,13630000
28/02/2024,13520000
29/02/2024,14140000
01/03/2024,13340000
04/03/2024,13490000
05/03/2024,13750000
06/03/2024,14270000
07/03/2024,14980000
08/03/2024,14220000
11/03/2024,15510000
12/03/2024,14970000
13/03/2024,13890000
14/03/2024,13620000
15/03/2024,14330000
18/03/2024,14750000
19/03/2024,14500000
20/03/2024,13830000
21/03/2024,12980000
22/03/2024,12920000
25/03/2024,13670000
26/03/2024,13120000
27/03/2024,13130000
28/03/2024,12930000
01/04/2024,13610000
02/04/2024,13740000
03/04/2024,15000000
04/04/2024,14290000
05/04/2024,16450000
08/04/2024,16240000
09/04/2024,15340000
10/04/2024,15240000
11/04/2024,16020000
12/04/2024,14910000
15/04/2024,16940000
16/04/2024,19490000
17/04/2024,18240000
18/04/2024,17910000
19/04/2024,21330000
22/04/2024,18590000
23/04/2024,16720000
24/04/2024,15760000
25/04/2024,16250000
26/04/2024,15490000
29/04/2024,15370000
30/04/2024,14820000
01/05/2024,15750000
02/05/2024,15140000
03/05/2024,14510000
06/05/2024,13980000
07/05/2024,13520000
08/05/2024,13240000
09/05/2024,13080000
10/05/2024,12770000
13/05/2024,13260000
14/05/2024,13710000
15/05/2024,13730000
16/05/2024,12520000
17/05/2024,12280000
20/05/2024,12270000
21/05/2024,12300000
22/05/2024,12050000
23/05/2024,11530000
24/05/2024,12860000
27/05/2024,12410000
28/05/2024,12510000
29/05/2024,13750000
30/05/2024,14820000
31/05/2024,14500000
03/06/2024,13080000
04/06/2024,13510000
05/06/2024,13140000
06/06/2024,12750000
07/06/2024,12690000
10/06/2024,13090000
11/06/2024,12850000
12/06/2024,13100000
13/06/2024,12050000
14/06/2024,12220000
17/06/2024,13070000
18/06/2024,12700000
19/06/2024,12320000
20/06/2024,12500000
21/06/2024,13220000
24/06/2024,13850000
25/06/2024,13480000
26/06/2024,12810000
27/06/2024,12690000
28/06/2024,12240000
01/07/2024,12980000
02/07/2024,12670000
03/07/2024,12130000
04/07/2024,12100000
05/07/2024,12370000
08/07/2024,12910000
09/07/2024,12480000
10/07/2024,12510000
11/07/2024,12880000
12/07/2024,12870000
15/07/2024,12780000
16/07/2024,13380000
17/07/2024,13600000
18/07/2024,14270000
19/07/2024,16440000
22/07/2024,16790000
23/07/2024,15210000
24/07/2024,15350000
25/07/2024,18410000
26/07/2024,17970000
29/07/2024,16590000
30/07/2024,16640000
31/07/2024,16660000
01/08/2024,16200000
02/08/2024,20520000
05/08/2024,23390000
06/08/2024,33710000
07/08/2024,24770000
08/08/2024,28340000
09/08/2024,23780000
12/08/2024,20790000
13/08/2024,20060000
14/08/2024,18410000
15/08/2024,16270000
16/08/2024,15290000
19/08/2024,15940000
20/08/2024,14890000
21/08/2024,16250000
22/08/2024,16270000
23/08/2024,17120000
26/08/2024,16270000
27/08/2024,16210000
28/08/2024,15510000
29/08/2024,16540000
30/08/2024,15670000
02/09/2024,15870000
03/09/2024,15760000
04/09/2024,23200000
05/09/2024,20750000
06/09/2024,21980000
09/09/2024,21320000
10/09/2024,19860000
11/09/2024,19410000
12/09/2024,17620000
13/09/2024,17030000
16/09/2024,17160000
17/09/2024,17160000
18/09/2024,17580000
19/09/2024,17210000
20/09/2024,16350000
23/09/2024,16710000
24/09/2024,15870000
25/09/2024,15820000
26/09/2024,15060000
27/09/2024,15640000
30/09/2024,17010000
01/10/2024,16960000
02/10/2024,19650000
03/10/2024,19630000
04/10/2024,20480000
07/10/2024,20760000
08/10/2024,22920000
09/10/2024,21980000
10/10/2024,20910000
11/10/2024,20870000
14/10/2024,20860000
15/10/2024,19610000
16/10/2024,20770000
17/10/2024,19550000
18/10/2024,19300000
21/10/2024,18780000
22/10/2024,18790000
23/10/2024,18210000
24/10/2024,18870000
25/10/2024,19220000
28/10/2024,19110000
29/10/2024,19750000
30/10/2024,19330000
31/10/2024,21440000
01/11/2024,22960000
04/11/2024,22500000
05/11/2024,21980000
06/11/2024,16060000
07/11/2024,15860000
08/11/2024,15130000
11/11/2024,15330000
12/11/2024,15090000
13/11/2024,15090000
14/11/2024,14170000
15/11/2024,15020000
18/11/2024,16600000
19/11/2024,15440000
20/11/2024,16190000
21/11/2024,17100000
22/11/2024,16670000
25/11/2024,15230000
26/11/2024,14950000
27/11/2024,14280000
28/11/2024,14070000
29/11/2024,14000000
02/12/2024,14080000
03/12/2024,13380000
04/12/2024,13160000
05/12/2024,13460000
06/12/2024,13620000
09/12/2024,13360000
10/12/2024,14300000
11/12/2024,14420000
12/12/2024,13730000
13/12/2024,13570000
16/12/2024,14370000
17/12/2024,14980000
18/12/2024,15570000
19/12/2024,21610000
20/12/2024,24140000
23/12/2024,18090000
24/12/2024,16970000
26/12/2024,14990000
27/12/2024,15380000
30/12/2024,17210000
31/12/2024,17390000
