Date,CLOSE
01/03/2011,17610.00
01/04/2011,17380.00
01/05/2011,17020.00
01/06/2011,17400.00
01/07/2011,17140.00
01/10/2011,17540.00
01/11/2011,16890.00
01/12/2011,16240.00
01/13/2011,16390.00
01/14/2011,15460.00
01/18/2011,15870.00
01/19/2011,17310.00
01/20/2011,17990.00
01/21/2011,18470.00
01/24/2011,17650.00
01/25/2011,17590.00
01/26/2011,16640.00
01/27/2011,16150.00
01/28/2011,20040.00
01/31/2011,19530.00
02/01/2011,17630.00
02/02/2011,17300.00
02/03/2011,16690.00
02/04/2011,15930.00
02/07/2011,16280.00
02/08/2011,15810.00
02/09/2011,15870.00
02/10/2011,16090.00
02/11/2011,15690.00
02/14/2011,15950.00
02/15/2011,16370.00
02/16/2011,16720.00
02/17/2011,16590.00
02/18/2011,16430.00
02/22/2011,20800.00
02/23/2011,22130.00
02/24/2011,21320.00
02/25/2011,19220.00
02/28/2011,18350.00
03/01/2011,21010.00
03/02/2011,20700.00
03/03/2011,18600.00
03/04/2011,19060.00
03/07/2011,20660.00
03/08/2011,19820.00
03/09/2011,20220.00
03/10/2011,21880.00
03/11/2011,20080.00
03/14/2011,21130.00
03/15/2011,24320.00
03/16/2011,29400.00
03/17/2011,26370.00
03/18/2011,24440.00
03/21/2011,20610.00
03/22/2011,20210.00
03/23/2011,19170.00
03/24/2011,18.00
03/25/2011,17910.00
03/28/2011,19440.00
03/29/2011,18160.00
03/30/2011,17710.00
03/31/2011,17740.00
04/01/2011,17400.00
04/04/2011,17500.00
04/05/2011,17250.00
04/06/2011,16900.00
04/07/2011,17110.00
04/08/2011,17870.00
04/11/2011,16590.00
04/12/2011,17090.00
04/13/2011,16920.00
04/14/2011,16270.00
04/15/2011,15320.00
04/18/2011,16960.00
04/19/2011,15830.00
04/20/2011,15070.00
04/21/2011,14690.00
04/25/2011,15770.00
04/26/2011,15620.00
04/27/2011,15350.00
04/28/2011,14620.00
04/29/2011,14750.00
05/02/2011,15990.00
05/03/2011,16700.00
05/04/2011,17080.00
05/05/2011,18200.00
05/06/2011,18400.00
05/09/2011,17160.00
05/10/2011,15910.00
05/11/2011,16950.00
05/12/2011,16030.00
05/13/2011,17070.00
05/16/2011,18240.00
05/17/2011,17550.00
05/18/2011,16230.00
05/19/2011,15520.00
05/20/2011,17430.00
05/23/2011,18270.00
05/24/2011,17820.00
05/25/2011,17070.00
05/26/2011,16090.00
05/27/2011,15980.00
05/31/2011,15450.00
06/01/2011,18300.00
06/02/2011,18090.00
06/03/2011,17950.00
06/06/2011,18490.00
06/07/2011,18070.00
06/08/2011,18790.00
06/09/2011,17770.00
06/10/2011,18860.00
06/13/2011,19610.00
06/14/2011,18260.00
06/15/2011,21320.00
06/16/2011,22730.00
06/17/2011,21850.00
06/20/2011,19990.00
06/21/2011,18860.00
06/22/2011,18520.00
06/23/2011,19290.00
06/24/2011,21100.00
06/27/2011,20560.00
06/28/2011,19170.00
06/29/2011,17270.00
06/30/2011,16520.00
07/01/2011,15870.00
07/05/2011,16060.00
07/06/2011,16340.00
07/07/2011,15950.00
07/08/2011,15950.00
07/11/2011,18390.00
07/12/2011,19870.00
07/13/2011,19910.00
07/14/2011,20800.00
07/15/2011,19530.00
07/18/2011,20950.00
07/19/2011,19210.00
07/20/2011,19090.00
07/21/2011,17560.00
07/22/2011,17520.00
07/25/2011,19350.00
07/26/2011,20230.00
07/27/2011,22980.00
07/28/2011,23740.00
07/29/2011,25250.00
08/01/2011,23660.00
08/02/2011,24790.00
08/03/2011,23380.00
08/04/2011,31660.00
08/05/2011,32.00
08/08/2011,48.00
08/09/2011,35060.00
08/10/2011,42990.00
08/11/2011,39.00
08/12/2011,36360.00
08/15/2011,31870.00
08/16/2011,32850.00
08/17/2011,31580.00
08/18/2011,42670.00
08/19/2011,43050.00
08/22/2011,42440.00
08/23/2011,36270.00
08/24/2011,35900.00
08/25/2011,39760.00
08/26/2011,35590.00
08/29/2011,32280.00
08/30/2011,32890.00
08/31/2011,31620.00
09/01/2011,31820.00
09/02/2011,33920.00
09/06/2011,37.00
09/07/2011,33380.00
09/08/2011,34320.00
09/09/2011,38520.00
09/12/2011,38590.00
09/13/2011,36910.00
09/14/2011,34600.00
09/15/2011,31970.00
09/16/2011,30980.00
09/19/2011,32730.00
09/20/2011,32860.00
09/21/2011,37320.00
09/22/2011,41350.00
09/23/2011,41250.00
09/26/2011,39020.00
09/27/2011,37710.00
09/28/2011,41080.00
09/29/2011,38840.00
09/30/2011,42960.00
10/03/2011,45450.00
10/04/2011,40820.00
10/05/2011,37810.00
10/06/2011,36270.00
10/07/2011,36200.00
10/10/2011,33020.00
10/11/2011,32860.00
10/12/2011,31260.00
10/13/2011,30700.00
10/14/2011,28240.00
10/17/2011,33390.00
10/18/2011,31560.00
10/19/2011,34440.00
10/20/2011,34780.00
10/21/2011,31320.00
10/24/2011,29260.00
10/25/2011,32220.00
10/26/2011,29860.00
10/27/2011,25460.00
10/28/2011,24530.00
10/31/2011,29960.00
11/01/2011,34770.00
11/02/2011,32740.00
11/03/2011,30500.00
11/04/2011,30160.00
11/07/2011,29850.00
11/08/2011,27480.00
11/09/2011,36160.00
11/10/2011,32810.00
11/11/2011,30040.00
11/14/2011,31130.00
11/15/2011,31220.00
11/16/2011,33510.00
11/17/2011,34510.00
11/18/2011,32.00
11/21/2011,32910.00
11/22/2011,31970.00
11/23/2011,33980.00
11/25/2011,34470.00
11/28/2011,32130.00
11/29/2011,30640.00
11/30/2011,27800.00
12/01/2011,27410.00
12/02/2011,27520.00
12/05/2011,27840.00
12/06/2011,28130.00
12/07/2011,28670.00
12/08/2011,30590.00
12/09/2011,26380.00
12/12/2011,25670.00
12/13/2011,25410.00
12/14/2011,26040.00
12/15/2011,25110.00
12/16/2011,24290.00
12/19/2011,24920.00
12/20/2011,23220.00
12/21/2011,21430.00
12/22/2011,21160.00
12/23/2011,20730.00
12/27/2011,21910.00
12/28/2011,23520.00
12/29/2011,22650.00
12/30/2011,23400.00
01/03/2012,22970.00
01/04/2012,22220.00
01/05/2012,21480.00
01/06/2012,20630.00
01/09/2012,21070.00
01/10/2012,20690.00
01/11/2012,21050.00
01/12/2012,20470.00
01/13/2012,20910.00
01/17/2012,22200.00
01/18/2012,20890.00
01/19/2012,19870.00
01/20/2012,18280.00
01/23/2012,18670.00
01/24/2012,18910.00
01/25/2012,18310.00
01/26/2012,18570.00
01/27/2012,18530.00
01/30/2012,19400.00
01/31/2012,19440.00
02/01/2012,18550.00
02/02/2012,17980.00
02/03/2012,17100.00
02/06/2012,17760.00
02/07/2012,17650.00
02/08/2012,18160.00
02/09/2012,18630.00
02/10/2012,20790.00
02/13/2012,19040.00
02/14/2012,19540.00
02/15/2012,21140.00
02/16/2012,19220.00
02/17/2012,17780.00
02/21/2012,18190.00
02/22/2012,18190.00
02/23/2012,16800.00
02/24/2012,17310.00
02/27/2012,18190.00
02/28/2012,17960.00
02/29/2012,18430.00
03/01/2012,17260.00
03/02/2012,17290.00
03/05/2012,18050.00
03/06/2012,20870.00
03/07/2012,19070.00
03/08/2012,17950.00
03/09/2012,17110.00
03/12/2012,15640.00
03/13/2012,14800.00
03/14/2012,15310.00
03/15/2012,15420.00
03/16/2012,14470.00
03/19/2012,15040.00
03/20/2012,15580.00
03/21/2012,15130.00
03/22/2012,15570.00
03/23/2012,14820.00
03/26/2012,14260.00
03/27/2012,15590.00
03/28/2012,15470.00
03/29/2012,15480.00
03/30/2012,15500.00
04/02/2012,15640.00
04/03/2012,15660.00
04/04/2012,16440.00
04/05/2012,16700.00
04/09/2012,18810.00
04/10/2012,20390.00
04/11/2012,20020.00
04/12/2012,17200.00
04/13/2012,19550.00
04/16/2012,19550.00
04/17/2012,18460.00
04/18/2012,18640.00
04/19/2012,18360.00
04/20/2012,17440.00
04/23/2012,18970.00
04/24/2012,18100.00
04/25/2012,16820.00
04/26/2012,16240.00
04/27/2012,16320.00
04/30/2012,17150.00
05/01/2012,16600.00
05/02/2012,16880.00
05/03/2012,17560.00
05/04/2012,19160.00
05/07/2012,18940.00
05/08/2012,19050.00
05/09/2012,20080.00
05/10/2012,18830.00
05/11/2012,19890.00
05/14/2012,21870.00
05/15/2012,21970.00
05/16/2012,22270.00
05/17/2012,24490.00
05/18/2012,25100.00
05/21/2012,22010.00
05/22/2012,22480.00
05/23/2012,22330.00
05/24/2012,21540.00
05/25/2012,21760.00
05/29/2012,21030.00
05/30/2012,24140.00
05/31/2012,24060.00
06/01/2012,26660.00
06/04/2012,26120.00
06/05/2012,24680.00
06/06/2012,22160.00
06/07/2012,21720.00
06/08/2012,21230.00
06/11/2012,23560.00
06/12/2012,22090.00
06/13/2012,24270.00
06/14/2012,21680.00
06/15/2012,21110.00
06/18/2012,18320.00
06/19/2012,18380.00
06/20/2012,17240.00
06/21/2012,20080.00
06/22/2012,18110.00
06/25/2012,20380.00
06/26/2012,19720.00
06/27/2012,19450.00
06/28/2012,19710.00
06/29/2012,17080.00
07/02/2012,16800.00
07/03/2012,16660.00
07/05/2012,17500.00
07/06/2012,17100.00
07/09/2012,17980.00
07/10/2012,18720.00
07/11/2012,17950.00
07/12/2012,18330.00
07/13/2012,16740.00
07/16/2012,17110.00
07/17/2012,16480.00
07/18/2012,16160.00
07/19/2012,15450.00
07/20/2012,16270.00
07/23/2012,18620.00
07/24/2012,20470.00
07/25/2012,19340.00
07/26/2012,17530.00
07/27/2012,16700.00
07/30/2012,18030.00
07/31/2012,18930.00
08/01/2012,18960.00
08/02/2012,17570.00
08/03/2012,15640.00
08/06/2012,15950.00
08/07/2012,15990.00
08/08/2012,15320.00
08/09/2012,15280.00
08/10/2012,14740.00
08/13/2012,13700.00
08/14/2012,14850.00
08/15/2012,14630.00
08/16/2012,14290.00
08/17/2012,13450.00
08/20/2012,14020.00
08/21/2012,15020.00
08/22/2012,15110.00
08/23/2012,15960.00
08/24/2012,15180.00
08/27/2012,16350.00
08/28/2012,16490.00
08/29/2012,17060.00
08/30/2012,17830.00
08/31/2012,17470.00
09/04/2012,17980.00
09/05/2012,17740.00
09/06/2012,15600.00
09/07/2012,14380.00
09/10/2012,16280.00
09/11/2012,16410.00
09/12/2012,15800.00
09/13/2012,14050.00
09/14/2012,14510.00
09/17/2012,14590.00
09/18/2012,14180.00
09/19/2012,13880.00
09/20/2012,14070.00
09/21/2012,13980.00
09/24/2012,14150.00
09/25/2012,15430.00
09/26/2012,16810.00
09/27/2012,14840.00
09/28/2012,15730.00
10/01/2012,16320.00
10/02/2012,15710.00
10/03/2012,15430.00
10/04/2012,14550.00
10/05/2012,14330.00
10/08/2012,15110.00
10/09/2012,16370.00
10/10/2012,16290.00
10/11/2012,15590.00
10/12/2012,16140.00
10/15/2012,15270.00
10/16/2012,15220.00
10/17/2012,15070.00
10/18/2012,15030.00
10/19/2012,17060.00
10/22/2012,16620.00
10/23/2012,18830.00
10/24/2012,18330.00
10/25/2012,18120.00
10/26/2012,17810.00
10/31/2012,18600.00
11/01/2012,16690.00
11/02/2012,17590.00
11/05/2012,18420.00
11/06/2012,17580.00
11/07/2012,19080.00
11/08/2012,18490.00
11/09/2012,18610.00
11/12/2012,16680.00
11/13/2012,16650.00
11/14/2012,17920.00
11/15/2012,17990.00
11/16/2012,16410.00
11/19/2012,15240.00
11/20/2012,15080.00
11/21/2012,15310.00
11/23/2012,15140.00
11/26/2012,15500.00
11/27/2012,15920.00
11/28/2012,15510.00
11/29/2012,15060.00
11/30/2012,15870.00
12/03/2012,16640.00
12/04/2012,17120.00
12/05/2012,16460.00
12/06/2012,16580.00
12/07/2012,15900.00
12/10/2012,16050.00
12/11/2012,15570.00
12/12/2012,15950.00
12/13/2012,16560.00
12/14/2012,17.00
12/17/2012,16340.00
12/18/2012,15570.00
12/19/2012,17360.00
12/20/2012,17670.00
12/21/2012,17840.00
12/24/2012,17840.00
12/26/2012,19480.00
12/27/2012,19470.00
12/28/2012,22720.00
12/31/2012,18020.00
01/02/2013,14680.00
01/03/2013,14560.00
01/04/2013,13830.00
01/07/2013,13790.00
01/08/2013,13620.00
01/09/2013,13810.00
01/10/2013,13490.00
01/11/2013,13360.00
01/14/2013,13520.00
01/15/2013,13550.00
01/16/2013,13420.00
01/17/2013,13570.00
01/18/2013,12460.00
01/22/2013,12430.00
01/23/2013,12460.00
01/24/2013,12690.00
01/25/2013,12890.00
01/28/2013,13570.00
01/29/2013,13310.00
01/30/2013,14320.00
01/31/2013,14280.00
02/01/2013,12900.00
02/04/2013,14670.00
02/05/2013,13720.00
02/06/2013,13410.00
02/07/2013,13500.00
02/08/2013,13020.00
02/11/2013,12940.00
02/12/2013,12640.00
02/13/2013,12980.00
02/14/2013,12660.00
02/15/2013,12460.00
02/19/2013,12310.00
02/20/2013,14680.00
02/21/2013,15220.00
02/22/2013,14170.00
02/25/2013,18990.00
02/26/2013,16870.00
02/27/2013,14730.00
02/28/2013,15510.00
03/01/2013,15360.00
03/04/2013,14010.00
03/05/2013,13480.00
03/06/2013,13530.00
03/07/2013,13060.00
03/08/2013,12590.00
03/11/2013,11560.00
03/12/2013,12270.00
03/13/2013,11830.00
03/14/2013,11300.00
03/15/2013,11300.00
03/18/2013,13360.00
03/19/2013,14390.00
03/20/2013,12670.00
03/21/2013,13990.00
03/22/2013,13570.00
03/25/2013,13740.00
03/26/2013,12770.00
03/27/2013,13150.00
03/28/2013,12700.00
04/01/2013,13580.00
04/02/2013,12780.00
04/03/2013,14210.00
04/04/2013,13890.00
04/05/2013,13920.00
04/08/2013,13190.00
04/09/2013,12840.00
04/10/2013,12360.00
04/11/2013,12240.00
04/12/2013,12060.00
04/15/2013,17270.00
04/16/2013,13960.00
04/17/2013,16510.00
04/18/2013,17560.00
04/19/2013,14970.00
04/22/2013,14390.00
04/23/2013,13480.00
04/24/2013,13610.00
04/25/2013,13620.00
04/26/2013,13610.00
04/29/2013,13710.00
04/30/2013,13520.00
05/01/2013,14490.00
05/02/2013,13590.00
05/03/2013,12850.00
05/06/2013,12660.00
05/07/2013,12830.00
05/08/2013,12660.00
05/09/2013,13130.00
05/10/2013,12590.00
05/13/2013,12550.00
05/14/2013,12770.00
05/15/2013,12810.00
05/16/2013,13070.00
05/17/2013,12450.00
05/20/2013,13020.00
05/21/2013,13370.00
05/22/2013,13820.00
05/23/2013,14070.00
05/24/2013,13990.00
05/28/2013,14480.00
05/29/2013,14830.00
05/30/2013,14530.00
05/31/2013,16300.00
06/03/2013,16280.00
06/04/2013,16270.00
06/05/2013,17500.00
06/06/2013,16630.00
06/07/2013,15140.00
06/10/2013,15440.00
06/11/2013,17070.00
06/12/2013,18590.00
06/13/2013,16410.00
06/14/2013,17150.00
06/17/2013,16800.00
06/18/2013,16610.00
06/19/2013,16640.00
06/20/2013,20490.00
06/21/2013,18900.00
06/24/2013,20110.00
06/25/2013,18470.00
06/26/2013,17210.00
06/27/2013,16860.00
06/28/2013,16860.00
07/01/2013,16370.00
07/02/2013,16440.00
07/03/2013,16200.00
07/05/2013,14890.00
07/08/2013,14780.00
07/09/2013,14350.00
07/10/2013,14210.00
07/11/2013,14010.00
07/12/2013,13840.00
07/15/2013,13790.00
07/16/2013,14420.00
07/17/2013,13780.00
07/18/2013,13770.00
07/19/2013,12540.00
07/22/2013,12290.00
07/23/2013,12660.00
07/24/2013,13180.00
07/25/2013,12970.00
07/26/2013,12720.00
07/29/2013,13390.00
07/30/2013,13390.00
07/31/2013,13450.00
08/01/2013,12940.00
08/02/2013,11980.00
08/05/2013,11840.00
08/06/2013,12720.00
08/07/2013,12980.00
08/08/2013,12730.00
08/09/2013,13410.00
08/12/2013,12810.00
08/13/2013,12310.00
08/14/2013,13040.00
08/15/2013,14730.00
08/16/2013,14370.00
08/19/2013,15100.00
08/20/2013,14910.00
08/21/2013,15940.00
08/22/2013,14760.00
08/23/2013,13980.00
08/26/2013,14990.00
08/27/2013,16770.00
08/28/2013,16490.00
08/29/2013,16810.00
08/30/2013,17010.00
09/03/2013,16610.00
09/04/2013,15880.00
09/05/2013,15770.00
09/06/2013,15850.00
09/09/2013,15630.00
09/10/2013,14530.00
09/11/2013,13820.00
09/12/2013,14290.00
09/13/2013,14160.00
09/16/2013,14380.00
09/17/2013,14530.00
09/18/2013,13590.00
09/19/2013,13160.00
09/20/2013,13120.00
09/23/2013,14310.00
09/24/2013,14080.00
09/25/2013,14010.00
09/26/2013,14060.00
09/27/2013,15460.00
09/30/2013,16600.00
10/01/2013,15540.00
10/02/2013,16600.00
10/03/2013,17670.00
10/04/2013,16740.00
10/07/2013,19410.00
10/08/2013,20340.00
10/09/2013,19600.00
10/10/2013,16480.00
10/11/2013,15720.00
10/14/2013,16070.00
10/15/2013,18660.00
10/16/2013,14710.00
10/17/2013,13480.00
10/18/2013,13040.00
10/21/2013,13160.00
10/22/2013,13330.00
10/23/2013,13420.00
10/24/2013,13200.00
10/25/2013,13090.00
10/28/2013,13310.00
10/29/2013,13410.00
10/30/2013,13650.00
10/31/2013,13750.00
11/01/2013,13280.00
11/04/2013,12930.00
11/05/2013,13270.00
11/06/2013,12670.00
11/07/2013,13910.00
11/08/2013,12900.00
11/11/2013,12530.00
11/12/2013,12820.00
11/13/2013,12520.00
11/14/2013,12370.00
11/15/2013,12190.00
11/18/2013,13100.00
11/19/2013,13390.00
11/20/2013,13400.00
11/21/2013,12660.00
11/22/2013,12260.00
11/25/2013,12790.00
11/26/2013,12810.00
11/27/2013,12980.00
11/29/2013,13700.00
12/02/2013,14230.00
12/03/2013,14550.00
12/04/2013,14700.00
12/05/2013,15080.00
12/06/2013,13790.00
12/09/2013,13490.00
12/10/2013,13910.00
12/11/2013,15420.00
12/12/2013,15540.00
12/13/2013,15760.00
12/16/2013,16030.00
12/17/2013,16210.00
12/18/2013,13800.00
12/19/2013,14150.00
12/20/2013,13790.00
12/23/2013,13040.00
12/24/2013,12480.00
12/26/2013,12330.00
12/27/2013,12460.00
12/30/2013,13560.00
12/31/2013,13720.00
01/02/2014,14230.00
01/03/2014,13760.00
01/06/2014,13550.00
01/07/2014,12920.00
01/08/2014,12870.00
01/09/2014,12890.00
01/10/2014,12140.00
01/13/2014,13280.00
01/14/2014,12280.00
01/15/2014,12280.00
01/16/2014,12530.00
01/17/2014,12440.00
01/21/2014,12870.00
01/22/2014,12840.00
01/23/2014,13770.00
01/24/2014,18140.00
01/27/2014,17420.00
01/28/2014,15800.00
01/29/2014,17350.00
01/30/2014,17290.00
01/31/2014,18410.00
02/03/2014,21440.00
02/04/2014,19110.00
02/05/2014,19950.00
02/06/2014,17230.00
02/07/2014,15290.00
02/10/2014,15260.00
02/11/2014,14510.00
02/12/2014,14300.00
02/13/2014,14140.00
02/14/2014,13570.00
02/18/2014,13870.00
02/19/2014,15500.00
02/20/2014,14790.00
02/21/2014,14680.00
02/24/2014,14230.00
02/25/2014,13670.00
02/26/2014,14350.00
02/27/2014,14040.00
02/28/2014,14.00
03/03/2014,16.00
03/04/2014,14100.00
03/05/2014,13890.00
03/06/2014,14210.00
03/07/2014,14110.00
03/10/2014,14200.00
03/11/2014,14800.00
03/12/2014,14470.00
03/13/2014,16220.00
03/14/2014,17820.00
03/17/2014,15640.00
03/18/2014,14520.00
03/19/2014,15120.00
03/20/2014,14520.00
03/21/2014,15.00
03/24/2014,15090.00
03/25/2014,14020.00
03/26/2014,14930.00
03/27/2014,14620.00
03/28/2014,14410.00
03/31/2014,13880.00
04/01/2014,13100.00
04/02/2014,13090.00
04/03/2014,13370.00
04/04/2014,13960.00
04/07/2014,15570.00
04/08/2014,14890.00
04/09/2014,13820.00
04/10/2014,15890.00
04/11/2014,17030.00
04/14/2014,16110.00
04/15/2014,15610.00
04/16/2014,14180.00
04/17/2014,13360.00
04/21/2014,13250.00
04/22/2014,13190.00
04/23/2014,13270.00
04/24/2014,13320.00
04/25/2014,14060.00
04/28/2014,13970.00
04/29/2014,13710.00
04/30/2014,13410.00
05/01/2014,13250.00
05/02/2014,12910.00
05/05/2014,13290.00
05/06/2014,13800.00
05/07/2014,13400.00
05/08/2014,13430.00
05/09/2014,12920.00
05/12/2014,12230.00
05/13/2014,12130.00
05/14/2014,12170.00
05/15/2014,13170.00
05/16/2014,12440.00
05/19/2014,12420.00
05/20/2014,12960.00
05/21/2014,11910.00
05/22/2014,12030.00
05/23/2014,11360.00
05/27/2014,11510.00
05/28/2014,11680.00
05/29/2014,11570.00
05/30/2014,11400.00
06/02/2014,11580.00
06/03/2014,11870.00
06/04/2014,12080.00
06/05/2014,11680.00
06/06/2014,10730.00
06/09/2014,11150.00
06/10/2014,10990.00
06/11/2014,11600.00
06/12/2014,12560.00
06/13/2014,12180.00
06/16/2014,12650.00
06/17/2014,12060.00
06/18/2014,10610.00
06/19/2014,10620.00
06/20/2014,10850.00
06/23/2014,10980.00
06/24/2014,12130.00
06/25/2014,11590.00
06/26/2014,11630.00
06/27/2014,11260.00
06/30/2014,11570.00
07/01/2014,11150.00
07/02/2014,10820.00
07/03/2014,10320.00
07/07/2014,11330.00
07/08/2014,11980.00
07/09/2014,11650.00
07/10/2014,12590.00
07/11/2014,12080.00
07/14/2014,11820.00
07/15/2014,11960.00
07/16/2014,11.00
07/17/2014,14540.00
07/18/2014,12060.00
07/21/2014,12810.00
07/22/2014,12240.00
07/23/2014,11520.00
07/24/2014,11840.00
07/25/2014,12690.00
07/28/2014,12560.00
07/29/2014,13280.00
07/30/2014,13330.00
07/31/2014,16950.00
08/01/2014,17030.00
08/04/2014,15120.00
08/05/2014,16870.00
08/06/2014,16370.00
08/07/2014,16660.00
08/08/2014,15770.00
08/11/2014,14230.00
08/12/2014,14130.00
08/13/2014,12900.00
08/14/2014,12420.00
08/15/2014,13150.00
08/18/2014,12320.00
08/19/2014,12210.00
08/20/2014,11780.00
08/21/2014,11760.00
08/22/2014,11470.00
08/25/2014,11700.00
08/26/2014,11630.00
08/27/2014,11780.00
08/28/2014,12050.00
08/29/2014,11980.00
09/02/2014,12250.00
09/03/2014,12360.00
09/04/2014,12640.00
09/05/2014,12090.00
09/08/2014,12660.00
09/09/2014,13500.00
09/10/2014,12880.00
09/11/2014,12800.00
09/12/2014,13310.00
09/15/2014,14120.00
09/16/2014,12730.00
09/17/2014,12650.00
09/18/2014,12030.00
09/19/2014,12110.00
09/22/2014,13690.00
09/23/2014,14930.00
09/24/2014,13270.00
09/25/2014,15640.00
09/26/2014,14850.00
09/29/2014,15980.00
09/30/2014,16310.00
10/01/2014,16710.00
10/02/2014,16160.00
10/03/2014,14550.00
10/06/2014,15460.00
10/07/2014,17200.00
10/08/2014,15110.00
10/09/2014,18760.00
10/10/2014,21240.00
10/13/2014,24640.00
10/14/2014,22790.00
10/15/2014,26250.00
10/16/2014,25200.00
10/17/2014,21990.00
10/20/2014,18570.00
10/21/2014,16080.00
10/22/2014,17870.00
10/23/2014,16530.00
10/24/2014,16110.00
10/27/2014,16040.00
10/28/2014,14390.00
10/29/2014,15150.00
10/30/2014,14520.00
10/31/2014,14030.00
11/03/2014,14730.00
11/04/2014,14890.00
11/05/2014,14170.00
11/06/2014,13670.00
11/07/2014,13120.00
11/10/2014,12670.00
11/11/2014,12920.00
11/12/2014,13020.00
11/13/2014,13790.00
11/14/2014,13310.00
11/17/2014,13990.00
11/18/2014,13860.00
11/19/2014,13960.00
11/20/2014,13580.00
11/21/2014,12900.00
11/24/2014,12620.00
11/25/2014,12250.00
11/26/2014,12070.00
11/28/2014,13330.00
12/01/2014,14290.00
12/02/2014,12850.00
12/03/2014,12470.00
12/04/2014,12380.00
12/05/2014,11820.00
12/08/2014,14210.00
12/09/2014,14890.00
12/10/2014,18530.00
12/11/2014,20080.00
12/12/2014,21080.00
12/15/2014,20420.00
12/16/2014,23570.00
12/17/2014,19440.00
12/18/2014,16810.00
12/19/2014,16490.00
12/22/2014,15250.00
12/23/2014,14800.00
12/24/2014,14370.00
12/26/2014,14500.00
12/29/2014,15060.00
12/30/2014,15920.00
12/31/2014,19200.00
01/02/2015,17790.00
01/05/2015,19920.00
01/06/2015,21120.00
01/07/2015,19310.00
01/08/2015,17010.00
01/09/2015,17550.00
01/12/2015,19600.00
01/13/2015,20560.00
01/14/2015,21480.00
01/15/2015,22390.00
01/16/2015,20950.00
01/20/2015,19890.00
01/21/2015,18850.00
01/22/2015,16400.00
01/23/2015,16660.00
01/26/2015,15520.00
01/27/2015,17220.00
01/28/2015,20440.00
01/29/2015,18760.00
01/30/2015,20970.00
02/02/2015,19430.00
02/03/2015,17330.00
02/04/2015,18330.00
02/05/2015,16850.00
02/06/2015,17290.00
02/09/2015,18550.00
02/10/2015,17230.00
02/11/2015,16960.00
02/12/2015,15340.00
02/13/2015,14690.00
02/17/2015,15800.00
02/18/2015,15450.00
02/19/2015,15290.00
02/20/2015,14300.00
02/23/2015,14560.00
02/24/2015,13690.00
02/25/2015,13840.00
02/26/2015,13910.00
02/27/2015,13340.00
03/02/2015,13040.00
03/03/2015,13860.00
03/04/2015,14230.00
03/05/2015,14040.00
03/06/2015,15200.00
03/09/2015,15060.00
03/10/2015,16690.00
03/11/2015,16870.00
03/12/2015,15420.00
03/13/2015,16.00
03/16/2015,15610.00
03/17/2015,15660.00
03/18/2015,13970.00
03/19/2015,14070.00
03/20/2015,13020.00
03/23/2015,13410.00
03/24/2015,13620.00
03/25/2015,15440.00
03/26/2015,15800.00
03/27/2015,15070.00
03/30/2015,14510.00
03/31/2015,15290.00
04/01/2015,15110.00
04/02/2015,14670.00
04/06/2015,14740.00
04/07/2015,14780.00
04/08/2015,13980.00
04/09/2015,13090.00
04/10/2015,12580.00
04/13/2015,13940.00
04/14/2015,13670.00
04/15/2015,12840.00
04/16/2015,12600.00
04/17/2015,13890.00
04/20/2015,13300.00
04/21/2015,13250.00
04/22/2015,12710.00
04/23/2015,12480.00
04/24/2015,12290.00
04/27/2015,13120.00
04/28/2015,12410.00
04/29/2015,13390.00
04/30/2015,14550.00
05/01/2015,12700.00
05/04/2015,12850.00
05/05/2015,14310.00
05/06/2015,15150.00
05/07/2015,15130.00
05/08/2015,12860.00
05/11/2015,13850.00
05/12/2015,13860.00
05/13/2015,13760.00
05/14/2015,12740.00
05/15/2015,12380.00
05/18/2015,12730.00
05/19/2015,12850.00
05/20/2015,12880.00
05/21/2015,12110.00
05/22/2015,12130.00
05/26/2015,14060.00
05/27/2015,13270.00
05/28/2015,13310.00
05/29/2015,13840.00
06/01/2015,13970.00
06/02/2015,14240.00
06/03/2015,13660.00
06/04/2015,14710.00
06/05/2015,14210.00
06/08/2015,15290.00
06/09/2015,14470.00
06/10/2015,13220.00
06/11/2015,12850.00
06/12/2015,13780.00
06/15/2015,15390.00
06/16/2015,14810.00
06/17/2015,14500.00
06/18/2015,13190.00
06/19/2015,13960.00
06/22/2015,12740.00
06/23/2015,12110.00
06/24/2015,13260.00
06/25/2015,14010.00
06/26/2015,14020.00
06/29/2015,18850.00
06/30/2015,18230.00
07/01/2015,16090.00
07/02/2015,16790.00
07/06/2015,17010.00
07/07/2015,16090.00
07/08/2015,19660.00
07/09/2015,19970.00
07/10/2015,16830.00
07/13/2015,13900.00
07/14/2015,13370.00
07/15/2015,13230.00
07/16/2015,12110.00
07/17/2015,11950.00
07/20/2015,12250.00
07/21/2015,12220.00
07/22/2015,12120.00
07/23/2015,12640.00
07/24/2015,13740.00
07/27/2015,15600.00
07/28/2015,13440.00
07/29/2015,12500.00
07/30/2015,12130.00
07/31/2015,12120.00
08/03/2015,12560.00
08/04/2015,13.00
08/05/2015,12510.00
08/06/2015,13770.00
08/07/2015,13390.00
08/10/2015,12230.00
08/11/2015,13710.00
08/12/2015,13610.00
08/13/2015,13490.00
08/14/2015,12830.00
08/17/2015,13020.00
08/18/2015,13790.00
08/19/2015,15250.00
08/20/2015,19140.00
08/21/2015,28030.00
08/24/2015,40740.00
08/25/2015,36020.00
08/26/2015,30320.00
08/27/2015,26100.00
08/28/2015,26050.00
08/31/2015,28430.00
09/01/2015,31400.00
09/02/2015,26090.00
09/03/2015,25610.00
09/04/2015,27800.00
09/08/2015,24900.00
09/09/2015,26230.00
09/10/2015,24370.00
09/11/2015,23200.00
09/14/2015,24250.00
09/15/2015,22540.00
09/16/2015,21350.00
09/17/2015,21140.00
09/18/2015,22280.00
09/21/2015,20140.00
09/22/2015,22440.00
09/23/2015,22130.00
09/24/2015,23470.00
09/25/2015,23620.00
09/28/2015,27630.00
09/29/2015,26830.00
09/30/2015,24500.00
10/01/2015,22550.00
10/02/2015,20940.00
10/05/2015,19540.00
10/06/2015,19400.00
10/07/2015,18400.00
10/08/2015,17420.00
10/09/2015,17080.00
10/12/2015,16170.00
10/13/2015,17670.00
10/14/2015,18030.00
10/15/2015,16050.00
10/16/2015,15050.00
10/19/2015,14980.00
10/20/2015,15750.00
10/21/2015,16700.00
10/22/2015,14450.00
10/23/2015,14460.00
10/26/2015,15290.00
10/27/2015,15430.00
10/28/2015,14330.00
10/29/2015,14610.00
10/30/2015,15070.00
11/02/2015,14150.00
11/03/2015,14540.00
11/04/2015,15510.00
11/05/2015,15050.00
11/06/2015,14330.00
11/09/2015,16520.00
11/10/2015,15290.00
11/11/2015,16060.00
11/12/2015,18370.00
11/13/2015,20080.00
11/16/2015,18160.00
11/17/2015,18840.00
11/18/2015,16850.00
11/19/2015,16990.00
11/20/2015,15470.00
11/23/2015,15620.00
11/24/2015,15930.00
11/25/2015,15190.00
11/27/2015,15120.00
11/30/2015,16130.00
12/01/2015,14670.00
12/02/2015,15910.00
12/03/2015,18110.00
12/04/2015,14810.00
12/07/2015,15840.00
12/08/2015,17600.00
12/09/2015,19610.00
12/10/2015,19340.00
12/11/2015,24390.00
12/14/2015,22730.00
12/15/2015,20950.00
12/16/2015,17860.00
12/17/2015,18940.00
12/18/2015,20700.00
12/21/2015,18700.00
12/22/2015,16600.00
12/23/2015,15570.00
12/24/2015,15740.00
12/28/2015,16910.00
12/29/2015,16080.00
12/30/2015,17290.00
12/31/2015,18210.00
01/04/2016,20700.00
01/05/2016,19340.00
01/06/2016,20590.00
01/07/2016,24990.00
01/08/2016,27010.00
01/11/2016,24300.00
01/12/2016,22470.00
01/13/2016,25220.00
01/14/2016,23950.00
01/15/2016,27020.00
01/19/2016,26050.00
01/20/2016,27590.00
01/21/2016,26690.00
01/22/2016,22340.00
01/25/2016,24150.00
01/26/2016,22500.00
01/27/2016,23110.00
01/28/2016,22420.00
01/29/2016,20200.00
02/01/2016,19980.00
02/02/2016,21980.00
02/03/2016,21650.00
02/04/2016,21840.00
02/05/2016,23380.00
02/08/2016,26.00
02/09/2016,26540.00
02/10/2016,26290.00
02/11/2016,28140.00
02/12/2016,25400.00
02/16/2016,24110.00
02/17/2016,22310.00
02/18/2016,21640.00
02/19/2016,20530.00
02/22/2016,19380.00
02/23/2016,20980.00
02/24/2016,20720.00
02/25/2016,19110.00
02/26/2016,19810.00
02/29/2016,20550.00
03/01/2016,17700.00
03/02/2016,17090.00
03/03/2016,16700.00
03/04/2016,16860.00
03/07/2016,17350.00
03/08/2016,18670.00
03/09/2016,18340.00
03/10/2016,18050.00
03/11/2016,16500.00
03/14/2016,16920.00
03/15/2016,16840.00
03/16/2016,14990.00
03/17/2016,14440.00
03/18/2016,14020.00
03/21/2016,13790.00
03/22/2016,14170.00
03/23/2016,14940.00
03/24/2016,14740.00
03/28/2016,15240.00
03/29/2016,13820.00
03/30/2016,13560.00
03/31/2016,13950.00
04/01/2016,13100.00
04/04/2016,14120.00
04/05/2016,15420.00
04/06/2016,14090.00
04/07/2016,16160.00
04/08/2016,15360.00
04/11/2016,16260.00
04/12/2016,14850.00
04/13/2016,13840.00
04/14/2016,13720.00
04/15/2016,13620.00
04/18/2016,13350.00
04/19/2016,13240.00
04/20/2016,13280.00
04/21/2016,13950.00
04/22/2016,13220.00
04/25/2016,14080.00
04/26/2016,13960.00
04/27/2016,13770.00
04/28/2016,15220.00
04/29/2016,15700.00
05/02/2016,14680.00
05/03/2016,15600.00
05/04/2016,16050.00
05/05/2016,15910.00
05/06/2016,14720.00
05/09/2016,14570.00
05/10/2016,13630.00
05/11/2016,14690.00
05/12/2016,14410.00
05/13/2016,15040.00
05/16/2016,14680.00
05/17/2016,15570.00
05/18/2016,15950.00
05/19/2016,16330.00
05/20/2016,15200.00
05/23/2016,15820.00
05/24/2016,14420.00
05/25/2016,13900.00
05/26/2016,13430.00
05/27/2016,13120.00
05/31/2016,14190.00
06/01/2016,14200.00
06/02/2016,13630.00
06/03/2016,13470.00
06/06/2016,13650.00
06/07/2016,14050.00
06/08/2016,14080.00
06/09/2016,14640.00
06/10/2016,17030.00
06/13/2016,20970.00
06/14/2016,20500.00
06/15/2016,20140.00
06/16/2016,19370.00
06/17/2016,19410.00
06/20/2016,18370.00
06/21/2016,18480.00
06/22/2016,21170.00
06/23/2016,17250.00
06/24/2016,25760.00
06/27/2016,23850.00
06/28/2016,18750.00
06/29/2016,16640.00
06/30/2016,15630.00
07/01/2016,14770.00
07/05/2016,15580.00
07/06/2016,14960.00
07/07/2016,14760.00
07/08/2016,13200.00
07/11/2016,13540.00
07/12/2016,13550.00
07/13/2016,13040.00
07/14/2016,12820.00
07/15/2016,12670.00
07/18/2016,12440.00
07/19/2016,11970.00
07/20/2016,11770.00
07/21/2016,12740.00
07/22/2016,12020.00
07/25/2016,12870.00
07/26/2016,13050.00
07/27/2016,12830.00
07/28/2016,12720.00
07/29/2016,11870.00
08/01/2016,12440.00
08/02/2016,13370.00
08/03/2016,12860.00
08/04/2016,12420.00
08/05/2016,11390.00
08/08/2016,11500.00
08/09/2016,11660.00
08/10/2016,12050.00
08/11/2016,11680.00
08/12/2016,11550.00
08/15/2016,11810.00
08/16/2016,12640.00
08/17/2016,12190.00
08/18/2016,11430.00
08/19/2016,11340.00
08/22/2016,12270.00
08/23/2016,12380.00
08/24/2016,13450.00
08/25/2016,13630.00
08/26/2016,13650.00
08/29/2016,12940.00
08/30/2016,13120.00
08/31/2016,13420.00
09/01/2016,13480.00
09/02/2016,11980.00
09/06/2016,12020.00
09/07/2016,11940.00
09/08/2016,12510.00
09/09/2016,17500.00
09/12/2016,15160.00
09/13/2016,17850.00
09/14/2016,18140.00
09/15/2016,16300.00
09/16/2016,15370.00
09/19/2016,15530.00
09/20/2016,15920.00
09/21/2016,13300.00
09/22/2016,12020.00
09/23/2016,12290.00
09/26/2016,14500.00
09/27/2016,13100.00
09/28/2016,12390.00
09/29/2016,14020.00
09/30/2016,13290.00
10/03/2016,13570.00
10/04/2016,13630.00
10/05/2016,12990.00
10/06/2016,12840.00
10/07/2016,13480.00
10/10/2016,13380.00
10/11/2016,15360.00
10/12/2016,15910.00
10/13/2016,16690.00
10/14/2016,16120.00
10/17/2016,16210.00
10/18/2016,15280.00
10/19/2016,14410.00
10/20/2016,13750.00
10/21/2016,13340.00
10/24/2016,13020.00
10/25/2016,13460.00
10/26/2016,14240.00
10/27/2016,15360.00
10/28/2016,16190.00
10/31/2016,17060.00
11/01/2016,18560.00
11/02/2016,19320.00
11/03/2016,22080.00
11/04/2016,22510.00
11/07/2016,18710.00
11/08/2016,18740.00
11/09/2016,14380.00
11/10/2016,14740.00
11/11/2016,14170.00
11/14/2016,14480.00
11/15/2016,13370.00
11/16/2016,13720.00
11/17/2016,13350.00
11/18/2016,12850.00
11/21/2016,12420.00
11/22/2016,12410.00
11/23/2016,12430.00
11/25/2016,12340.00
11/28/2016,13150.00
11/29/2016,12900.00
11/30/2016,13330.00
12/01/2016,14070.00
12/02/2016,14120.00
12/05/2016,12140.00
12/06/2016,11790.00
12/07/2016,12220.00
12/08/2016,12640.00
12/09/2016,11750.00
12/12/2016,12640.00
12/13/2016,12720.00
12/14/2016,13190.00
12/15/2016,12790.00
12/16/2016,12200.00
12/19/2016,11710.00
12/20/2016,11450.00
12/21/2016,11270.00
12/22/2016,11430.00
12/23/2016,11440.00
12/27/2016,11990.00
12/28/2016,12950.00
12/29/2016,13370.00
12/30/2016,14040.00
01/03/2017,12850.00
01/04/2017,11850.00
01/05/2017,11670.00
01/06/2017,11320.00
01/09/2017,11560.00
01/10/2017,11490.00
01/11/2017,11260.00
01/12/2017,11540.00
01/13/2017,11230.00
01/17/2017,11870.00
01/18/2017,12480.00
01/19/2017,12780.00
01/20/2017,11540.00
01/23/2017,11770.00
01/24/2017,11070.00
01/25/2017,10810.00
01/26/2017,10630.00
01/27/2017,10580.00
01/30/2017,11880.00
01/31/2017,11990.00
02/01/2017,11810.00
02/02/2017,11930.00
02/03/2017,10970.00
02/06/2017,11370.00
02/07/2017,11290.00
02/08/2017,11450.00
02/09/2017,10880.00
02/10/2017,10850.00
02/13/2017,11070.00
02/14/2017,10740.00
02/15/2017,11970.00
02/16/2017,11760.00
02/17/2017,11490.00
02/21/2017,11570.00
02/22/2017,11740.00
02/23/2017,11710.00
02/24/2017,11470.00
02/27/2017,12090.00
02/28/2017,12920.00
03/01/2017,12540.00
03/02/2017,11810.00
03/03/2017,10960.00
03/06/2017,11240.00
03/07/2017,11450.00
03/08/2017,11860.00
03/09/2017,12300.00
03/10/2017,11660.00
03/13/2017,11350.00
03/14/2017,12300.00
03/15/2017,11630.00
03/16/2017,11210.00
03/17/2017,11280.00
03/20/2017,11340.00
03/21/2017,12470.00
03/22/2017,12810.00
03/23/2017,13120.00
03/24/2017,12960.00
03/27/2017,12500.00
03/28/2017,11530.00
03/29/2017,11420.00
03/30/2017,11540.00
03/31/2017,12370.00
04/03/2017,12380.00
04/04/2017,11790.00
04/05/2017,12890.00
04/06/2017,12390.00
04/07/2017,12870.00
04/10/2017,14050.00
04/11/2017,15070.00
04/12/2017,15770.00
04/13/2017,15960.00
04/17/2017,14660.00
04/18/2017,14420.00
04/19/2017,14930.00
04/20/2017,14150.00
04/21/2017,14630.00
04/24/2017,10840.00
04/25/2017,10760.00
04/26/2017,10850.00
04/27/2017,10360.00
04/28/2017,10820.00
05/01/2017,10110.00
05/02/2017,10590.00
05/03/2017,10680.00
05/04/2017,10460.00
05/05/2017,10570.00
05/08/2017,9770.00
05/09/2017,9960.00
05/10/2017,10210.00
05/11/2017,10600.00
05/12/2017,10400.00
05/15/2017,10420.00
05/16/2017,10650.00
05/17/2017,15590.00
05/18/2017,14660.00
05/19/2017,12040.00
05/22/2017,10930.00
05/23/2017,10720.00
05/24/2017,10020.00
05/25/2017,9990.00
05/26/2017,9810.00
05/30/2017,10380.00
05/31/2017,10410.00
06/01/2017,9890.00
06/02/2017,9750.00
06/05/2017,10070.00
06/06/2017,10450.00
06/07/2017,10390.00
06/08/2017,10160.00
06/09/2017,10700.00
06/12/2017,11460.00
06/13/2017,10420.00
06/14/2017,10640.00
06/15/2017,10900.00
06/16/2017,10380.00
06/19/2017,10370.00
06/20/2017,10860.00
06/21/2017,10750.00
06/22/2017,10480.00
06/23/2017,10020.00
06/26/2017,9900.00
06/27/2017,11060.00
06/28/2017,10030.00
06/29/2017,11440.00
06/30/2017,11180.00
07/03/2017,11220.00
07/05/2017,11070.00
07/06/2017,12540.00
07/07/2017,11190.00
07/10/2017,11110.00
07/11/2017,10890.00
07/12/2017,10300.00
07/13/2017,9900.00
07/14/2017,9510.00
07/17/2017,9820.00
07/18/2017,9890.00
07/19/2017,9790.00
07/20/2017,9580.00
07/21/2017,9360.00
07/24/2017,9430.00
07/25/2017,9430.00
07/26/2017,9600.00
07/27/2017,10110.00
07/28/2017,10290.00
07/31/2017,10260.00
08/01/2017,10090.00
08/02/2017,10280.00
08/03/2017,10440.00
08/04/2017,10030.00
08/07/2017,9930.00
08/08/2017,10960.00
08/09/2017,11110.00
08/10/2017,16040.00
08/11/2017,15510.00
08/14/2017,12330.00
08/15/2017,12040.00
08/16/2017,11740.00
08/17/2017,15550.00
08/18/2017,14260.00
08/21/2017,13190.00
08/22/2017,11350.00
08/23/2017,12250.00
08/24/2017,12230.00
08/25/2017,11280.00
08/28/2017,11320.00
08/29/2017,11700.00
08/30/2017,11220.00
08/31/2017,10590.00
09/01/2017,10130.00
09/05/2017,12230.00
09/06/2017,11630.00
09/07/2017,11550.00
09/08/2017,12120.00
09/11/2017,10730.00
09/12/2017,10580.00
09/13/2017,10500.00
09/14/2017,10440.00
09/15/2017,10170.00
09/18/2017,10150.00
09/19/2017,10180.00
09/20/2017,9780.00
09/21/2017,9670.00
09/22/2017,9590.00
09/25/2017,10210.00
09/26/2017,10170.00
09/27/2017,9870.00
09/28/2017,9550.00
09/29/2017,9510.00
10/02/2017,9450.00
10/03/2017,9510.00
10/04/2017,9630.00
10/05/2017,9190.00
10/06/2017,9650.00
10/09/2017,10330.00
10/10/2017,10080.00
10/11/2017,9850.00
10/12/2017,9910.00
10/13/2017,9610.00
10/16/2017,9910.00
10/17/2017,10310.00
10/18/2017,10070.00
10/19/2017,10050.00
10/20/2017,9970.00
10/23/2017,11070.00
10/24/2017,11160.00
10/25/2017,11230.00
10/26/2017,11300.00
10/27/2017,9800.00
10/30/2017,10500.00
10/31/2017,10180.00
11/01/2017,10200.00
11/02/2017,9930.00
11/03/2017,9140.00
11/06/2017,9400.00
11/07/2017,9890.00
11/08/2017,9780.00
11/09/2017,10500.00
11/10/2017,11290.00
11/13/2017,11500.00
11/14/2017,11590.00
11/15/2017,13130.00
11/16/2017,11760.00
11/17/2017,11430.00
11/20/2017,10650.00
11/21/2017,9730.00
11/22/2017,9880.00
11/24/2017,9670.00
11/27/2017,9870.00
11/28/2017,10030.00
11/29/2017,10700.00
11/30/2017,11280.00
12/01/2017,11430.00
12/04/2017,11680.00
12/05/2017,11330.00
12/06/2017,11020.00
12/07/2017,10160.00
12/08/2017,9580.00
12/11/2017,9340.00
12/12/2017,9920.00
12/13/2017,10180.00
12/14/2017,10490.00
12/15/2017,9420.00
12/18/2017,9530.00
12/19/2017,10030.00
12/20/2017,9720.00
12/21/2017,9620.00
12/22/2017,9900.00
12/26/2017,10250.00
12/27/2017,10470.00
12/28/2017,10180.00
12/29/2017,11040.00
01/02/2018,9770.00
01/03/2018,9150.00
01/04/2018,9220.00
01/05/2018,9220.00
01/08/2018,9520.00
01/09/2018,10080.00
01/10/2018,9820.00
01/11/2018,9880.00
01/12/2018,10160.00
01/16/2018,11660.00
01/17/2018,11910.00
01/18/2018,12220.00
01/19/2018,11270.00
01/22/2018,11030.00
01/23/2018,11100.00
01/24/2018,11470.00
01/25/2018,11580.00
01/26/2018,11080.00
01/29/2018,13840.00
01/30/2018,14790.00
01/31/2018,13540.00
02/01/2018,13470.00
02/02/2018,17310.00
02/05/2018,37320.00
02/06/2018,29980.00
02/07/2018,27730.00
02/08/2018,33460.00
02/09/2018,29060.00
02/12/2018,25610.00
02/13/2018,24970.00
02/14/2018,19260.00
02/15/2018,19130.00
02/16/2018,19460.00
02/20/2018,20600.00
02/21/2018,20020.00
02/22/2018,18720.00
02/23/2018,16490.00
02/26/2018,15800.00
02/27/2018,18590.00
02/28/2018,19850.00
03/01/2018,22470.00
03/02/2018,19590.00
03/05/2018,18730.00
03/06/2018,18360.00
03/07/2018,17760.00
03/08/2018,16540.00
03/09/2018,14640.00
03/12/2018,15780.00
03/13/2018,16350.00
03/14/2018,17230.00
03/15/2018,16590.00
03/16/2018,15800.00
03/19/2018,19020.00
03/20/2018,18200.00
03/21/2018,17860.00
03/22/2018,23340.00
03/23/2018,24870.00
03/26/2018,21030.00
03/27/2018,22500.00
03/28/2018,22870.00
03/29/2018,19970.00
04/02/2018,23620.00
04/03/2018,21100.00
04/04/2018,20060.00
04/05/2018,18940.00
04/06/2018,21490.00
04/09/2018,21770.00
04/10/2018,20470.00
04/11/2018,20240.00
04/12/2018,18490.00
04/13/2018,17410.00
04/16/2018,16560.00
04/17/2018,15250.00
04/18/2018,15600.00
04/19/2018,15960.00
04/20/2018,16880.00
04/23/2018,16340.00
04/24/2018,18020.00
04/25/2018,17840.00
04/26/2018,16240.00
04/27/2018,15410.00
04/30/2018,15930.00
05/01/2018,15490.00
05/02/2018,15970.00
05/03/2018,15900.00
05/04/2018,14770.00
05/07/2018,14750.00
05/08/2018,14710.00
05/09/2018,13420.00
05/10/2018,13230.00
05/11/2018,12650.00
05/14/2018,12930.00
05/15/2018,14630.00
05/16/2018,13420.00
05/17/2018,13430.00
05/18/2018,13420.00
05/21/2018,13080.00
05/22/2018,13220.00
05/23/2018,12580.00
05/24/2018,12530.00
05/25/2018,13220.00
05/29/2018,17020.00
05/30/2018,14940.00
05/31/2018,15430.00
06/01/2018,13460.00
06/04/2018,12740.00
06/05/2018,12400.00
06/06/2018,11640.00
06/07/2018,12130.00
06/08/2018,12180.00
06/11/2018,12350.00
06/12/2018,12340.00
06/13/2018,12940.00
06/14/2018,12120.00
06/15/2018,11980.00
06/18/2018,12310.00
06/19/2018,13350.00
06/20/2018,12790.00
06/21/2018,14640.00
06/22/2018,13770.00
06/25/2018,17330.00
06/26/2018,15920.00
06/27/2018,17910.00
06/28/2018,16850.00
06/29/2018,16090.00
07/02/2018,15600.00
07/03/2018,16140.00
07/05/2018,14970.00
07/06/2018,13370.00
07/09/2018,12690.00
07/10/2018,12640.00
07/11/2018,13630.00
07/12/2018,12580.00
07/13/2018,12180.00
07/16/2018,12830.00
07/17/2018,12060.00
07/18/2018,12100.00
07/19/2018,12870.00
07/20/2018,12860.00
07/23/2018,12620.00
07/24/2018,12410.00
07/25/2018,12290.00
07/26/2018,12140.00
07/27/2018,13030.00
07/30/2018,14260.00
07/31/2018,12830.00
08/01/2018,13150.00
08/02/2018,12190.00
08/03/2018,11640.00
08/06/2018,11270.00
08/07/2018,10930.00
08/08/2018,10850.00
08/09/2018,11270.00
08/10/2018,13160.00
08/13/2018,14780.00
08/14/2018,13310.00
08/15/2018,14640.00
08/16/2018,13450.00
08/17/2018,12640.00
08/20/2018,12490.00
08/21/2018,12860.00
08/22/2018,12250.00
08/23/2018,12410.00
08/24/2018,11990.00
08/27/2018,12160.00
08/28/2018,12500.00
08/29/2018,12250.00
08/30/2018,13530.00
08/31/2018,12860.00
09/04/2018,13160.00
09/05/2018,13910.00
09/06/2018,14650.00
09/07/2018,14880.00
09/10/2018,14160.00
09/11/2018,13220.00
09/12/2018,13140.00
09/13/2018,12370.00
09/14/2018,12070.00
09/17/2018,13680.00
09/18/2018,12790.00
09/19/2018,11750.00
09/20/2018,11800.00
09/21/2018,11680.00
09/24/2018,12200.00
09/25/2018,12420.00
09/26/2018,12890.00
09/27/2018,12410.00
09/28/2018,12120.00
10/01/2018,12.00
10/02/2018,12050.00
10/03/2018,11610.00
10/04/2018,14220.00
10/05/2018,14820.00
10/08/2018,15690.00
10/09/2018,15950.00
10/10/2018,22960.00
10/11/2018,24980.00
10/12/2018,21310.00
10/15/2018,21300.00
10/16/2018,17620.00
10/17/2018,17400.00
10/18/2018,20060.00
10/19/2018,19890.00
10/22/2018,19640.00
10/23/2018,20710.00
10/24/2018,25230.00
10/25/2018,24220.00
10/26/2018,24160.00
10/29/2018,24700.00
10/30/2018,23350.00
10/31/2018,21230.00
11/01/2018,19340.00
11/02/2018,19510.00
11/05/2018,19960.00
11/06/2018,19910.00
11/07/2018,16360.00
11/08/2018,16720.00
11/09/2018,17360.00
11/12/2018,20450.00
11/13/2018,20020.00
11/14/2018,21250.00
11/15/2018,19980.00
11/16/2018,18140.00
11/19/2018,20100.00
11/20/2018,22480.00
11/21/2018,20800.00
11/23/2018,21520.00
11/26/2018,18900.00
11/27/2018,19020.00
11/28/2018,18490.00
11/29/2018,18790.00
11/30/2018,18070.00
12/03/2018,16440.00
12/04/2018,20740.00
12/06/2018,21190.00
12/07/2018,23230.00
12/10/2018,22640.00
12/11/2018,21760.00
12/12/2018,21460.00
12/13/2018,20650.00
12/14/2018,21630.00
12/17/2018,24520.00
12/18/2018,25580.00
12/19/2018,25580.00
12/20/2018,28380.00
12/21/2018,30110.00
12/24/2018,36070.00
12/26/2018,30410.00
12/27/2018,29960.00
12/28/2018,28340.00
12/31/2018,25420.00
01/02/2019,23220.00
01/03/2019,25450.00
01/04/2019,21380.00
01/07/2019,21400.00
01/08/2019,20470.00
01/09/2019,19980.00
01/10/2019,19500.00
01/11/2019,18190.00
01/14/2019,19070.00
01/15/2019,18600.00
01/16/2019,19040.00
01/17/2019,18060.00
01/18/2019,17800.00
01/22/2019,20800.00
01/23/2019,19520.00
01/24/2019,18890.00
01/25/2019,17420.00
01/28/2019,18870.00
01/29/2019,19130.00
01/30/2019,17660.00
01/31/2019,16570.00
02/01/2019,16140.00
02/04/2019,15730.00
02/05/2019,15570.00
02/06/2019,15380.00
02/07/2019,16370.00
02/08/2019,15720.00
02/11/2019,15970.00
02/12/2019,15430.00
02/13/2019,15650.00
02/14/2019,16220.00
02/15/2019,14910.00
02/19/2019,14880.00
02/20/2019,14020.00
02/21/2019,14460.00
02/22/2019,13510.00
02/25/2019,14850.00
02/26/2019,15170.00
02/27/2019,14700.00
02/28/2019,14780.00
03/01/2019,13570.00
03/04/2019,14630.00
03/05/2019,14740.00
03/06/2019,15740.00
03/07/2019,16590.00
03/08/2019,16050.00
03/11/2019,14330.00
03/12/2019,13770.00
03/13/2019,13410.00
03/14/2019,13500.00
03/15/2019,12880.00
03/18/2019,13100.00
03/19/2019,13560.00
03/20/2019,13910.00
03/21/2019,13630.00
03/22/2019,16480.00
03/25/2019,16330.00
03/26/2019,14680.00
03/27/2019,15150.00
03/28/2019,14430.00
03/29/2019,13710.00
04/01/2019,13400.00
04/02/2019,13360.00
04/03/2019,13740.00
04/04/2019,13580.00
04/05/2019,12820.00
04/08/2019,13180.00
04/09/2019,14280.00
04/10/2019,13300.00
04/11/2019,13020.00
04/12/2019,12010.00
04/15/2019,12320.00
04/16/2019,12180.00
04/17/2019,12600.00
04/18/2019,12090.00
04/22/2019,12420.00
04/23/2019,12280.00
04/24/2019,13140.00
04/25/2019,13250.00
04/26/2019,12730.00
04/29/2019,13110.00
04/30/2019,13120.00
05/01/2019,14800.00
05/02/2019,14420.00
05/03/2019,12870.00
05/06/2019,15440.00
05/07/2019,19320.00
05/08/2019,19400.00
05/09/2019,19100.00
05/10/2019,16040.00
05/13/2019,20550.00
05/14/2019,18060.00
05/15/2019,16440.00
05/16/2019,15290.00
05/17/2019,15960.00
05/20/2019,16310.00
05/21/2019,14950.00
05/22/2019,14750.00
05/23/2019,16920.00
05/24/2019,15850.00
05/28/2019,17500.00
05/29/2019,17900.00
05/30/2019,17300.00
05/31/2019,18710.00
06/03/2019,18860.00
06/04/2019,16970.00
06/05/2019,16090.00
06/06/2019,15930.00
06/07/2019,16300.00
06/10/2019,15940.00
06/11/2019,15990.00
06/12/2019,15910.00
06/13/2019,15820.00
06/14/2019,15280.00
06/17/2019,15350.00
06/18/2019,15150.00
06/19/2019,14330.00
06/20/2019,14750.00
06/21/2019,15400.00
06/24/2019,15260.00
06/25/2019,16280.00
06/26/2019,16210.00
06/27/2019,15820.00
06/28/2019,15080.00
07/01/2019,14060.00
07/02/2019,12930.00
07/03/2019,12570.00
07/05/2019,13280.00
07/08/2019,13960.00
07/09/2019,14090.00
07/10/2019,13030.00
07/11/2019,12930.00
07/12/2019,12390.00
07/15/2019,12680.00
07/16/2019,12860.00
07/17/2019,13970.00
07/18/2019,13530.00
07/19/2019,14450.00
07/22/2019,13530.00
07/23/2019,12610.00
07/24/2019,12070.00
07/25/2019,12740.00
07/26/2019,12160.00
07/29/2019,12830.00
07/30/2019,13940.00
07/31/2019,16120.00
08/01/2019,17870.00
08/02/2019,17610.00
08/05/2019,24590.00
08/06/2019,20170.00
08/07/2019,19490.00
08/08/2019,16910.00
08/09/2019,17970.00
08/12/2019,21090.00
08/13/2019,17520.00
08/14/2019,22100.00
08/15/2019,21180.00
08/16/2019,18470.00
08/19/2019,16880.00
08/20/2019,17500.00
08/21/2019,15800.00
08/22/2019,16680.00
08/23/2019,19870.00
08/26/2019,19320.00
08/27/2019,20310.00
08/28/2019,19350.00
08/29/2019,17880.00
08/30/2019,18980.00
09/03/2019,19660.00
09/04/2019,17330.00
09/05/2019,16270.00
09/06/2019,15.00
09/09/2019,15270.00
09/10/2019,15200.00
09/11/2019,14610.00
09/12/2019,14220.00
09/13/2019,13740.00
09/16/2019,14670.00
09/17/2019,14440.00
09/18/2019,13950.00
09/19/2019,14050.00
09/20/2019,15320.00
09/23/2019,14910.00
09/24/2019,17050.00
09/25/2019,15960.00
09/26/2019,16070.00
09/27/2019,17220.00
09/30/2019,16240.00
10/01/2019,18560.00
10/02/2019,20560.00
10/03/2019,19120.00
10/04/2019,17040.00
10/07/2019,17860.00
10/08/2019,20280.00
10/09/2019,18640.00
10/10/2019,17570.00
10/11/2019,15580.00
10/14/2019,14570.00
10/15/2019,13540.00
10/16/2019,13680.00
10/17/2019,13790.00
10/18/2019,14250.00
10/21/2019,14.00
10/22/2019,14460.00
10/23/2019,14010.00
10/24/2019,13710.00
10/25/2019,12650.00
10/28/2019,13110.00
10/29/2019,13200.00
10/30/2019,12330.00
10/31/2019,13220.00
11/01/2019,12300.00
11/04/2019,12830.00
11/05/2019,13100.00
11/06/2019,12620.00
11/07/2019,12730.00
11/08/2019,12070.00
11/11/2019,12690.00
11/12/2019,12680.00
11/13/2019,13.00
11/14/2019,13050.00
11/15/2019,12050.00
11/18/2019,12460.00
11/19/2019,12860.00
11/20/2019,12780.00
11/21/2019,13130.00
11/22/2019,12340.00
11/25/2019,11870.00
11/26/2019,11540.00
11/27/2019,11750.00
11/29/2019,12620.00
12/02/2019,14910.00
12/03/2019,15960.00
12/04/2019,14800.00
12/05/2019,14520.00
12/06/2019,13620.00
12/09/2019,15860.00
12/10/2019,15680.00
12/11/2019,14990.00
12/12/2019,13940.00
12/13/2019,12630.00
12/16/2019,12140.00
12/17/2019,12290.00
12/18/2019,12580.00
12/19/2019,12500.00
12/20/2019,12510.00
12/23/2019,12610.00
12/24/2019,12670.00
12/26/2019,12650.00
12/27/2019,13430.00
12/30/2019,14820.00
12/31/2019,13780.00
01/02/2020,12470.00
01/03/2020,14020.00
01/06/2020,13850.00
01/07/2020,13790.00
01/08/2020,13450.00
01/09/2020,12540.00
01/10/2020,12560.00
01/13/2020,12320.00
01/14/2020,12390.00
01/15/2020,12420.00
01/16/2020,12320.00
01/17/2020,12100.00
01/21/2020,12850.00
01/22/2020,12910.00
01/23/2020,12980.00
01/24/2020,14560.00
01/27/2020,18230.00
01/28/2020,16280.00
01/29/2020,16390.00
01/30/2020,15490.00
01/31/2020,18840.00
02/03/2020,17970.00
02/04/2020,16050.00
02/05/2020,15150.00
02/06/2020,14960.00
02/07/2020,15470.00
02/10/2020,15040.00
02/11/2020,15180.00
02/12/2020,13740.00
02/13/2020,14150.00
02/14/2020,13680.00
02/18/2020,14830.00
02/19/2020,14380.00
02/20/2020,15560.00
02/21/2020,17080.00
02/24/2020,25030.00
02/25/2020,27850.00
02/26/2020,27560.00
02/27/2020,39160.00
02/28/2020,40110.00
03/02/2020,33420.00
03/03/2020,36820.00
03/04/2020,31990.00
03/05/2020,39620.00
03/06/2020,41940.00
03/09/2020,54460.00
03/10/2020,47300.00
03/11/2020,53900.00
03/12/2020,75470.00
03/13/2020,57830.00
03/16/2020,82690.00
03/17/2020,75910.00
03/18/2020,76450.00
03/19/2020,72.00
03/20/2020,66040.00
03/23/2020,61590.00
03/24/2020,61670.00
03/25/2020,63950.00
03/26/2020,61.00
03/27/2020,65540.00
03/30/2020,57080.00
03/31/2020,53540.00
04/01/2020,57060.00
04/02/2020,50910.00
04/03/2020,46800.00
04/06/2020,45240.00
04/07/2020,46700.00
04/08/2020,43350.00
04/09/2020,41670.00
04/13/2020,41170.00
04/14/2020,37760.00
04/15/2020,40840.00
04/16/2020,40110.00
04/17/2020,38150.00
04/20/2020,43830.00
04/21/2020,45410.00
04/22/2020,41980.00
04/23/2020,41380.00
04/24/2020,35930.00
04/27/2020,33290.00
04/28/2020,33570.00
04/29/2020,31230.00
04/30/2020,34150.00
05/01/2020,37190.00
05/04/2020,35970.00
05/05/2020,33610.00
05/06/2020,34120.00
05/07/2020,31440.00
05/08/2020,27980.00
05/11/2020,27570.00
05/12/2020,33040.00
05/13/2020,35280.00
05/14/2020,32610.00
05/15/2020,31890.00
05/18/2020,29300.00
05/19/2020,30530.00
05/20/2020,27990.00
05/21/2020,29530.00
05/22/2020,28160.00
05/26/2020,28010.00
05/27/2020,27620.00
05/28/2020,28590.00
05/29/2020,27510.00
06/01/2020,28230.00
06/02/2020,26840.00
06/03/2020,25660.00
06/04/2020,25810.00
06/05/2020,24520.00
06/08/2020,25810.00
06/09/2020,27570.00
06/10/2020,27570.00
06/11/2020,40790.00
06/12/2020,36090.00
06/15/2020,34400.00
06/16/2020,33670.00
06/17/2020,33470.00
06/18/2020,32940.00
06/19/2020,35120.00
06/22/2020,31770.00
06/23/2020,31370.00
06/24/2020,33840.00
06/25/2020,32220.00
06/26/2020,34730.00
06/29/2020,31780.00
06/30/2020,30430.00
07/01/2020,28620.00
07/02/2020,27680.00
07/06/2020,27940.00
07/07/2020,29430.00
07/08/2020,28080.00
07/09/2020,29260.00
07/10/2020,27290.00
07/13/2020,32190.00
07/14/2020,29520.00
07/15/2020,27760.00
07/16/2020,28.00
07/17/2020,25680.00
07/20/2020,24460.00
07/21/2020,24840.00
07/22/2020,24320.00
07/23/2020,26080.00
07/24/2020,25840.00
07/27/2020,24740.00
07/28/2020,25440.00
07/29/2020,24100.00
07/30/2020,24760.00
07/31/2020,24460.00
08/03/2020,24280.00
08/04/2020,23760.00
08/05/2020,22990.00
08/06/2020,22650.00
08/07/2020,22210.00
08/10/2020,22130.00
08/11/2020,24030.00
08/12/2020,22280.00
08/13/2020,22130.00
08/14/2020,22050.00
08/17/2020,21350.00
08/18/2020,21510.00
08/19/2020,22540.00
08/20/2020,22720.00
08/21/2020,22540.00
08/24/2020,22370.00
08/25/2020,22030.00
08/26/2020,23270.00
08/27/2020,24470.00
08/28/2020,22960.00
08/31/2020,26410.00
09/01/2020,26120.00
09/02/2020,26570.00
09/03/2020,33600.00
09/04/2020,30750.00
09/08/2020,31460.00
09/09/2020,28810.00
09/10/2020,29710.00
09/11/2020,26870.00
09/14/2020,25850.00
09/15/2020,25590.00
09/16/2020,26040.00
09/17/2020,26460.00
09/18/2020,25830.00
09/21/2020,27780.00
09/22/2020,26860.00
09/23/2020,28580.00
09/24/2020,28510.00
09/25/2020,26380.00
09/28/2020,26190.00
09/29/2020,26270.00
09/30/2020,26370.00
10/01/2020,26700.00
10/02/2020,27630.00
10/05/2020,27960.00
10/06/2020,29480.00
10/07/2020,28060.00
10/08/2020,26360.00
10/09/2020,25.00
10/12/2020,25070.00
10/13/2020,26070.00
10/14/2020,26400.00
10/15/2020,26970.00
10/16/2020,27410.00
10/19/2020,29180.00
10/20/2020,29350.00
10/21/2020,28650.00
10/22/2020,28110.00
10/23/2020,27550.00
10/26/2020,32460.00
10/27/2020,33350.00
10/28/2020,40280.00
10/29/2020,37590.00
10/30/2020,38020.00
11/02/2020,37130.00
11/03/2020,35550.00
11/04/2020,29570.00
11/05/2020,27580.00
11/06/2020,24860.00
11/09/2020,25750.00
11/10/2020,24800.00
11/11/2020,23450.00
11/12/2020,25350.00
11/13/2020,23100.00
11/16/2020,22450.00
11/17/2020,22710.00
11/18/2020,23840.00
11/19/2020,23110.00
11/20/2020,23700.00
11/23/2020,22660.00
11/24/2020,21640.00
11/25/2020,21250.00
11/27/2020,20840.00
11/30/2020,20570.00
12/01/2020,20770.00
12/02/2020,21170.00
12/03/2020,21280.00
12/04/2020,20790.00
12/07/2020,21300.00
12/08/2020,20680.00
12/09/2020,22270.00
12/10/2020,22520.00
12/11/2020,23310.00
12/14/2020,24720.00
12/15/2020,22890.00
12/16/2020,22500.00
12/17/2020,21930.00
12/18/2020,21570.00
12/21/2020,25160.00
12/22/2020,24230.00
12/23/2020,23310.00
12/24/2020,21530.00
12/28/2020,21700.00
12/29/2020,23080.00
12/30/2020,22770.00
12/31/2020,22750.00
01/04/2021,26970.00
01/05/2021,25340.00
01/06/2021,25070.00
01/07/2021,22370.00
01/08/2021,21560.00
01/11/2021,24080.00
01/12/2021,23330.00
01/13/2021,22210.00
01/14/2021,23250.00
01/15/2021,24340.00
01/19/2021,23240.00
01/20/2021,21580.00
01/21/2021,21320.00
01/22/2021,21910.00
01/25/2021,23190.00
01/26/2021,23020.00
01/27/2021,37210.00
01/28/2021,30210.00
01/29/2021,33090.00
02/01/2021,30240.00
02/02/2021,25560.00
02/03/2021,22910.00
02/04/2021,21770.00
02/05/2021,20870.00
02/08/2021,21240.00
02/09/2021,21630.00
02/10/2021,21990.00
02/11/2021,21250.00
02/12/2021,19970.00
02/16/2021,21460.00
02/17/2021,21500.00
02/18/2021,22490.00
02/19/2021,22050.00
02/22/2021,23450.00
02/23/2021,23110.00
02/24/2021,21340.00
02/25/2021,28890.00
02/26/2021,27950.00
03/01/2021,23350.00
03/02/2021,24100.00
03/03/2021,26670.00
03/04/2021,28570.00
03/05/2021,24660.00
03/08/2021,25470.00
03/09/2021,24030.00
03/10/2021,22560.00
03/11/2021,21910.00
03/12/2021,20690.00
03/15/2021,20030.00
03/16/2021,19790.00
03/17/2021,19230.00
03/18/2021,21580.00
03/19/2021,20950.00
03/22/2021,18880.00
03/23/2021,20300.00
03/24/2021,21200.00
03/25/2021,19810.00
03/26/2021,18860.00
03/29/2021,20740.00
03/30/2021,19610.00
03/31/2021,19400.00
04/01/2021,17330.00
04/05/2021,17910.00
04/06/2021,18120.00
04/07/2021,17160.00
04/08/2021,16950.00
04/09/2021,16690.00
04/12/2021,16910.00
04/13/2021,16650.00
04/14/2021,16990.00
04/15/2021,16570.00
04/16/2021,16250.00
04/19/2021,17290.00
04/20/2021,18680.00
04/21/2021,17500.00
04/22/2021,18710.00
04/23/2021,17330.00
04/26/2021,17640.00
04/27/2021,17560.00
04/28/2021,17280.00
04/29/2021,17610.00
04/30/2021,18610.00
05/03/2021,18310.00
05/04/2021,19480.00
05/05/2021,19150.00
05/06/2021,18390.00
05/07/2021,16690.00
05/10/2021,19660.00
05/11/2021,21840.00
05/12/2021,27590.00
05/13/2021,23130.00
05/14/2021,18810.00
05/17/2021,19720.00
05/18/2021,21340.00
05/19/2021,22180.00
05/20/2021,20670.00
05/21/2021,20150.00
05/24/2021,18400.00
05/25/2021,18840.00
05/26/2021,17360.00
05/27/2021,16740.00
05/28/2021,16760.00
06/01/2021,17900.00
06/02/2021,17480.00
06/03/2021,18040.00
06/04/2021,16420.00
06/07/2021,16420.00
06/08/2021,17070.00
06/09/2021,17890.00
06/10/2021,16100.00
06/11/2021,15650.00
06/14/2021,16390.00
06/15/2021,17020.00
06/16/2021,18150.00
06/17/2021,17750.00
06/18/2021,20700.00
06/21/2021,17890.00
06/22/2021,16660.00
06/23/2021,16320.00
06/24/2021,15970.00
06/25/2021,15620.00
06/28/2021,15760.00
06/29/2021,16020.00
06/30/2021,15830.00
07/01/2021,15480.00
07/02/2021,15070.00
07/06/2021,16440.00
07/07/2021,16200.00
07/08/2021,19.00
07/09/2021,16180.00
07/12/2021,16170.00
07/13/2021,17120.00
07/14/2021,16330.00
07/15/2021,17010.00
07/16/2021,18450.00
07/19/2021,22500.00
07/20/2021,19730.00
07/21/2021,17910.00
07/22/2021,17690.00
07/23/2021,17200.00
07/26/2021,17580.00
07/27/2021,19360.00
07/28/2021,18310.00
07/29/2021,17700.00
07/30/2021,18240.00
08/02/2021,19460.00
08/03/2021,18040.00
08/04/2021,17970.00
08/05/2021,17280.00
08/06/2021,16150.00
08/09/2021,16720.00
08/10/2021,16790.00
08/11/2021,16060.00
08/12/2021,15590.00
08/13/2021,15450.00
08/16/2021,16120.00
08/17/2021,17910.00
08/18/2021,21570.00
08/19/2021,21670.00
08/20/2021,18560.00
08/23/2021,17150.00
08/24/2021,17220.00
08/25/2021,16790.00
08/26/2021,18840.00
08/27/2021,16390.00
08/30/2021,16190.00
08/31/2021,16480.00
09/01/2021,16110.00
09/02/2021,16410.00
09/03/2021,16410.00
09/07/2021,18140.00
09/08/2021,17960.00
09/09/2021,18800.00
09/10/2021,20950.00
09/13/2021,19370.00
09/14/2021,19460.00
09/15/2021,18180.00
09/16/2021,18690.00
09/17/2021,20810.00
09/20/2021,25710.00
09/21/2021,24360.00
09/22/2021,20870.00
09/23/2021,18630.00
09/24/2021,17750.00
09/27/2021,18760.00
09/28/2021,23250.00
09/29/2021,22560.00
09/30/2021,23140.00
10/01/2021,21150.00
10/04/2021,22960.00
10/05/2021,21300.00
10/06/2021,21.00
10/07/2021,19540.00
10/08/2021,18770.00
10/11/2021,20.00
10/12/2021,19850.00
10/13/2021,18640.00
10/14/2021,16860.00
10/15/2021,16300.00
10/18/2021,16310.00
10/19/2021,15700.00
10/20/2021,15490.00
10/21/2021,15010.00
10/22/2021,15430.00
10/25/2021,15240.00
10/26/2021,15980.00
10/27/2021,16980.00
10/28/2021,16530.00
10/29/2021,16260.00
11/01/2021,16410.00
11/02/2021,16030.00
11/03/2021,15100.00
11/04/2021,15440.00
11/05/2021,16480.00
11/08/2021,17220.00
11/09/2021,17780.00
11/10/2021,18730.00
11/11/2021,17660.00
11/12/2021,16290.00
11/15/2021,16490.00
11/16/2021,16370.00
11/17/2021,17110.00
11/18/2021,17590.00
11/19/2021,17910.00
11/22/2021,19170.00
11/23/2021,19380.00
11/24/2021,18580.00
11/26/2021,28620.00
11/29/2021,22960.00
11/30/2021,27190.00
12/01/2021,31120.00
12/02/2021,27950.00
12/03/2021,30670.00
12/06/2021,27180.00
12/07/2021,21890.00
12/08/2021,19900.00
12/09/2021,21580.00
12/10/2021,18690.00
12/13/2021,20310.00
12/14/2021,21890.00
12/15/2021,19290.00
12/16/2021,20570.00
12/17/2021,21570.00
12/20/2021,22870.00
12/21/2021,21010.00
12/22/2021,18630.00
12/23/2021,17960.00
12/27/2021,17680.00
12/28/2021,17540.00
12/29/2021,16950.00
12/30/2021,17330.00
12/31/2021,17220.00
01/03/2022,16600.00
01/04/2022,16910.00
01/05/2022,19730.00
01/06/2022,19610.00
01/07/2022,18760.00
01/10/2022,19400.00
01/11/2022,18410.00
01/12/2022,17620.00
01/13/2022,20310.00
01/14/2022,19190.00
01/18/2022,22790.00
01/19/2022,23850.00
01/20/2022,25590.00
01/21/2022,28850.00
01/24/2022,29900.00
01/25/2022,31160.00
01/26/2022,31960.00
01/27/2022,30490.00
01/28/2022,27660.00
01/31/2022,24830.00
02/01/2022,21960.00
02/02/2022,22090.00
02/03/2022,24350.00
02/04/2022,23220.00
02/07/2022,22860.00
02/08/2022,21440.00
02/09/2022,19960.00
02/10/2022,23910.00
02/11/2022,27360.00
02/14/2022,28330.00
02/15/2022,25700.00
02/16/2022,24290.00
02/17/2022,28110.00
02/18/2022,27750.00
02/22/2022,28810.00
02/23/2022,31020.00
02/24/2022,30320.00
02/25/2022,27590.00
02/28/2022,30150.00
03/01/2022,33320.00
03/02/2022,30740.00
03/03/2022,30480.00
03/04/2022,31980.00
03/07/2022,36450.00
03/08/2022,35130.00
03/09/2022,32450.00
03/10/2022,30230.00
03/11/2022,30750.00
03/14/2022,31770.00
03/15/2022,29830.00
03/16/2022,26670.00
03/17/2022,25670.00
03/18/2022,23870.00
03/21/2022,23530.00
03/22/2022,22940.00
03/23/2022,23570.00
03/24/2022,21670.00
03/25/2022,20810.00
03/28/2022,19630.00
03/29/2022,18900.00
03/30/2022,19330.00
03/31/2022,20560.00
04/01/2022,19630.00
04/04/2022,18570.00
04/05/2022,21030.00
04/06/2022,22100.00
04/07/2022,21550.00
04/08/2022,21160.00
04/11/2022,24370.00
04/12/2022,24260.00
04/13/2022,21820.00
04/14/2022,22700.00
04/18/2022,22170.00
04/19/2022,21370.00
04/20/2022,20320.00
04/21/2022,22680.00
04/22/2022,28210.00
04/25/2022,27020.00
04/26/2022,33520.00
04/27/2022,31600.00
04/28/2022,29990.00
04/29/2022,33400.00
05/02/2022,32340.00
05/03/2022,29250.00
05/04/2022,25420.00
05/05/2022,31200.00
05/06/2022,30190.00
05/09/2022,34750.00
05/10/2022,32990.00
05/11/2022,32560.00
05/12/2022,31770.00
05/13/2022,28870.00
05/16/2022,27470.00
05/17/2022,26100.00
05/18/2022,30960.00
05/19/2022,29350.00
05/20/2022,29430.00
05/23/2022,28480.00
05/24/2022,29450.00
05/25/2022,28370.00
05/26/2022,27500.00
05/27/2022,25720.00
05/30/2022,26540.00
05/31/2022,26190.00
06/01/2022,25690.00
06/02/2022,24720.00
06/03/2022,24790.00
06/06/2022,25070.00
06/07/2022,24020.00
06/08/2022,23960.00
06/09/2022,26090.00
06/10/2022,27750.00
06/13/2022,34020.00
06/14/2022,32690.00
06/15/2022,29620.00
06/16/2022,32950.00
06/17/2022,31130.00
06/20/2022,31030.00
06/21/2022,30190.00
06/22/2022,28950.00
06/23/2022,29050.00
06/24/2022,27230.00
06/27/2022,26950.00
06/28/2022,28360.00
06/29/2022,28160.00
06/30/2022,28710.00
07/01/2022,26700.00
07/04/2022,27530.00
07/05/2022,27540.00
07/06/2022,26730.00
07/07/2022,26080.00
07/08/2022,24640.00
07/11/2022,26170.00
07/12/2022,27290.00
07/13/2022,26820.00
07/14/2022,26400.00
07/15/2022,24230.00
07/18/2022,25300.00
07/19/2022,24500.00
07/20/2022,23880.00
07/21/2022,23110.00
07/22/2022,23030.00
07/25/2022,23360.00
07/26/2022,24690.00
07/27/2022,23240.00
07/28/2022,22330.00
07/29/2022,21330.00
08/01/2022,22840.00
08/02/2022,23930.00
08/03/2022,21950.00
08/04/2022,21440.00
08/05/2022,21150.00
08/08/2022,21290.00
08/09/2022,21770.00
08/10/2022,19740.00
08/11/2022,20200.00
08/12/2022,19530.00
08/15/2022,19950.00
08/16/2022,19690.00
08/17/2022,19900.00
08/18/2022,19560.00
08/19/2022,20600.00
08/22/2022,23800.00
08/23/2022,24110.00
08/24/2022,22820.00
08/25/2022,21780.00
08/26/2022,25560.00
08/29/2022,26210.00
08/30/2022,26210.00
08/31/2022,25870.00
09/01/2022,25560.00
09/02/2022,25470.00
09/05/2022,25990.00
09/06/2022,26910.00
09/07/2022,24640.00
09/08/2022,23610.00
09/09/2022,22790.00
09/12/2022,23870.00
09/13/2022,27270.00
09/14/2022,26160.00
09/15/2022,26270.00
09/16/2022,26300.00
09/19/2022,25760.00
09/20/2022,27160.00
09/21/2022,27990.00
09/22/2022,27350.00
09/23/2022,29920.00
09/26/2022,32260.00
09/27/2022,32600.00
09/28/2022,30180.00
09/29/2022,31840.00
09/30/2022,31620.00
10/03/2022,30100.00
10/04/2022,29070.00
10/05/2022,28550.00
10/06/2022,30520.00
10/07/2022,31360.00
10/10/2022,32450.00
10/11/2022,33630.00
10/12/2022,33570.00
10/13/2022,31940.00
10/14/2022,32020.00
10/17/2022,31370.00
10/18/2022,30500.00
10/19/2022,30760.00
10/20/2022,29980.00
10/21/2022,29690.00
10/24/2022,29850.00
10/25/2022,28460.00
10/26/2022,27280.00
10/27/2022,27390.00
10/28/2022,25750.00
10/31/2022,25880.00
11/01/2022,25810.00
11/02/2022,25860.00
11/03/2022,25300.00
11/04/2022,24550.00
11/07/2022,24350.00
11/08/2022,25540.00
11/09/2022,26090.00
11/10/2022,23530.00
11/11/2022,22520.00
11/14/2022,23730.00
11/15/2022,24540.00
11/16/2022,24110.00
11/17/2022,23930.00
11/18/2022,23120.00
11/21/2022,22360.00
11/22/2022,21290.00
11/23/2022,20350.00
11/24/2022,20420.00
11/25/2022,20500.00
11/28/2022,22210.00
11/29/2022,21890.00
11/30/2022,20580.00
12/01/2022,19840.00
12/02/2022,19060.00
12/05/2022,20750.00
12/06/2022,22170.00
12/07/2022,22680.00
12/08/2022,22290.00
12/09/2022,22830.00
12/12/2022,25.00
12/13/2022,22550.00
12/14/2022,21140.00
12/15/2022,22830.00
12/16/2022,22620.00
12/19/2022,22420.00
12/20/2022,21480.00
12/21/2022,20070.00
12/22/2022,21970.00
12/23/2022,20870.00
12/27/2022,21650.00
12/28/2022,22140.00
12/29/2022,21440.00
12/30/2022,21670.00
01/03/2023,22900.00
01/04/2023,22010.00
01/05/2023,22460.00
01/06/2023,21130.00
01/09/2023,21970.00
01/10/2023,20580.00
01/11/2023,21090.00
01/12/2023,18830.00
01/13/2023,18350.00
01/16/2023,19490.00
01/17/2023,19360.00
01/18/2023,20340.00
01/19/2023,20520.00
01/20/2023,19850.00
01/23/2023,19810.00
01/24/2023,19200.00
01/25/2023,19080.00
01/26/2023,18730.00
01/27/2023,18510.00
01/30/2023,19940.00
01/31/2023,19400.00
02/01/2023,17870.00
02/02/2023,18730.00
02/03/2023,18330.00
02/06/2023,19430.00
02/07/2023,18660.00
02/08/2023,19630.00
02/09/2023,20710.00
02/10/2023,20530.00
02/13/2023,20340.00
02/14/2023,18910.00
02/15/2023,18230.00
02/16/2023,20170.00
02/17/2023,20020.00
02/20/2023,21230.00
02/21/2023,22870.00
02/22/2023,22290.00
02/23/2023,21140.00
02/24/2023,21670.00
02/27/2023,20950.00
02/28/2023,20700.00
03/01/2023,20580.00
03/02/2023,19590.00
03/03/2023,18490.00
03/06/2023,18610.00
03/07/2023,19590.00
03/08/2023,19110.00
03/09/2023,22610.00
03/10/2023,24800.00
03/13/2023,26520.00
03/14/2023,23730.00
03/15/2023,26140.00
03/16/2023,22990.00
03/17/2023,25510.00
03/20/2023,24150.00
03/21/2023,21380.00
03/22/2023,22260.00
03/23/2023,22610.00
03/24/2023,21740.00
03/27/2023,20600.00
03/28/2023,19970.00
03/29/2023,19120.00
03/30/2023,19020.00
03/31/2023,18700.00
04/03/2023,18550.00
04/04/2023,19.00
04/05/2023,19080.00
04/06/2023,18400.00
04/10/2023,18970.00
04/11/2023,19100.00
04/12/2023,19090.00
04/13/2023,17800.00
04/14/2023,17070.00
04/17/2023,16950.00
04/18/2023,16830.00
04/19/2023,16460.00
04/20/2023,17170.00
04/21/2023,16770.00
04/24/2023,16890.00
04/25/2023,18760.00
04/26/2023,18840.00
04/27/2023,17030.00
04/28/2023,15780.00
05/01/2023,16080.00
05/02/2023,17780.00
05/03/2023,18340.00
05/04/2023,20090.00
05/05/2023,17190.00
05/08/2023,16980.00
05/09/2023,17710.00
05/10/2023,16940.00
05/11/2023,16930.00
05/12/2023,17030.00
05/15/2023,17120.00
05/16/2023,17990.00
05/17/2023,16870.00
05/18/2023,16050.00
05/19/2023,16810.00
05/22/2023,17210.00
05/23/2023,18530.00
05/24/2023,20030.00
05/25/2023,19140.00
05/26/2023,17950.00
05/29/2023,17460.00
05/30/2023,17460.00
05/31/2023,17940.00
06/01/2023,15650.00
06/02/2023,14600.00
06/05/2023,14730.00
06/06/2023,13960.00
06/07/2023,13940.00
06/08/2023,13650.00
06/09/2023,13830.00
06/12/2023,15010.00
06/13/2023,14610.00
06/14/2023,13880.00
06/15/2023,14500.00
06/16/2023,13540.00
06/19/2023,14190.00
06/20/2023,13880.00
06/21/2023,13200.00
06/22/2023,12910.00
06/23/2023,13440.00
06/26/2023,14250.00
06/27/2023,13740.00
06/28/2023,13430.00
06/29/2023,13540.00
06/30/2023,13590.00
07/03/2023,13570.00
07/04/2023,13700.00
07/05/2023,14180.00
07/06/2023,15440.00
07/07/2023,14830.00
07/10/2023,15070.00
07/11/2023,14840.00
07/12/2023,13540.00
07/13/2023,13610.00
07/14/2023,13340.00
07/17/2023,13480.00
07/18/2023,13300.00
07/19/2023,13760.00
07/20/2023,13990.00
07/21/2023,13600.00
07/24/2023,13910.00
07/25/2023,13860.00
07/26/2023,13190.00
07/27/2023,14410.00
07/28/2023,13330.00
07/31/2023,13630.00
08/01/2023,13930.00
08/02/2023,16090.00
08/03/2023,15920.00
08/04/2023,17100.00
08/07/2023,15770.00
08/08/2023,15990.00
08/09/2023,15960.00
08/10/2023,15850.00
08/11/2023,14840.00
08/14/2023,14820.00
08/15/2023,16460.00
08/16/2023,16780.00
08/17/2023,17890.00
08/18/2023,17300.00
08/21/2023,17130.00
08/22/2023,16970.00
08/23/2023,15980.00
08/24/2023,17200.00
08/25/2023,15680.00
08/28/2023,15080.00
08/29/2023,14450.00
08/30/2023,13880.00
08/31/2023,13570.00
09/01/2023,13090.00
09/04/2023,13820.00
09/05/2023,14010.00
09/06/2023,14450.00
09/07/2023,14400.00
09/08/2023,13840.00
09/11/2023,13800.00
09/12/2023,14230.00
09/13/2023,13480.00
09/14/2023,12820.00
09/15/2023,13790.00
09/18/2023,14.00
09/19/2023,14110.00
09/20/2023,15140.00
09/21/2023,17540.00
09/22/2023,17200.00
09/25/2023,16900.00
09/26/2023,18940.00
09/27/2023,18220.00
09/28/2023,17340.00
09/29/2023,17520.00
10/02/2023,17610.00
10/03/2023,19780.00
10/04/2023,18580.00
10/05/2023,18490.00
10/06/2023,17450.00
10/09/2023,17700.00
10/10/2023,17030.00
10/11/2023,16090.00
10/12/2023,16690.00
10/13/2023,19320.00
10/16/2023,17210.00
10/17/2023,17880.00
10/18/2023,19220.00
10/19/2023,21400.00
10/20/2023,21710.00
10/23/2023,20370.00
10/24/2023,18970.00
10/25/2023,20190.00
10/26/2023,20680.00
10/27/2023,21270.00
10/30/2023,19750.00
10/31/2023,18140.00
11/01/2023,16870.00
11/02/2023,15660.00
11/03/2023,14910.00
11/06/2023,14890.00
11/07/2023,14810.00
11/08/2023,14450.00
11/09/2023,15290.00
11/10/2023,14170.00
11/13/2023,14760.00
11/14/2023,14160.00
11/15/2023,14180.00
11/16/2023,14320.00
11/17/2023,13800.00
11/20/2023,13410.00
11/21/2023,13350.00
11/22/2023,12850.00
11/23/2023,12800.00
11/24/2023,12460.00
11/27/2023,12690.00
11/28/2023,12690.00
11/29/2023,12980.00
11/30/2023,12920.00
12/01/2023,12630.00
12/04/2023,13080.00
12/05/2023,12850.00
12/06/2023,12970.00
12/07/2023,13060.00
12/08/2023,12350.00
12/11/2023,12630.00
12/12/2023,12070.00
12/13/2023,12190.00
12/14/2023,12480.00
12/15/2023,12280.00
12/18/2023,12560.00
12/19/2023,12530.00
12/20/2023,13670.00
12/21/2023,13650.00
12/22/2023,13030.00
12/26/2023,12990.00
12/27/2023,12430.00
12/28/2023,12470.00
12/29/2023,12450.00
01/02/2024,13200.00
01/03/2024,14040.00
01/04/2024,14130.00
01/05/2024,13350.00
01/08/2024,13080.00
01/09/2024,12760.00
01/10/2024,12690.00
01/11/2024,12440.00
01/12/2024,12700.00
01/15/2024,13250.00
01/16/2024,13840.00
01/17/2024,14790.00
01/18/2024,14130.00
01/19/2024,13300.00
01/22/2024,13190.00
01/23/2024,12550.00
01/24/2024,13140.00
01/25/2024,13450.00
01/26/2024,13260.00
01/29/2024,13600.00
01/30/2024,13310.00
01/31/2024,14350.00
02/01/2024,13880.00
02/02/2024,13850.00
02/05/2024,13670.00
02/06/2024,13060.00
02/07/2024,12830.00
02/08/2024,12790.00
02/09/2024,12930.00
02/12/2024,13930.00
02/13/2024,15850.00
02/14/2024,14380.00
02/15/2024,14010.00
02/16/2024,14240.00
02/19/2024,14710.00
02/20/2024,15420.00
02/21/2024,15340.00
02/22/2024,14540.00
02/23/2024,13750.00
02/26/2024,13740.00
02/27/2024,13430.00
02/28/2024,13840.00
02/29/2024,13400.00
03/01/2024,13110.00
03/04/2024,13490.00
03/05/2024,14460.00
03/06/2024,14500.00
03/07/2024,14440.00
03/08/2024,14740.00
03/11/2024,15220.00
03/12/2024,13840.00
03/13/2024,13750.00
03/14/2024,14400.00
03/15/2024,14410.00
03/18/2024,14330.00
03/19/2024,13820.00
03/20/2024,13040.00
03/21/2024,12920.00
03/22/2024,13060.00
03/25/2024,13190.00
03/26/2024,13240.00
03/27/2024,12780.00
03/28/2024,13010.00
04/01/2024,13650.00
04/02/2024,14610.00
04/03/2024,14330.00
04/04/2024,16350.00
04/05/2024,16030.00
04/08/2024,15190.00
04/09/2024,14980.00
04/10/2024,15800.00
04/11/2024,14910.00
04/12/2024,17310.00
04/15/2024,19230.00
04/16/2024,18400.00
04/17/2024,18210.00
04/18/2024,18.00
04/19/2024,18710.00
04/22/2024,16940.00
04/23/2024,15690.00
04/24/2024,15970.00
04/25/2024,15370.00
04/26/2024,15030.00
04/29/2024,14670.00
04/30/2024,15650.00
05/01/2024,15390.00
05/02/2024,14680.00
05/03/2024,13490.00
05/06/2024,13490.00
05/07/2024,13230.00
05/08/2024,13.00
05/09/2024,12690.00
05/10/2024,12550.00
05/13/2024,13600.00
05/14/2024,13420.00
05/15/2024,12450.00
05/16/2024,12420.00
05/17/2024,11990.00
05/20/2024,12150.00
05/21/2024,11860.00
05/22/2024,12290.00
05/23/2024,12770.00
05/24/2024,11930.00
05/27/2024,12360.00
05/28/2024,12920.00
05/29/2024,14280.00
05/30/2024,14470.00
05/31/2024,12920.00
06/03/2024,13110.00
06/04/2024,13160.00
06/05/2024,12630.00
06/06/2024,12580.00
06/07/2024,12220.00
06/10/2024,12740.00
06/11/2024,12850.00
06/12/2024,12040.00
06/13/2024,11940.00
06/14/2024,12660.00
06/17/2024,12750.00
06/18/2024,12300.00
06/19/2024,12480.00
06/20/2024,13280.00
06/21/2024,13200.00
06/24/2024,13330.00
06/25/2024,12840.00
06/26/2024,12550.00
06/27/2024,12240.00
06/28/2024,12440.00
07/01/2024,12220.00
07/02/2024,12030.00
07/03/2024,12090.00
07/04/2024,12260.00
07/05/2024,12480.00
07/08/2024,12370.00
07/09/2024,12510.00
07/10/2024,12850.00
07/11/2024,12920.00
07/12/2024,12460.00
07/15/2024,13120.00
07/16/2024,13190.00
07/17/2024,14480.00
07/18/2024,15930.00
07/19/2024,16520.00
07/22/2024,14910.00
07/23/2024,14720.00
07/24/2024,18040.00
07/25/2024,18460.00
07/26/2024,16390.00
07/29/2024,16600.00
07/30/2024,17690.00
07/31/2024,16360.00
08/01/2024,18590.00
08/02/2024,23390.00
08/05/2024,38570.00
08/06/2024,27710.00
08/07/2024,27850.00
08/08/2024,23790.00
08/09/2024,20370.00
08/12/2024,20710.00
08/13/2024,18120.00
08/14/2024,16190.00
08/15/2024,15230.00
08/16/2024,14800.00
08/19/2024,14650.00
08/20/2024,15880.00
08/21/2024,16270.00
08/22/2024,17550.00
08/23/2024,15860.00
08/26/2024,16150.00
08/27/2024,15430.00
08/28/2024,17110.00
08/29/2024,15650.00
08/30/2024,15.00
09/02/2024,15550.00
09/03/2024,20720.00
09/04/2024,21320.00
09/05/2024,19900.00
09/06/2024,22380.00
09/09/2024,19450.00
09/10/2024,19080.00
09/11/2024,17690.00
09/12/2024,17070.00
09/13/2024,16560.00
09/16/2024,17140.00
09/17/2024,17610.00
09/18/2024,18230.00
09/19/2024,16330.00
09/20/2024,16150.00
09/23/2024,15890.00
09/24/2024,15390.00
09/25/2024,15410.00
09/26/2024,15370.00
09/27/2024,16960.00
09/30/2024,16730.00
10/01/2024,19260.00
10/02/2024,18900.00
10/03/2024,20490.00
10/04/2024,19210.00
10/07/2024,22640.00
10/08/2024,21420.00
10/09/2024,20860.00
10/10/2024,20930.00
10/11/2024,20460.00
10/14/2024,19700.00
10/15/2024,20640.00
10/16/2024,19580.00
10/17/2024,19110.00
10/18/2024,18030.00
10/21/2024,18370.00
10/22/2024,18200.00
10/23/2024,19240.00
10/24/2024,19080.00
10/25/2024,20330.00
10/28/2024,19800.00
10/29/2024,19340.00
10/30/2024,20350.00
10/31/2024,23160.00
11/01/2024,21880.00
11/04/2024,21980.00
11/05/2024,20490.00
11/06/2024,16270.00
11/07/2024,15200.00
11/08/2024,14940.00
11/11/2024,14970.00
11/12/2024,14710.00
11/13/2024,14020.00
11/14/2024,14310.00
11/15/2024,16140.00
11/18/2024,15580.00
11/19/2024,16350.00
11/20/2024,17160.00
11/21/2024,16870.00
11/22/2024,15240.00
11/25/2024,14600.00
11/26/2024,14100.00
11/27/2024,14100.00
11/28/2024,13900.00
11/29/2024,13510.00
12/02/2024,13340.00
12/03/2024,13300.00
12/04/2024,13450.00
12/05/2024,13540.00
12/06/2024,12770.00
12/09/2024,14190.00
12/10/2024,14180.00
12/11/2024,13580.00
12/12/2024,13920.00
12/13/2024,13810.00
12/16/2024,14690.00
12/17/2024,15870.00
12/18/2024,27620.00
12/19/2024,24090.00
12/20/2024,18360.00
12/23/2024,16780.00
12/24/2024,14270.00
12/26/2024,14730.00
12/27/2024,15950.00
12/30/2024,17400.00
12/31/2024,17350.00
,
,
,
,
,
,
,
,
,
,
,
,
,
,
,
,
,
,
,
,
,
,
,
,
,
,
,
,
,
,
,
